  0
SECTION
  2
HEADER
  9
$ACADVER
  1
AC1027
  9
$ACADMAINTVER
 70
   125
  9
$DWGCODEPAGE
  3
ANSI_1252
  9
$LASTSAVEDBY
  1
jaswalh
  9
$REQUIREDVERSIONS
160
                 0
  9
$INSBASE
 10
0.0
 20
0.0
 30
0.0
  9
$EXTMIN
 10
0.0
 20
0.0
 30
0.0
  9
$EXTMAX
 10
1200.0
 20
1200.0
 30
0.0
  9
$LIMMIN
 10
0.0
 20
0.0
  9
$LIMMAX
 10
1200.0
 20
1200.0
  9
$ORTHOMODE
 70
     0
  9
$REGENMODE
 70
     1
  9
$FILLMODE
 70
     1
  9
$QTEXTMODE
 70
     0
  9
$MIRRTEXT
 70
     0
  9
$LTSCALE
 40
0.75
  9
$ATTMODE
 70
     1
  9
$TEXTSIZE
 40
3.5
  9
$TRACEWID
 40
1.0
  9
$TEXTSTYLE
  7
Standard
  9
$CLAYER
  8
0
  9
$CELTYPE
  6
ByLayer
  9
$CECOLOR
 62
   256
  9
$CELTSCALE
 40
1.0
  9
$DISPSILH
 70
     0
  9
$DIMSCALE
 40
1.0
  9
$DIMASZ
 40
3.5
  9
$DIMEXO
 40
2.1
  9
$DIMDLI
 40
10.5
  9
$DIMRND
 40
0.0
  9
$DIMDLE
 40
0.0
  9
$DIMEXE
 40
2.1
  9
$DIMTP
 40
0.1
  9
$DIMTM
 40
0.1
  9
$DIMTXT
 40
3.5
  9
$DIMCEN
 40
0.0
  9
$DIMTSZ
 40
0.0
  9
$DIMTOL
 70
     0
  9
$DIMLIM
 70
     0
  9
$DIMTIH
 70
     0
  9
$DIMTOH
 70
     0
  9
$DIMSE1
 70
     0
  9
$DIMSE2
 70
     0
  9
$DIMTAD
 70
     1
  9
$DIMZIN
 70
    12
  9
$DIMBLK
  1

  9
$DIMASO
 70
     1
  9
$DIMSHO
 70
     1
  9
$DIMPOST
  1

  9
$DIMAPOST
  1

  9
$DIMALT
 70
     0
  9
$DIMALTD
 70
     2
  9
$DIMALTF
 40
0.03937
  9
$DIMLFAC
 40
1.0
  9
$DIMTOFL
 70
     1
  9
$DIMTVP
 40
0.0
  9
$DIMTIX
 70
     0
  9
$DIMSOXD
 70
     0
  9
$DIMSAH
 70
     0
  9
$DIMBLK1
  1

  9
$DIMBLK2
  1

  9
$DIMSTYLE
  2
Dim-ISO-25
  9
$DIMCLRD
 70
     0
  9
$DIMCLRE
 70
     0
  9
$DIMCLRT
 70
     0
  9
$DIMTFAC
 40
0.714286
  9
$DIMGAP
 40
1.4
  9
$DIMJUST
 70
     0
  9
$DIMSD1
 70
     0
  9
$DIMSD2
 70
     0
  9
$DIMTOLJ
 70
     0
  9
$DIMTZIN
 70
    12
  9
$DIMALTZ
 70
    12
  9
$DIMALTTZ
 70
    12
  9
$DIMUPT
 70
     0
  9
$DIMDEC
 70
     2
  9
$DIMTDEC
 70
     2
  9
$DIMALTU
 70
     2
  9
$DIMALTTD
 70
     2
  9
$DIMTXSTY
  7
Standard
  9
$DIMAUNIT
 70
     0
  9
$DIMADEC
 70
     2
  9
$DIMALTRND
 40
0.0
  9
$DIMAZIN
 70
     3
  9
$DIMDSEP
 70
    46
  9
$DIMATFIT
 70
     3
  9
$DIMFRAC
 70
     0
  9
$DIMLDRBLK
  1

  9
$DIMLUNIT
 70
     2
  9
$DIMLWD
 70
    -2
  9
$DIMLWE
 70
    -2
  9
$DIMTMOVE
 70
     0
  9
$DIMFXL
 40
1.0
  9
$DIMFXLON
 70
     0
  9
$DIMJOGANG
 40
0.785398
  9
$DIMTFILL
 70
     0
  9
$DIMTFILLCLR
 70
     0
  9
$DIMARCSYM
 70
     0
  9
$DIMLTYPE
  6

  9
$DIMLTEX1
  6

  9
$DIMLTEX2
  6

  9
$DIMTXTDIRECTION
 70
     0
  9
$LUNITS
 70
     2
  9
$LUPREC
 70
     4
  9
$SKETCHINC
 40
1.0
  9
$FILLETRAD
 40
0.0
  9
$AUNITS
 70
     0
  9
$AUPREC
 70
     0
  9
$MENU
  1
.
  9
$ELEVATION
 40
0.0
  9
$PELEVATION
 40
0.0
  9
$THICKNESS
 40
0.0
  9
$LIMCHECK
 70
     0
  9
$CHAMFERA
 40
0.0
  9
$CHAMFERB
 40
0.0
  9
$CHAMFERC
 40
0.0
  9
$CHAMFERD
 40
0.0
  9
$SKPOLY
 70
     0
  9
$TDCREATE
 40
2461028.747407408
  9
$TDUCREATE
 40
2461028.518240741
  9
$TDUPDATE
 40
2461028.747407408
  9
$TDUUPDATE
 40
2461028.518240741
  9
$TDINDWG
 40
0.0000115741
  9
$TDUSRTIMER
 40
0.0000115741
  9
$USRTIMER
 70
     1
  9
$ANGBASE
 50
0.0
  9
$ANGDIR
 70
     0
  9
$PDMODE
 70
     0
  9
$PDSIZE
 40
0.0
  9
$PLINEWID
 40
0.0
  9
$SPLFRAME
 70
     0
  9
$SPLINETYPE
 70
     6
  9
$SPLINESEGS
 70
     8
  9
$HANDSEED
  5
16AF
  9
$SURFTAB1
 70
     6
  9
$SURFTAB2
 70
     6
  9
$SURFTYPE
 70
     6
  9
$SURFU
 70
     6
  9
$SURFV
 70
     6
  9
$UCSBASE
  2

  9
$UCSNAME
  2

  9
$UCSORG
 10
0.0
 20
0.0
 30
0.0
  9
$UCSXDIR
 10
1.0
 20
0.0
 30
0.0
  9
$UCSYDIR
 10
0.0
 20
1.0
 30
0.0
  9
$UCSORTHOREF
  2

  9
$UCSORTHOVIEW
 70
     0
  9
$UCSORGTOP
 10
0.0
 20
0.0
 30
0.0
  9
$UCSORGBOTTOM
 10
0.0
 20
0.0
 30
0.0
  9
$UCSORGLEFT
 10
0.0
 20
0.0
 30
0.0
  9
$UCSORGRIGHT
 10
0.0
 20
0.0
 30
0.0
  9
$UCSORGFRONT
 10
0.0
 20
0.0
 30
0.0
  9
$UCSORGBACK
 10
0.0
 20
0.0
 30
0.0
  9
$PUCSBASE
  2

  9
$PUCSNAME
  2

  9
$PUCSORG
 10
0.0
 20
0.0
 30
0.0
  9
$PUCSXDIR
 10
1.0
 20
0.0
 30
0.0
  9
$PUCSYDIR
 10
0.0
 20
1.0
 30
0.0
  9
$PUCSORTHOREF
  2

  9
$PUCSORTHOVIEW
 70
     0
  9
$PUCSORGTOP
 10
0.0
 20
0.0
 30
0.0
  9
$PUCSORGBOTTOM
 10
0.0
 20
0.0
 30
0.0
  9
$PUCSORGLEFT
 10
0.0
 20
0.0
 30
0.0
  9
$PUCSORGRIGHT
 10
0.0
 20
0.0
 30
0.0
  9
$PUCSORGFRONT
 10
0.0
 20
0.0
 30
0.0
  9
$PUCSORGBACK
 10
0.0
 20
0.0
 30
0.0
  9
$USERI1
 70
     0
  9
$USERI2
 70
     0
  9
$USERI3
 70
     0
  9
$USERI4
 70
     0
  9
$USERI5
 70
     0
  9
$USERR1
 40
0.0
  9
$USERR2
 40
0.0
  9
$USERR3
 40
0.0
  9
$USERR4
 40
0.0
  9
$USERR5
 40
0.0
  9
$WORLDVIEW
 70
     1
  9
$SHADEDGE
 70
     3
  9
$SHADEDIF
 70
    70
  9
$TILEMODE
 70
     1
  9
$MAXACTVP
 70
    64
  9
$PINSBASE
 10
0.0
 20
0.0
 30
0.0
  9
$PLIMCHECK
 70
     0
  9
$PEXTMIN
 10
1.000000E+20
 20
1.000000E+20
 30
1.000000E+20
  9
$PEXTMAX
 10
-1.000000E+20
 20
-1.000000E+20
 30
-1.000000E+20
  9
$PLIMMIN
 10
0.0
 20
0.0
  9
$PLIMMAX
 10
12.0
 20
9.0
  9
$UNITMODE
 70
     0
  9
$VISRETAIN
 70
     1
  9
$PLINEGEN
 70
     0
  9
$PSLTSCALE
 70
     1
  9
$TREEDEPTH
 70
  3020
  9
$CMLSTYLE
  2
Standard
  9
$CMLJUST
 70
     0
  9
$CMLSCALE
 40
20.0
  9
$PROXYGRAPHICS
 70
     1
  9
$MEASUREMENT
 70
     1
  9
$CELWEIGHT
370
    -1
  9
$ENDCAPS
280
     0
  9
$JOINSTYLE
280
     0
  9
$LWDISPLAY
290
     0
  9
$INSUNITS
 70
     4
  9
$HYPERLINKBASE
  1

  9
$STYLESHEET
  1

  9
$XEDIT
290
     1
  9
$CEPSNTYPE
380
     0
  9
$PSTYLEMODE
290
     1
  9
$FINGERPRINTGUID
  2
{377A5E1F-B9FB-F348-A7BA-88AE01C02F2C}
  9
$VERSIONGUID
  2
{9697FA2A-84A9-5845-8890-32CFCAA39FBB}
  9
$EXTNAMES
290
     1
  9
$PSVPSCALE
 40
0.0
  9
$OLESTARTUP
290
     0
  9
$SORTENTS
280
   127
  9
$INDEXCTL
280
     0
  9
$HIDETEXT
280
     1
  9
$XCLIPFRAME
280
     0
  9
$HALOGAP
280
     0
  9
$OBSCOLOR
 70
   257
  9
$OBSLTYPE
280
     0
  9
$INTERSECTIONDISPLAY
280
     0
  9
$INTERSECTIONCOLOR
 70
   257
  9
$DIMASSOC
280
     2
  9
$PROJECTNAME
  1

  9
$CAMERADISPLAY
290
     0
  9
$LENSLENGTH
 40
50.0
  9
$CAMERAHEIGHT
 40
0.0
  9
$STEPSPERSEC
 40
2.0
  9
$STEPSIZE
 40
6.0
  9
$3DDWFPREC
 40
2.0
  9
$PSOLWIDTH
 40
5.0
  9
$PSOLHEIGHT
 40
80.0
  9
$LOFTANG1
 40
1.570796
  9
$LOFTANG2
 40
1.570796
  9
$LOFTMAG1
 40
0.0
  9
$LOFTMAG2
 40
0.0
  9
$LOFTPARAM
 70
     7
  9
$LOFTNORMALS
280
     1
  9
$LATITUDE
 40
37.795
  9
$LONGITUDE
 40
-122.394
  9
$NORTHDIRECTION
 40
0.0
  9
$TIMEZONE
 70
 -8000
  9
$LIGHTGLYPHDISPLAY
280
     1
  9
$TILEMODELIGHTSYNCH
280
     1
  9
$CMATERIAL
347
11
  9
$SOLIDHIST
280
     0
  9
$SHOWHIST
280
     1
  9
$DWFFRAME
280
     2
  9
$DGNFRAME
280
     0
  9
$REALWORLDSCALE
290
     1
  9
$INTERFERECOLOR
 62
     1
  9
$INTERFEREOBJVS
345
33
  9
$INTERFEREVPVS
346
30
  9
$CSHADOW
280
     0
  9
$SHADOWPLANELOCATION
 40
0.0
  0
ENDSEC
  0
SECTION
  2
CLASSES
  0
CLASS
  1
ACDBDICTIONARYWDFLT
  2
AcDbDictionaryWithDefault
  3
ObjectDBX Classes
 90
        0
 91
        1
280
     0
281
     0
  0
CLASS
  1
MATERIAL
  2
AcDbMaterial
  3
ObjectDBX Classes
 90
     1153
 91
        3
280
     0
281
     0
  0
CLASS
  1
VISUALSTYLE
  2
AcDbVisualStyle
  3
ObjectDBX Classes
 90
     4095
 91
       24
280
     0
281
     0
  0
CLASS
  1
SCALE
  2
AcDbScale
  3
ObjectDBX Classes
 90
     1153
 91
       17
280
     0
281
     0
  0
CLASS
  1
TABLESTYLE
  2
AcDbTableStyle
  3
ObjectDBX Classes
 90
     4095
 91
        1
280
     0
281
     0
  0
CLASS
  1
MLEADERSTYLE
  2
AcDbMLeaderStyle
  3
ACDB_MLEADERSTYLE_CLASS
 90
     4095
 91
        1
280
     0
281
     0
  0
CLASS
  1
ACDBSECTIONVIEWSTYLE
  2
AcDbSectionViewStyle
  3
ObjectDBX Classes
 90
     1025
 91
        1
280
     0
281
     0
  0
CLASS
  1
ACDBDETAILVIEWSTYLE
  2
AcDbDetailViewStyle
  3
ObjectDBX Classes
 90
     1025
 91
        1
280
     0
281
     0
  0
CLASS
  1
ACMESCOPE
  2
AcMeScope
  3
AcMeServices
 90
     1024
 91
        1
280
     0
281
     0
  0
CLASS
  1
ACMECOMMANDHISTORY
  2
AcMeCommandHistory
  3
AcMeServices
 90
     1024
 91
        1
280
     0
281
     0
  0
CLASS
  1
ACIMSYSVARMAN
  2
AcImSysVarManager
  3
AcMeServices
 90
     1024
 91
        1
280
     0
281
     0
  0
CLASS
  1
ACIMINTSYSVAR
  2
AcImIntSysVar
  3
AcMeServices
 90
     1024
 91
        1
280
     0
281
     0
  0
CLASS
  1
ACMESTATEMGR
  2
AcMeStateMgr
  3
AcMeServices
 90
     1024
 91
        1
280
     0
281
     0
  0
CLASS
  1
ACGREFMASTER
  2
AcGrefMaster
  3
AcAttribServices
 90
     1024
 91
        1
280
     0
281
     0
  0
CLASS
  1
SORTENTSTABLE
  2
AcDbSortentsTable
  3
ObjectDBX Classes
 90
        0
 91
        3
280
     0
281
     0
  0
CLASS
  1
DICTIONARYVAR
  2
AcDbDictionaryVar
  3
ObjectDBX Classes
 90
        0
 91
        6
280
     0
281
     0
  0
CLASS
  1
CELLSTYLEMAP
  2
AcDbCellStyleMap
  3
ObjectDBX Classes
 90
     1152
 91
        1
280
     0
281
     0
  0
ENDSEC
  0
SECTION
  2
TABLES
  0
TABLE
  2
VPORT
  5
8
330
0
100
AcDbSymbolTable
 70
     1
1001
ACAD
1000
DbSaveVer
1071
      428
  0
VPORT
  5
57
330
8
100
AcDbSymbolTableRecord
100
AcDbViewportTableRecord
  2
*Active
 70
     0
 10
0.0
 20
0.0
 11
1.0
 21
1.0
 12
600.0
 22
600.0
 13
0.0
 23
0.0
 14
0.5
 24
0.5
 15
0.0
 25
0.0
 16
0.0
 26
0.0
 36
1.0
 17
0.0
 27
0.0
 37
0.0
 40
1200.0
 41
2.455243
 42
50.0
 43
0.0
 44
0.0
 50
0.0
 51
0.0
 71
     0
 72
 20000
 73
     1
 74
     0
 75
     0
 76
     0
 77
     0
 78
     0
281
     0
 65
     1
110
0.0
120
0.0
130
0.0
111
1.0
121
0.0
131
0.0
112
0.0
122
1.0
132
0.0
 79
     0
146
0.0
348
2F
 60
     3
 61
     5
292
     1
282
     1
141
0.0
142
0.0
 63
   250
421
  3355443
  0
ENDTAB
  0
TABLE
  2
LTYPE
  5
5
330
0
100
AcDbSymbolTable
 70
    15
  0
LTYPE
  5
5B
330
5
100
AcDbSymbolTableRecord
100
AcDbLinetypeTableRecord
  2
ByBlock
 70
     0
  3

 72
    65
 73
     0
 40
0.0
  0
LTYPE
  5
5C
330
5
100
AcDbSymbolTableRecord
100
AcDbLinetypeTableRecord
  2
ByLayer
 70
     0
  3

 72
    65
 73
     0
 40
0.0
  0
LTYPE
  5
5D
330
5
100
AcDbSymbolTableRecord
100
AcDbLinetypeTableRecord
  2
Continuous
 70
     0
  3
Solid line
 72
    65
 73
     0
 40
0.0
  0
LTYPE
  5
81
330
5
100
AcDbSymbolTableRecord
100
AcDbLinetypeTableRecord
  2
HIDDEN
 70
     0
  3
Hidden __ __ __ __ __ __ __ __ __ __ __ __ __ _
 72
    65
 73
     2
 40
9.525
 49
6.35
 74
     0
 49
-3.175
 74
     0
  0
LTYPE
  5
82
330
5
100
AcDbSymbolTableRecord
100
AcDbLinetypeTableRecord
  2
PHANTOM2
 70
     0
  3
Phantom (.5x) ___ _ _ ___ _ _ ___ _ _ ___ _ _
 72
    65
 73
     6
 40
31.75
 49
15.875
 74
     0
 49
-3.175
 74
     0
 49
3.175
 74
     0
 49
-3.175
 74
     0
 49
3.175
 74
     0
 49
-3.175
 74
     0
  0
LTYPE
  5
83
330
5
100
AcDbSymbolTableRecord
100
AcDbLinetypeTableRecord
  2
CENTER
 70
     0
  3
Center ____ _ ____ _ ____ _ ____ _ ____ _ ____
 72
    65
 73
     4
 40
50.8
 49
31.75
 74
     0
 49
-6.35
 74
     0
 49
6.35
 74
     0
 49
-6.35
 74
     0
  0
LTYPE
  5
9E
330
5
100
AcDbSymbolTableRecord
100
AcDbLinetypeTableRecord
  2
CENTER2
 70
     0
  3
Center (.5x) ___ _ ___ _ ___ _ ___ _ ___ _ ___
 72
    65
 73
     4
 40
28.575
 49
19.05
 74
     0
 49
-3.175
 74
     0
 49
3.175
 74
     0
 49
-3.175
 74
     0
  0
LTYPE
  5
9F
330
5
100
AcDbSymbolTableRecord
100
AcDbLinetypeTableRecord
  2
AM_ISO02W050
 70
     0
  3
__ __ __ __ __ __ __ __ __ __ __ __ __ __ __
 72
    65
 73
     2
 40
7.5
 49
6.0
 74
     0
 49
-1.5
 74
     0
  0
LTYPE
  5
A0
330
5
100
AcDbSymbolTableRecord
100
AcDbLinetypeTableRecord
  2
AM_ISO08W050
 70
     0
  3
____ . ____ . ____ . ____ . ____ . ____ . ____
 72
    65
 73
     4
 40
18.0
 49
12.0
 74
     0
 49
-1.5
 74
     0
 49
3.0
 74
     0
 49
-1.5
 74
     0
  0
LTYPE
  5
A1
330
5
100
AcDbSymbolTableRecord
100
AcDbLinetypeTableRecord
  2
AM_ISO09W050
 70
     0
  3
_____ . . _____ . . _____ . . ____ .. ____
 72
    65
 73
     6
 40
22.5
 49
12.0
 74
     0
 49
-1.5
 74
     0
 49
3.0
 74
     0
 49
-1.5
 74
     0
 49
3.0
 74
     0
 49
-1.5
 74
     0
  0
LTYPE
  5
A2
330
5
100
AcDbSymbolTableRecord
100
AcDbLinetypeTableRecord
  2
Amconstr
 70
     0
  3
_______________________
 72
    65
 73
     2
 40
9999.0
 49
9999.0
 74
     0
 49
0.0
 74
     0
  0
LTYPE
  5
A3
330
5
100
AcDbSymbolTableRecord
100
AcDbLinetypeTableRecord
  2
AM_ISO08W050x2
 70
     0
  3
__ . __ . __ . __ . __ . __
 72
    65
 73
     4
 40
9.0
 49
6.0
 74
     0
 49
-0.75
 74
     0
 49
1.5
 74
     0
 49
-0.75
 74
     0
  0
LTYPE
  5
A4
330
5
100
AcDbSymbolTableRecord
100
AcDbLinetypeTableRecord
  2
AM_ISO02W050x2
 70
     0
  3
 _ _ _ _ _ _ _ _ _ _ _ _
 72
    65
 73
     2
 40
3.75
 49
3.0
 74
     0
 49
-0.75
 74
     0
  0
LTYPE
  5
A5
330
5
100
AcDbSymbolTableRecord
100
AcDbLinetypeTableRecord
  2
Amzigzag
 70
     0
  3
/\/-/\/-/\/-/\/-/\/-/\/
 72
    65
 73
     2
 40
11.0001
 49
0.0001
 74
     4
 75
   136
340
9B
 46
0.04
 50
0.0
 44
0.0
 45
0.0
 49
-11.0
 74
     0
  0
LTYPE
  5
A6
330
5
100
AcDbSymbolTableRecord
100
AcDbLinetypeTableRecord
  2
ACISOWELD
 70
     0
  3
_ _ _ _ _
 72
    65
 73
     2
 40
2.0
 49
2.0
 74
     0
 49
-1.0
 74
     0
  0
LTYPE
  5
A7
330
5
100
AcDbSymbolTableRecord
100
AcDbLinetypeTableRecord
  2
ACISOTGL
 70
     0
  3
_ _ _ _ _
 72
    65
 73
     2
 40
3.0
 49
2.0
 74
     0
 49
-1.0
 74
     0
  0
LTYPE
  5
A8
330
5
100
AcDbSymbolTableRecord
100
AcDbLinetypeTableRecord
  2
ACISOTGB
 70
     0
  3
__ . . __ . .
 72
    65
 73
     6
 40
9.0
 49
4.0
 74
     0
 49
-1.0
 74
     0
 49
1.0
 74
     0
 49
-1.0
 74
     0
 49
1.0
 74
     0
 49
-1.0
 74
     0
  0
ENDTAB
  0
TABLE
  2
LAYER
  5
2
330
0
100
AcDbSymbolTable
 70
     9
  0
LAYER
  5
54
330
2
100
AcDbSymbolTableRecord
100
AcDbLayerTableRecord
  2
0
 70
     0
 62
     7
  6
Continuous
370
    -3
390
F
347
21
348
0
1001
AcAecLayerStandard
1000

1000

  0
LAYER
  5
79
330
2
100
AcDbSymbolTableRecord
100
AcDbLayerTableRecord
  2
Defpoints
 70
     0
 62
     7
  6
Continuous
290
     0
370
    -3
390
F
347
21
348
0
1001
AcAecLayerStandard
1000

1000

  0
LAYER
  5
B4
330
2
100
AcDbSymbolTableRecord
100
AcDbLayerTableRecord
  2
Visible
 70
     0
 62
     7
  6
Continuous
370
    70
390
F
347
21
348
0
  0
LAYER
  5
2AA
330
2
100
AcDbSymbolTableRecord
100
AcDbLayerTableRecord
  2
TITLEBLOCK
 70
     0
 62
     7
  6
Continuous
370
    50
390
F
347
21
348
0
1001
AcAecLayerStandard
1000

1000

1001
AcCmTransparency
1071
        0
  0
LAYER
  5
2F6
330
2
100
AcDbSymbolTableRecord
100
AcDbLayerTableRecord
  2
Smart Centers
 70
     0
 62
     7
  6
CENTER2
370
    35
390
F
347
21
348
0
  0
LAYER
  5
1297
330
2
100
AcDbSymbolTableRecord
100
AcDbLayerTableRecord
  2
BORDER
 70
     0
 62
     7
  6
Continuous
370
    35
390
F
347
21
348
0
1001
AcAecLayerStandard
1000

1000

1001
AcCmTransparency
1071
        0
  0
LAYER
  5
1344
330
2
100
AcDbSymbolTableRecord
100
AcDbLayerTableRecord
  2
FD_Dimensions
 70
     0
 62
     7
  6
Continuous
370
    35
390
F
347
21
348
0
  0
LAYER
  5
1387
330
2
100
AcDbSymbolTableRecord
100
AcDbLayerTableRecord
  2
Notes
 70
     0
 62
     7
  6
Continuous
370
    35
390
F
347
21
348
0
  0
ENDTAB
  0
TABLE
  2
STYLE
  5
3
330
0
100
AcDbSymbolTable
 70
     5
  0
STYLE
  5
55
330
3
100
AcDbSymbolTableRecord
100
AcDbTextStyleTableRecord
  2
Standard
 70
     0
 40
0.0
 41
1.0
 50
0.0
 71
     0
 42
3.5
  3
arial.ttf
  4

1001
ACAD
1000
Arial
1071
       34
  0
STYLE
  5
5A
330
3
100
AcDbSymbolTableRecord
100
AcDbTextStyleTableRecord
  2
Annotative
 70
     0
 40
0.0
 41
1.0
 50
0.0
 71
     0
 42
0.2
  3
txt
  4

1001
AcadAnnotative
1000
AnnotativeData
1002
{
1070
     1
1070
     1
1002
}
  0
STYLE
  5
9A
330
3
100
AcDbSymbolTableRecord
100
AcDbTextStyleTableRecord
  2
FusionTitle
 70
     0
 40
0.0
 41
1.0
 50
0.0
 71
     0
 42
2.5
  3
arial.ttf
  4

1001
ACAD
1000
Arial
1071
       34
  0
STYLE
  5
9B
330
3
100
AcDbSymbolTableRecord
100
AcDbTextStyleTableRecord
  2

 70
     1
 40
0.0
 41
1.0
 50
0.0
 71
     0
 42
10.0
  3
genltshp.shx
  4

  0
STYLE
  5
9C
330
3
100
AcDbSymbolTableRecord
100
AcDbTextStyleTableRecord
  2
ACISOGDT
 70
     0
 40
0.0
 41
1.0
 50
0.0
 71
     0
 42
10.0
  3
amgdt.shx
  4

  0
ENDTAB
  0
TABLE
  2
VIEW
  5
6
330
0
100
AcDbSymbolTable
 70
     0
  0
ENDTAB
  0
TABLE
  2
UCS
  5
7
330
0
100
AcDbSymbolTable
 70
     0
  0
ENDTAB
  0
TABLE
  2
APPID
  5
9
330
0
100
AcDbSymbolTable
 70
    27
  0
APPID
  5
56
330
9
100
AcDbSymbolTableRecord
100
AcDbRegAppTableRecord
  2
ACAD
 70
     0
  0
APPID
  5
5E
330
9
100
AcDbSymbolTableRecord
100
AcDbRegAppTableRecord
  2
AcadAnnotative
 70
     0
  0
APPID
  5
78
330
9
100
AcDbSymbolTableRecord
100
AcDbRegAppTableRecord
  2
ACAD_PSEXT
 70
     0
  0
APPID
  5
7A
330
9
100
AcDbSymbolTableRecord
100
AcDbRegAppTableRecord
  2
MCAD_NO_VIS
 70
     0
  0
APPID
  5
7B
330
9
100
AcDbSymbolTableRecord
100
AcDbRegAppTableRecord
  2
ACAD_TEMP_GRAPHIC
 70
     0
  0
APPID
  5
84
330
9
100
AcDbSymbolTableRecord
100
AcDbRegAppTableRecord
  2
ACAD_DSTYLE_DIMJAG
 70
     0
  0
APPID
  5
85
330
9
100
AcDbSymbolTableRecord
100
AcDbRegAppTableRecord
  2
ACAD_DSTYLE_DIMTALN
 70
     0
  0
APPID
  5
86
330
9
100
AcDbSymbolTableRecord
100
AcDbRegAppTableRecord
  2
ACAD_NAV_VCDISPLAY
 70
     0
  0
APPID
  5
87
330
9
100
AcDbSymbolTableRecord
100
AcDbRegAppTableRecord
  2
AcAecLayerStandard
 70
     0
  0
APPID
  5
88
330
9
100
AcDbSymbolTableRecord
100
AcDbRegAppTableRecord
  2
AcCmTransparency
 70
     0
  0
APPID
  5
89
330
9
100
AcDbSymbolTableRecord
100
AcDbRegAppTableRecord
  2
AcDbDynamicBlockGUID
 70
     0
  0
APPID
  5
8A
330
9
100
AcDbSymbolTableRecord
100
AcDbRegAppTableRecord
  2
ACAD_DSTYLE_DIMBREAK
 70
     0
  0
APPID
  5
8B
330
9
100
AcDbSymbolTableRecord
100
AcDbRegAppTableRecord
  2
ACAD_DSTYLE_DIMRADIAL_EXTENSION
 70
     0
  0
APPID
  5
8C
330
9
100
AcDbSymbolTableRecord
100
AcDbRegAppTableRecord
  2
ACAD_TC
 70
     0
  0
APPID
  5
8D
330
9
100
AcDbSymbolTableRecord
100
AcDbRegAppTableRecord
  2
FUSIONTITLEBLOCK
 70
     0
  0
APPID
  5
8E
330
9
100
AcDbSymbolTableRecord
100
AcDbRegAppTableRecord
  2
FUSIONCURRENTTITLEBLOCK
 70
     0
  0
APPID
  5
8F
330
9
100
AcDbSymbolTableRecord
100
AcDbRegAppTableRecord
  2
AcSynergy
 70
     0
  0
APPID
  5
90
330
9
100
AcDbSymbolTableRecord
100
AcDbRegAppTableRecord
  2
GENIUS_GENSCREG_15
 70
     0
  0
APPID
  5
91
330
9
100
AcDbSymbolTableRecord
100
AcDbRegAppTableRecord
  2
GENIUS_GENOBJ-N-SDF_13
 70
     0
  0
APPID
  5
92
330
9
100
AcDbSymbolTableRecord
100
AcDbRegAppTableRecord
  2
GENIUS_GENODEF_13
 70
     0
  0
APPID
  5
93
330
9
100
AcDbSymbolTableRecord
100
AcDbRegAppTableRecord
  2
FUSIONCURRENTBORDER
 70
     0
  0
APPID
  5
94
330
9
100
AcDbSymbolTableRecord
100
AcDbRegAppTableRecord
  2
ACAD_DIMASSOC_CALC_DIMLFAC
 70
     0
  0
APPID
  5
95
330
9
100
AcDbSymbolTableRecord
100
AcDbRegAppTableRecord
  2
ACAD_DIMASSOC_DIMLFAC
 70
     0
  0
APPID
  5
96
330
9
100
AcDbSymbolTableRecord
100
AcDbRegAppTableRecord
  2
ACAD_DIMASSOC_OVERRIDDEN_DIMLFAC
 70
     0
  0
APPID
  5
97
330
9
100
AcDbSymbolTableRecord
100
AcDbRegAppTableRecord
  2
ACAD_DSTYLE_DIMJAG_POSITION
 70
     0
  0
APPID
  5
98
330
9
100
AcDbSymbolTableRecord
100
AcDbRegAppTableRecord
  2
FUSIONTITLEBLOCKATTRIBUTEOVERRIDE
 70
     0
  0
APPID
  5
99
330
9
100
AcDbSymbolTableRecord
100
AcDbRegAppTableRecord
  2
ACATTRIBSERVICES
 70
     0
  0
ENDTAB
  0
TABLE
  2
DIMSTYLE
  5
A
330
0
100
AcDbSymbolTable
 70
     4
100
AcDbDimStyleTable
 71
     1
340
AC
  0
DIMSTYLE
105
58
330
A
100
AcDbSymbolTableRecord
100
AcDbDimStyleTableRecord
  2
Standard
 70
     0
 41
3.5
 42
2.1
 43
10.5
 44
2.1
 78
    12
 79
     3
140
3.5
143
0.03937
146
0.714286
147
1.4
179
     2
271
     2
272
     2
284
    12
340
55
  0
DIMSTYLE
105
59
330
A
100
AcDbSymbolTableRecord
100
AcDbDimStyleTableRecord
  2
Annotative
 70
     0
 40
0.0
 41
3.5
 42
2.1
 43
10.5
 44
2.1
 73
     0
 74
     0
 77
     1
 78
    12
 79
     3
140
3.5
141
2.5
143
0.03937
146
0.714286
147
1.4
171
     3
172
     1
179
     2
271
     2
272
     2
274
     3
278
    44
283
     0
284
    12
340
55
1001
AcadAnnotative
1000
AnnotativeData
1002
{
1070
     1
1070
     1
1002
}
  0
DIMSTYLE
105
AB
330
A
100
AcDbSymbolTableRecord
100
AcDbDimStyleTableRecord
  2
ISO-25
 70
     0
  4
in
 41
3.5
 42
2.1
 43
10.5
 44
2.1
 47
0.1
 48
0.1
 73
     0
 74
     0
 77
     1
 78
    12
 79
     3
140
3.5
141
0.0
143
0.03937
146
0.714286
147
1.4
171
     4
172
     1
176
   256
177
   256
178
   256
179
     2
271
     2
272
     2
274
     4
283
     0
284
    12
285
     8
340
55
1001
ACAD_DSTYLE_DIMJAG
1070
   388
1040
1.5
1001
ACAD_DSTYLE_DIMTALN
1070
   392
1070
     1
1001
ACAD_DSTYLE_DIMBREAK
1070
   391
1040
3.5
  0
DIMSTYLE
105
AC
102
{ACAD_REACTORS
330
1343
330
1351
330
135E
330
136A
330
1379
102
}
330
A
100
AcDbSymbolTableRecord
100
AcDbDimStyleTableRecord
  2
Dim-ISO-25
 70
     0
 41
3.5
 42
2.1
 43
10.5
 44
2.1
 47
0.1
 48
0.1
 73
     0
 74
     0
 77
     1
 78
    12
 79
     3
140
3.5
141
0.0
143
0.03937
146
0.714286
147
1.4
172
     1
179
     2
271
     2
272
     2
283
     0
284
    12
285
    12
286
    12
340
55
1001
ACAD_DSTYLE_DIMJAG
1070
   388
1040
1.5
1001
ACAD_DSTYLE_DIMTALN
1070
   392
1070
     1
1001
ACAD_DSTYLE_DIMBREAK
1070
   391
1040
3.5
  0
ENDTAB
  0
TABLE
  2
BLOCK_RECORD
  5
1
330
0
100
AcDbSymbolTable
 70
   414
  0
BLOCK_RECORD
  5
70
102
{ACAD_XDICTIONARY
360
AD
102
}
330
1
100
AcDbSymbolTableRecord
100
AcDbBlockTableRecord
  2
*Model_Space
340
73
 70
     0
280
     1
281
     0
  0
BLOCK_RECORD
  5
6C
330
1
100
AcDbSymbolTableRecord
100
AcDbBlockTableRecord
  2
*Paper_Space
340
6F
 70
     0
280
     1
281
     0
  0
BLOCK_RECORD
  5
74
330
1
100
AcDbSymbolTableRecord
100
AcDbBlockTableRecord
  2
*Paper_Space0
340
77
 70
     0
280
     1
281
     0
  0
BLOCK_RECORD
  5
2AB
102
{ACAD_XDICTIONARY
360
2AC
102
}
330
1
100
AcDbSymbolTableRecord
100
AcDbBlockTableRecord
  2
ISO_TITLEBLOCK
340
0
310
2800000020000000200000000100080000000000000400000000000000000000000000000000000000000000000080000080000000808000800000008000800080800000C0C0C000C0DCC000F0CAA6000020400000206000002080000020A0000020C0000020E00000400000004020000040400000406000004080000040A0
310
000040C0000040E00000600000006020000060400000606000006080000060A0000060C0000060E00000800000008020000080400000806000008080000080A0000080C0000080E00000A0000000A0200000A0400000A0600000A0800000A0A00000A0C00000A0E00000C0000000C0200000C0400000C0600000C0800000C0
310
A00000C0C00000C0E00000E0000000E0200000E0400000E0600000E0800000E0A00000E0C00000E0E00040000000400020004000400040006000400080004000A0004000C0004000E00040200000402020004020400040206000402080004020A0004020C0004020E000404000004040200040404000404060004040800040
310
40A0004040C0004040E00040600000406020004060400040606000406080004060A0004060C0004060E00040800000408020004080400040806000408080004080A0004080C0004080E00040A0000040A0200040A0400040A0600040A0800040A0A00040A0C00040A0E00040C0000040C0200040C0400040C0600040C08000
310
40C0A00040C0C00040C0E00040E0000040E0200040E0400040E0600040E0800040E0A00040E0C00040E0E00080000000800020008000400080006000800080008000A0008000C0008000E00080200000802020008020400080206000802080008020A0008020C0008020E00080400000804020008040400080406000804080
310
008040A0008040C0008040E00080600000806020008060400080606000806080008060A0008060C0008060E00080800000808020008080400080806000808080008080A0008080C0008080E00080A0000080A0200080A0400080A0600080A0800080A0A00080A0C00080A0E00080C0000080C0200080C0400080C0600080C0
310
800080C0A00080C0C00080C0E00080E0000080E0200080E0400080E0600080E0800080E0A00080E0C00080E0E000C0000000C0002000C0004000C0006000C0008000C000A000C000C000C000E000C0200000C0202000C0204000C0206000C0208000C020A000C020C000C020E000C0400000C0402000C0404000C0406000C0
310
408000C040A000C040C000C040E000C0600000C0602000C0604000C0606000C0608000C060A000C060C000C060E000C0800000C0802000C0804000C0806000C0808000C080A000C080C000C080E000C0A00000C0A02000C0A04000C0A06000C0A08000C0A0A000C0A0C000C0A0E000C0C00000C0C02000C0C04000C0C06000
310
C0C08000C0C0A000F0FBFF00A4A0A000808080000000FF0000FF000000FFFF00FF000000FF00FF00FFFF0000FFFFFF0049494949494949494949494949494949494949494949494949494949494949494949494949494949494949494949494949494949494949494949494949494949494949494949494949494949494949
310
49494949494949494949494949494949494949494949494949494949494949494949494949494949494949494949494949494949494949494949494949494949494949494949494949494949494949494949494949494949494949494949494949494949494949494949494949494949494949494949494949494949494949
310
49494949494949494949494949494949494949494949494949494949494949494949494949494949494949494949494949494949494949494949494949494949494949494949494949494949494949494949494949494949494949494949494949494949494949494949494949494949494949494949494949494949494949
310
49494949494949494949494949494949494949494949494949494949494949494949494949494949494949494949494949494949FFFFFFFFFFFFFFFFFFFFFFFFFFFFFFFFFFFFFFFFFFFFFFFFFFFFFF4949494949FF4949494949494949FFFFFFFFFF49494949FFFFFFFFFFFFFFFFFFFF49494949FF4949494949494949FFFF
310
FFFFFF494949FFFFFFFFFFFFFFFFFFFF4949494949FF4949494949494949FFFFFFFFFF494949FFFFFFFFFFFFFFFFFFFF4949494949FF4949494949494949FFFFFFFFFFFFFFFFFFFFFFFFFFFFFFFFFFFF4949494949FFFFFFFFFFFFFFFFFFFFFFFFFFFFFFFFFFFFFFFFFFFFFFFFFFFFFF4949494949FFFFFF49FFFFFFFFFFFF
310
FFFFFFFFFFFFFFFFFFFFFFFFFFFFFFFFFFFFFFFF4949FFFFFFFFFFFFFFFFFFFFFFFFFFFFFFFFFFFFFFFFFFFFFFFFFFFFFF494949494949494949494949494949494949494949494949494949494949494949494949494949494949494949494949494949494949494949494949494949494949494949494949494949494949
310
49494949494949494949494949494949494949494949494949494949494949494949494949494949494949494949494949494949494949494949494949494949494949494949494949494949494949494949494949494949494949494949494949494949494949494949494949494949494949494949494949494949494949
310
49494949494949494949494949494949494949494949494949494949494949494949494949494949494949494949494949494949494949494949494949494949494949494949494949494949494949494949494949494949494949494949494949494949494949494949494949494949494949494949494949494949494949
310
4949494949494949494949494949494949494949494949494949494949494949494949494949494949494949494949494949494949494949
102
{BLKREFS
331
2A9
102
}
 70
     4
280
     1
281
     0
1001
AcDbDynamicBlockGUID
1000
{BCD52D05-323A-B54A-8A21-1B84008CF9CB}
1001
FUSIONTITLEBLOCK
1000
TitleBlock
  0
BLOCK_RECORD
  5
2F7
330
1
100
AcDbSymbolTableRecord
100
AcDbBlockTableRecord
  2
*U3
340
0
102
{BLKREFS
331
2F5
102
}
 70
     0
280
     1
281
     0
  0
BLOCK_RECORD
  5
301
330
1
100
AcDbSymbolTableRecord
100
AcDbBlockTableRecord
  2
*U4
340
0
102
{BLKREFS
331
300
102
}
 70
     0
280
     1
281
     0
  0
BLOCK_RECORD
  5
30B
330
1
100
AcDbSymbolTableRecord
100
AcDbBlockTableRecord
  2
*U5
340
0
102
{BLKREFS
331
30A
102
}
 70
     0
280
     1
281
     0
  0
BLOCK_RECORD
  5
315
330
1
100
AcDbSymbolTableRecord
100
AcDbBlockTableRecord
  2
*U6
340
0
102
{BLKREFS
331
314
102
}
 70
     0
280
     1
281
     0
  0
BLOCK_RECORD
  5
31F
330
1
100
AcDbSymbolTableRecord
100
AcDbBlockTableRecord
  2
*U7
340
0
102
{BLKREFS
331
31E
102
}
 70
     0
280
     1
281
     0
  0
BLOCK_RECORD
  5
329
330
1
100
AcDbSymbolTableRecord
100
AcDbBlockTableRecord
  2
*U8
340
0
102
{BLKREFS
331
328
102
}
 70
     0
280
     1
281
     0
  0
BLOCK_RECORD
  5
333
330
1
100
AcDbSymbolTableRecord
100
AcDbBlockTableRecord
  2
*U9
340
0
102
{BLKREFS
331
332
102
}
 70
     0
280
     1
281
     0
  0
BLOCK_RECORD
  5
33D
330
1
100
AcDbSymbolTableRecord
100
AcDbBlockTableRecord
  2
*U10
340
0
102
{BLKREFS
331
33C
102
}
 70
     0
280
     1
281
     0
  0
BLOCK_RECORD
  5
347
330
1
100
AcDbSymbolTableRecord
100
AcDbBlockTableRecord
  2
*U11
340
0
102
{BLKREFS
331
346
102
}
 70
     0
280
     1
281
     0
  0
BLOCK_RECORD
  5
351
330
1
100
AcDbSymbolTableRecord
100
AcDbBlockTableRecord
  2
*U12
340
0
102
{BLKREFS
331
350
102
}
 70
     0
280
     1
281
     0
  0
BLOCK_RECORD
  5
35B
330
1
100
AcDbSymbolTableRecord
100
AcDbBlockTableRecord
  2
*U13
340
0
102
{BLKREFS
331
35A
102
}
 70
     0
280
     1
281
     0
  0
BLOCK_RECORD
  5
365
330
1
100
AcDbSymbolTableRecord
100
AcDbBlockTableRecord
  2
*U14
340
0
102
{BLKREFS
331
364
102
}
 70
     0
280
     1
281
     0
  0
BLOCK_RECORD
  5
36F
330
1
100
AcDbSymbolTableRecord
100
AcDbBlockTableRecord
  2
*U15
340
0
102
{BLKREFS
331
36E
102
}
 70
     0
280
     1
281
     0
  0
BLOCK_RECORD
  5
379
330
1
100
AcDbSymbolTableRecord
100
AcDbBlockTableRecord
  2
*U16
340
0
102
{BLKREFS
331
378
102
}
 70
     0
280
     1
281
     0
  0
BLOCK_RECORD
  5
383
330
1
100
AcDbSymbolTableRecord
100
AcDbBlockTableRecord
  2
*U17
340
0
102
{BLKREFS
331
382
102
}
 70
     0
280
     1
281
     0
  0
BLOCK_RECORD
  5
38D
330
1
100
AcDbSymbolTableRecord
100
AcDbBlockTableRecord
  2
*U18
340
0
102
{BLKREFS
331
38C
102
}
 70
     0
280
     1
281
     0
  0
BLOCK_RECORD
  5
397
330
1
100
AcDbSymbolTableRecord
100
AcDbBlockTableRecord
  2
*U19
340
0
102
{BLKREFS
331
396
102
}
 70
     0
280
     1
281
     0
  0
BLOCK_RECORD
  5
3A1
330
1
100
AcDbSymbolTableRecord
100
AcDbBlockTableRecord
  2
*U20
340
0
102
{BLKREFS
331
3A0
102
}
 70
     0
280
     1
281
     0
  0
BLOCK_RECORD
  5
3AB
330
1
100
AcDbSymbolTableRecord
100
AcDbBlockTableRecord
  2
*U21
340
0
102
{BLKREFS
331
3AA
102
}
 70
     0
280
     1
281
     0
  0
BLOCK_RECORD
  5
3B5
330
1
100
AcDbSymbolTableRecord
100
AcDbBlockTableRecord
  2
*U22
340
0
102
{BLKREFS
331
3B4
102
}
 70
     0
280
     1
281
     0
  0
BLOCK_RECORD
  5
3BF
330
1
100
AcDbSymbolTableRecord
100
AcDbBlockTableRecord
  2
*U23
340
0
102
{BLKREFS
331
3BE
102
}
 70
     0
280
     1
281
     0
  0
BLOCK_RECORD
  5
3C9
330
1
100
AcDbSymbolTableRecord
100
AcDbBlockTableRecord
  2
*U24
340
0
102
{BLKREFS
331
3C8
102
}
 70
     0
280
     1
281
     0
  0
BLOCK_RECORD
  5
3D3
330
1
100
AcDbSymbolTableRecord
100
AcDbBlockTableRecord
  2
*U25
340
0
102
{BLKREFS
331
3D2
102
}
 70
     0
280
     1
281
     0
  0
BLOCK_RECORD
  5
3DD
330
1
100
AcDbSymbolTableRecord
100
AcDbBlockTableRecord
  2
*U26
340
0
102
{BLKREFS
331
3DC
102
}
 70
     0
280
     1
281
     0
  0
BLOCK_RECORD
  5
3E7
330
1
100
AcDbSymbolTableRecord
100
AcDbBlockTableRecord
  2
*U27
340
0
102
{BLKREFS
331
3E6
102
}
 70
     0
280
     1
281
     0
  0
BLOCK_RECORD
  5
3F1
330
1
100
AcDbSymbolTableRecord
100
AcDbBlockTableRecord
  2
*U28
340
0
102
{BLKREFS
331
3F0
102
}
 70
     0
280
     1
281
     0
  0
BLOCK_RECORD
  5
3FB
330
1
100
AcDbSymbolTableRecord
100
AcDbBlockTableRecord
  2
*U29
340
0
102
{BLKREFS
331
3FA
102
}
 70
     0
280
     1
281
     0
  0
BLOCK_RECORD
  5
405
330
1
100
AcDbSymbolTableRecord
100
AcDbBlockTableRecord
  2
*U30
340
0
102
{BLKREFS
331
404
102
}
 70
     0
280
     1
281
     0
  0
BLOCK_RECORD
  5
40F
330
1
100
AcDbSymbolTableRecord
100
AcDbBlockTableRecord
  2
*U31
340
0
102
{BLKREFS
331
40E
102
}
 70
     0
280
     1
281
     0
  0
BLOCK_RECORD
  5
419
330
1
100
AcDbSymbolTableRecord
100
AcDbBlockTableRecord
  2
*U32
340
0
102
{BLKREFS
331
418
102
}
 70
     0
280
     1
281
     0
  0
BLOCK_RECORD
  5
423
330
1
100
AcDbSymbolTableRecord
100
AcDbBlockTableRecord
  2
*U33
340
0
102
{BLKREFS
331
422
102
}
 70
     0
280
     1
281
     0
  0
BLOCK_RECORD
  5
42D
330
1
100
AcDbSymbolTableRecord
100
AcDbBlockTableRecord
  2
*U34
340
0
102
{BLKREFS
331
42C
102
}
 70
     0
280
     1
281
     0
  0
BLOCK_RECORD
  5
437
330
1
100
AcDbSymbolTableRecord
100
AcDbBlockTableRecord
  2
*U35
340
0
102
{BLKREFS
331
436
102
}
 70
     0
280
     1
281
     0
  0
BLOCK_RECORD
  5
441
330
1
100
AcDbSymbolTableRecord
100
AcDbBlockTableRecord
  2
*U36
340
0
102
{BLKREFS
331
440
102
}
 70
     0
280
     1
281
     0
  0
BLOCK_RECORD
  5
44B
330
1
100
AcDbSymbolTableRecord
100
AcDbBlockTableRecord
  2
*U37
340
0
102
{BLKREFS
331
44A
102
}
 70
     0
280
     1
281
     0
  0
BLOCK_RECORD
  5
455
330
1
100
AcDbSymbolTableRecord
100
AcDbBlockTableRecord
  2
*U38
340
0
102
{BLKREFS
331
454
102
}
 70
     0
280
     1
281
     0
  0
BLOCK_RECORD
  5
45F
330
1
100
AcDbSymbolTableRecord
100
AcDbBlockTableRecord
  2
*U39
340
0
102
{BLKREFS
331
45E
102
}
 70
     0
280
     1
281
     0
  0
BLOCK_RECORD
  5
469
330
1
100
AcDbSymbolTableRecord
100
AcDbBlockTableRecord
  2
*U40
340
0
102
{BLKREFS
331
468
102
}
 70
     0
280
     1
281
     0
  0
BLOCK_RECORD
  5
473
330
1
100
AcDbSymbolTableRecord
100
AcDbBlockTableRecord
  2
*U41
340
0
102
{BLKREFS
331
472
102
}
 70
     0
280
     1
281
     0
  0
BLOCK_RECORD
  5
47D
330
1
100
AcDbSymbolTableRecord
100
AcDbBlockTableRecord
  2
*U42
340
0
102
{BLKREFS
331
47C
102
}
 70
     0
280
     1
281
     0
  0
BLOCK_RECORD
  5
487
330
1
100
AcDbSymbolTableRecord
100
AcDbBlockTableRecord
  2
*U43
340
0
102
{BLKREFS
331
486
102
}
 70
     0
280
     1
281
     0
  0
BLOCK_RECORD
  5
491
330
1
100
AcDbSymbolTableRecord
100
AcDbBlockTableRecord
  2
*U44
340
0
102
{BLKREFS
331
490
102
}
 70
     0
280
     1
281
     0
  0
BLOCK_RECORD
  5
49B
330
1
100
AcDbSymbolTableRecord
100
AcDbBlockTableRecord
  2
*U45
340
0
102
{BLKREFS
331
49A
102
}
 70
     0
280
     1
281
     0
  0
BLOCK_RECORD
  5
4A5
330
1
100
AcDbSymbolTableRecord
100
AcDbBlockTableRecord
  2
*U46
340
0
102
{BLKREFS
331
4A4
102
}
 70
     0
280
     1
281
     0
  0
BLOCK_RECORD
  5
4AF
330
1
100
AcDbSymbolTableRecord
100
AcDbBlockTableRecord
  2
*U47
340
0
102
{BLKREFS
331
4AE
102
}
 70
     0
280
     1
281
     0
  0
BLOCK_RECORD
  5
4B9
330
1
100
AcDbSymbolTableRecord
100
AcDbBlockTableRecord
  2
*U48
340
0
102
{BLKREFS
331
4B8
102
}
 70
     0
280
     1
281
     0
  0
BLOCK_RECORD
  5
4C3
330
1
100
AcDbSymbolTableRecord
100
AcDbBlockTableRecord
  2
*U49
340
0
102
{BLKREFS
331
4C2
102
}
 70
     0
280
     1
281
     0
  0
BLOCK_RECORD
  5
4CD
330
1
100
AcDbSymbolTableRecord
100
AcDbBlockTableRecord
  2
*U50
340
0
102
{BLKREFS
331
4CC
102
}
 70
     0
280
     1
281
     0
  0
BLOCK_RECORD
  5
4D7
330
1
100
AcDbSymbolTableRecord
100
AcDbBlockTableRecord
  2
*U51
340
0
102
{BLKREFS
331
4D6
102
}
 70
     0
280
     1
281
     0
  0
BLOCK_RECORD
  5
4E1
330
1
100
AcDbSymbolTableRecord
100
AcDbBlockTableRecord
  2
*U52
340
0
102
{BLKREFS
331
4E0
102
}
 70
     0
280
     1
281
     0
  0
BLOCK_RECORD
  5
4EB
330
1
100
AcDbSymbolTableRecord
100
AcDbBlockTableRecord
  2
*U53
340
0
102
{BLKREFS
331
4EA
102
}
 70
     0
280
     1
281
     0
  0
BLOCK_RECORD
  5
4F5
330
1
100
AcDbSymbolTableRecord
100
AcDbBlockTableRecord
  2
*U54
340
0
102
{BLKREFS
331
4F4
102
}
 70
     0
280
     1
281
     0
  0
BLOCK_RECORD
  5
4FF
330
1
100
AcDbSymbolTableRecord
100
AcDbBlockTableRecord
  2
*U55
340
0
102
{BLKREFS
331
4FE
102
}
 70
     0
280
     1
281
     0
  0
BLOCK_RECORD
  5
509
330
1
100
AcDbSymbolTableRecord
100
AcDbBlockTableRecord
  2
*U56
340
0
102
{BLKREFS
331
508
102
}
 70
     0
280
     1
281
     0
  0
BLOCK_RECORD
  5
513
330
1
100
AcDbSymbolTableRecord
100
AcDbBlockTableRecord
  2
*U57
340
0
102
{BLKREFS
331
512
102
}
 70
     0
280
     1
281
     0
  0
BLOCK_RECORD
  5
51D
330
1
100
AcDbSymbolTableRecord
100
AcDbBlockTableRecord
  2
*U58
340
0
102
{BLKREFS
331
51C
102
}
 70
     0
280
     1
281
     0
  0
BLOCK_RECORD
  5
527
330
1
100
AcDbSymbolTableRecord
100
AcDbBlockTableRecord
  2
*U59
340
0
102
{BLKREFS
331
526
102
}
 70
     0
280
     1
281
     0
  0
BLOCK_RECORD
  5
531
330
1
100
AcDbSymbolTableRecord
100
AcDbBlockTableRecord
  2
*U60
340
0
102
{BLKREFS
331
530
102
}
 70
     0
280
     1
281
     0
  0
BLOCK_RECORD
  5
53B
330
1
100
AcDbSymbolTableRecord
100
AcDbBlockTableRecord
  2
*U61
340
0
102
{BLKREFS
331
53A
102
}
 70
     0
280
     1
281
     0
  0
BLOCK_RECORD
  5
545
330
1
100
AcDbSymbolTableRecord
100
AcDbBlockTableRecord
  2
*U62
340
0
102
{BLKREFS
331
544
102
}
 70
     0
280
     1
281
     0
  0
BLOCK_RECORD
  5
54F
330
1
100
AcDbSymbolTableRecord
100
AcDbBlockTableRecord
  2
*U63
340
0
102
{BLKREFS
331
54E
102
}
 70
     0
280
     1
281
     0
  0
BLOCK_RECORD
  5
559
330
1
100
AcDbSymbolTableRecord
100
AcDbBlockTableRecord
  2
*U64
340
0
102
{BLKREFS
331
558
102
}
 70
     0
280
     1
281
     0
  0
BLOCK_RECORD
  5
563
330
1
100
AcDbSymbolTableRecord
100
AcDbBlockTableRecord
  2
*U65
340
0
102
{BLKREFS
331
562
102
}
 70
     0
280
     1
281
     0
  0
BLOCK_RECORD
  5
56D
330
1
100
AcDbSymbolTableRecord
100
AcDbBlockTableRecord
  2
*U66
340
0
102
{BLKREFS
331
56C
102
}
 70
     0
280
     1
281
     0
  0
BLOCK_RECORD
  5
577
330
1
100
AcDbSymbolTableRecord
100
AcDbBlockTableRecord
  2
*U67
340
0
102
{BLKREFS
331
576
102
}
 70
     0
280
     1
281
     0
  0
BLOCK_RECORD
  5
581
330
1
100
AcDbSymbolTableRecord
100
AcDbBlockTableRecord
  2
*U68
340
0
102
{BLKREFS
331
580
102
}
 70
     0
280
     1
281
     0
  0
BLOCK_RECORD
  5
58B
330
1
100
AcDbSymbolTableRecord
100
AcDbBlockTableRecord
  2
*U69
340
0
102
{BLKREFS
331
58A
102
}
 70
     0
280
     1
281
     0
  0
BLOCK_RECORD
  5
595
330
1
100
AcDbSymbolTableRecord
100
AcDbBlockTableRecord
  2
*U70
340
0
102
{BLKREFS
331
594
102
}
 70
     0
280
     1
281
     0
  0
BLOCK_RECORD
  5
59F
330
1
100
AcDbSymbolTableRecord
100
AcDbBlockTableRecord
  2
*U71
340
0
102
{BLKREFS
331
59E
102
}
 70
     0
280
     1
281
     0
  0
BLOCK_RECORD
  5
5A9
330
1
100
AcDbSymbolTableRecord
100
AcDbBlockTableRecord
  2
*U72
340
0
102
{BLKREFS
331
5A8
102
}
 70
     0
280
     1
281
     0
  0
BLOCK_RECORD
  5
5B3
330
1
100
AcDbSymbolTableRecord
100
AcDbBlockTableRecord
  2
*U73
340
0
102
{BLKREFS
331
5B2
102
}
 70
     0
280
     1
281
     0
  0
BLOCK_RECORD
  5
5BD
330
1
100
AcDbSymbolTableRecord
100
AcDbBlockTableRecord
  2
*U74
340
0
102
{BLKREFS
331
5BC
102
}
 70
     0
280
     1
281
     0
  0
BLOCK_RECORD
  5
5C7
330
1
100
AcDbSymbolTableRecord
100
AcDbBlockTableRecord
  2
*U75
340
0
102
{BLKREFS
331
5C6
102
}
 70
     0
280
     1
281
     0
  0
BLOCK_RECORD
  5
5D1
330
1
100
AcDbSymbolTableRecord
100
AcDbBlockTableRecord
  2
*U76
340
0
102
{BLKREFS
331
5D0
102
}
 70
     0
280
     1
281
     0
  0
BLOCK_RECORD
  5
5DB
330
1
100
AcDbSymbolTableRecord
100
AcDbBlockTableRecord
  2
*U77
340
0
102
{BLKREFS
331
5DA
102
}
 70
     0
280
     1
281
     0
  0
BLOCK_RECORD
  5
5E5
330
1
100
AcDbSymbolTableRecord
100
AcDbBlockTableRecord
  2
*U78
340
0
102
{BLKREFS
331
5E4
102
}
 70
     0
280
     1
281
     0
  0
BLOCK_RECORD
  5
5EF
330
1
100
AcDbSymbolTableRecord
100
AcDbBlockTableRecord
  2
*U79
340
0
102
{BLKREFS
331
5EE
102
}
 70
     0
280
     1
281
     0
  0
BLOCK_RECORD
  5
5F9
330
1
100
AcDbSymbolTableRecord
100
AcDbBlockTableRecord
  2
*U80
340
0
102
{BLKREFS
331
5F8
102
}
 70
     0
280
     1
281
     0
  0
BLOCK_RECORD
  5
603
330
1
100
AcDbSymbolTableRecord
100
AcDbBlockTableRecord
  2
*U81
340
0
102
{BLKREFS
331
602
102
}
 70
     0
280
     1
281
     0
  0
BLOCK_RECORD
  5
60D
330
1
100
AcDbSymbolTableRecord
100
AcDbBlockTableRecord
  2
*U82
340
0
102
{BLKREFS
331
60C
102
}
 70
     0
280
     1
281
     0
  0
BLOCK_RECORD
  5
617
330
1
100
AcDbSymbolTableRecord
100
AcDbBlockTableRecord
  2
*U83
340
0
102
{BLKREFS
331
616
102
}
 70
     0
280
     1
281
     0
  0
BLOCK_RECORD
  5
621
330
1
100
AcDbSymbolTableRecord
100
AcDbBlockTableRecord
  2
*U84
340
0
102
{BLKREFS
331
620
102
}
 70
     0
280
     1
281
     0
  0
BLOCK_RECORD
  5
62B
330
1
100
AcDbSymbolTableRecord
100
AcDbBlockTableRecord
  2
*U85
340
0
102
{BLKREFS
331
62A
102
}
 70
     0
280
     1
281
     0
  0
BLOCK_RECORD
  5
635
330
1
100
AcDbSymbolTableRecord
100
AcDbBlockTableRecord
  2
*U86
340
0
102
{BLKREFS
331
634
102
}
 70
     0
280
     1
281
     0
  0
BLOCK_RECORD
  5
63F
330
1
100
AcDbSymbolTableRecord
100
AcDbBlockTableRecord
  2
*U87
340
0
102
{BLKREFS
331
63E
102
}
 70
     0
280
     1
281
     0
  0
BLOCK_RECORD
  5
649
330
1
100
AcDbSymbolTableRecord
100
AcDbBlockTableRecord
  2
*U88
340
0
102
{BLKREFS
331
648
102
}
 70
     0
280
     1
281
     0
  0
BLOCK_RECORD
  5
653
330
1
100
AcDbSymbolTableRecord
100
AcDbBlockTableRecord
  2
*U89
340
0
102
{BLKREFS
331
652
102
}
 70
     0
280
     1
281
     0
  0
BLOCK_RECORD
  5
65D
330
1
100
AcDbSymbolTableRecord
100
AcDbBlockTableRecord
  2
*U90
340
0
102
{BLKREFS
331
65C
102
}
 70
     0
280
     1
281
     0
  0
BLOCK_RECORD
  5
667
330
1
100
AcDbSymbolTableRecord
100
AcDbBlockTableRecord
  2
*U91
340
0
102
{BLKREFS
331
666
102
}
 70
     0
280
     1
281
     0
  0
BLOCK_RECORD
  5
671
330
1
100
AcDbSymbolTableRecord
100
AcDbBlockTableRecord
  2
*U92
340
0
102
{BLKREFS
331
670
102
}
 70
     0
280
     1
281
     0
  0
BLOCK_RECORD
  5
67B
330
1
100
AcDbSymbolTableRecord
100
AcDbBlockTableRecord
  2
*U93
340
0
102
{BLKREFS
331
67A
102
}
 70
     0
280
     1
281
     0
  0
BLOCK_RECORD
  5
685
330
1
100
AcDbSymbolTableRecord
100
AcDbBlockTableRecord
  2
*U94
340
0
102
{BLKREFS
331
684
102
}
 70
     0
280
     1
281
     0
  0
BLOCK_RECORD
  5
68F
330
1
100
AcDbSymbolTableRecord
100
AcDbBlockTableRecord
  2
*U95
340
0
102
{BLKREFS
331
68E
102
}
 70
     0
280
     1
281
     0
  0
BLOCK_RECORD
  5
699
330
1
100
AcDbSymbolTableRecord
100
AcDbBlockTableRecord
  2
*U96
340
0
102
{BLKREFS
331
698
102
}
 70
     0
280
     1
281
     0
  0
BLOCK_RECORD
  5
6A3
330
1
100
AcDbSymbolTableRecord
100
AcDbBlockTableRecord
  2
*U97
340
0
102
{BLKREFS
331
6A2
102
}
 70
     0
280
     1
281
     0
  0
BLOCK_RECORD
  5
6AD
330
1
100
AcDbSymbolTableRecord
100
AcDbBlockTableRecord
  2
*U98
340
0
102
{BLKREFS
331
6AC
102
}
 70
     0
280
     1
281
     0
  0
BLOCK_RECORD
  5
6B7
330
1
100
AcDbSymbolTableRecord
100
AcDbBlockTableRecord
  2
*U99
340
0
102
{BLKREFS
331
6B6
102
}
 70
     0
280
     1
281
     0
  0
BLOCK_RECORD
  5
6C1
330
1
100
AcDbSymbolTableRecord
100
AcDbBlockTableRecord
  2
*U100
340
0
102
{BLKREFS
331
6C0
102
}
 70
     0
280
     1
281
     0
  0
BLOCK_RECORD
  5
6CB
330
1
100
AcDbSymbolTableRecord
100
AcDbBlockTableRecord
  2
*U101
340
0
102
{BLKREFS
331
6CA
102
}
 70
     0
280
     1
281
     0
  0
BLOCK_RECORD
  5
6D5
330
1
100
AcDbSymbolTableRecord
100
AcDbBlockTableRecord
  2
*U102
340
0
102
{BLKREFS
331
6D4
102
}
 70
     0
280
     1
281
     0
  0
BLOCK_RECORD
  5
6DF
330
1
100
AcDbSymbolTableRecord
100
AcDbBlockTableRecord
  2
*U103
340
0
102
{BLKREFS
331
6DE
102
}
 70
     0
280
     1
281
     0
  0
BLOCK_RECORD
  5
6E9
330
1
100
AcDbSymbolTableRecord
100
AcDbBlockTableRecord
  2
*U104
340
0
102
{BLKREFS
331
6E8
102
}
 70
     0
280
     1
281
     0
  0
BLOCK_RECORD
  5
6F3
330
1
100
AcDbSymbolTableRecord
100
AcDbBlockTableRecord
  2
*U105
340
0
102
{BLKREFS
331
6F2
102
}
 70
     0
280
     1
281
     0
  0
BLOCK_RECORD
  5
6FD
330
1
100
AcDbSymbolTableRecord
100
AcDbBlockTableRecord
  2
*U106
340
0
102
{BLKREFS
331
6FC
102
}
 70
     0
280
     1
281
     0
  0
BLOCK_RECORD
  5
707
330
1
100
AcDbSymbolTableRecord
100
AcDbBlockTableRecord
  2
*U107
340
0
102
{BLKREFS
331
706
102
}
 70
     0
280
     1
281
     0
  0
BLOCK_RECORD
  5
711
330
1
100
AcDbSymbolTableRecord
100
AcDbBlockTableRecord
  2
*U108
340
0
102
{BLKREFS
331
710
102
}
 70
     0
280
     1
281
     0
  0
BLOCK_RECORD
  5
71B
330
1
100
AcDbSymbolTableRecord
100
AcDbBlockTableRecord
  2
*U109
340
0
102
{BLKREFS
331
71A
102
}
 70
     0
280
     1
281
     0
  0
BLOCK_RECORD
  5
725
330
1
100
AcDbSymbolTableRecord
100
AcDbBlockTableRecord
  2
*U110
340
0
102
{BLKREFS
331
724
102
}
 70
     0
280
     1
281
     0
  0
BLOCK_RECORD
  5
72F
330
1
100
AcDbSymbolTableRecord
100
AcDbBlockTableRecord
  2
*U111
340
0
102
{BLKREFS
331
72E
102
}
 70
     0
280
     1
281
     0
  0
BLOCK_RECORD
  5
739
330
1
100
AcDbSymbolTableRecord
100
AcDbBlockTableRecord
  2
*U112
340
0
102
{BLKREFS
331
738
102
}
 70
     0
280
     1
281
     0
  0
BLOCK_RECORD
  5
743
330
1
100
AcDbSymbolTableRecord
100
AcDbBlockTableRecord
  2
*U113
340
0
102
{BLKREFS
331
742
102
}
 70
     0
280
     1
281
     0
  0
BLOCK_RECORD
  5
74D
330
1
100
AcDbSymbolTableRecord
100
AcDbBlockTableRecord
  2
*U114
340
0
102
{BLKREFS
331
74C
102
}
 70
     0
280
     1
281
     0
  0
BLOCK_RECORD
  5
757
330
1
100
AcDbSymbolTableRecord
100
AcDbBlockTableRecord
  2
*U115
340
0
102
{BLKREFS
331
756
102
}
 70
     0
280
     1
281
     0
  0
BLOCK_RECORD
  5
761
330
1
100
AcDbSymbolTableRecord
100
AcDbBlockTableRecord
  2
*U116
340
0
102
{BLKREFS
331
760
102
}
 70
     0
280
     1
281
     0
  0
BLOCK_RECORD
  5
76B
330
1
100
AcDbSymbolTableRecord
100
AcDbBlockTableRecord
  2
*U117
340
0
102
{BLKREFS
331
76A
102
}
 70
     0
280
     1
281
     0
  0
BLOCK_RECORD
  5
775
330
1
100
AcDbSymbolTableRecord
100
AcDbBlockTableRecord
  2
*U118
340
0
102
{BLKREFS
331
774
102
}
 70
     0
280
     1
281
     0
  0
BLOCK_RECORD
  5
77F
330
1
100
AcDbSymbolTableRecord
100
AcDbBlockTableRecord
  2
*U119
340
0
102
{BLKREFS
331
77E
102
}
 70
     0
280
     1
281
     0
  0
BLOCK_RECORD
  5
789
330
1
100
AcDbSymbolTableRecord
100
AcDbBlockTableRecord
  2
*U120
340
0
102
{BLKREFS
331
788
102
}
 70
     0
280
     1
281
     0
  0
BLOCK_RECORD
  5
793
330
1
100
AcDbSymbolTableRecord
100
AcDbBlockTableRecord
  2
*U121
340
0
102
{BLKREFS
331
792
102
}
 70
     0
280
     1
281
     0
  0
BLOCK_RECORD
  5
79D
330
1
100
AcDbSymbolTableRecord
100
AcDbBlockTableRecord
  2
*U122
340
0
102
{BLKREFS
331
79C
102
}
 70
     0
280
     1
281
     0
  0
BLOCK_RECORD
  5
7A7
330
1
100
AcDbSymbolTableRecord
100
AcDbBlockTableRecord
  2
*U123
340
0
102
{BLKREFS
331
7A6
102
}
 70
     0
280
     1
281
     0
  0
BLOCK_RECORD
  5
7B1
330
1
100
AcDbSymbolTableRecord
100
AcDbBlockTableRecord
  2
*U124
340
0
102
{BLKREFS
331
7B0
102
}
 70
     0
280
     1
281
     0
  0
BLOCK_RECORD
  5
7BB
330
1
100
AcDbSymbolTableRecord
100
AcDbBlockTableRecord
  2
*U125
340
0
102
{BLKREFS
331
7BA
102
}
 70
     0
280
     1
281
     0
  0
BLOCK_RECORD
  5
7C5
330
1
100
AcDbSymbolTableRecord
100
AcDbBlockTableRecord
  2
*U126
340
0
102
{BLKREFS
331
7C4
102
}
 70
     0
280
     1
281
     0
  0
BLOCK_RECORD
  5
7CF
330
1
100
AcDbSymbolTableRecord
100
AcDbBlockTableRecord
  2
*U127
340
0
102
{BLKREFS
331
7CE
102
}
 70
     0
280
     1
281
     0
  0
BLOCK_RECORD
  5
7D9
330
1
100
AcDbSymbolTableRecord
100
AcDbBlockTableRecord
  2
*U128
340
0
102
{BLKREFS
331
7D8
102
}
 70
     0
280
     1
281
     0
  0
BLOCK_RECORD
  5
7E3
330
1
100
AcDbSymbolTableRecord
100
AcDbBlockTableRecord
  2
*U129
340
0
102
{BLKREFS
331
7E2
102
}
 70
     0
280
     1
281
     0
  0
BLOCK_RECORD
  5
7ED
330
1
100
AcDbSymbolTableRecord
100
AcDbBlockTableRecord
  2
*U130
340
0
102
{BLKREFS
331
7EC
102
}
 70
     0
280
     1
281
     0
  0
BLOCK_RECORD
  5
7F7
330
1
100
AcDbSymbolTableRecord
100
AcDbBlockTableRecord
  2
*U131
340
0
102
{BLKREFS
331
7F6
102
}
 70
     0
280
     1
281
     0
  0
BLOCK_RECORD
  5
801
330
1
100
AcDbSymbolTableRecord
100
AcDbBlockTableRecord
  2
*U132
340
0
102
{BLKREFS
331
800
102
}
 70
     0
280
     1
281
     0
  0
BLOCK_RECORD
  5
80B
330
1
100
AcDbSymbolTableRecord
100
AcDbBlockTableRecord
  2
*U133
340
0
102
{BLKREFS
331
80A
102
}
 70
     0
280
     1
281
     0
  0
BLOCK_RECORD
  5
815
330
1
100
AcDbSymbolTableRecord
100
AcDbBlockTableRecord
  2
*U134
340
0
102
{BLKREFS
331
814
102
}
 70
     0
280
     1
281
     0
  0
BLOCK_RECORD
  5
81F
330
1
100
AcDbSymbolTableRecord
100
AcDbBlockTableRecord
  2
*U135
340
0
102
{BLKREFS
331
81E
102
}
 70
     0
280
     1
281
     0
  0
BLOCK_RECORD
  5
829
330
1
100
AcDbSymbolTableRecord
100
AcDbBlockTableRecord
  2
*U136
340
0
102
{BLKREFS
331
828
102
}
 70
     0
280
     1
281
     0
  0
BLOCK_RECORD
  5
833
330
1
100
AcDbSymbolTableRecord
100
AcDbBlockTableRecord
  2
*U137
340
0
102
{BLKREFS
331
832
102
}
 70
     0
280
     1
281
     0
  0
BLOCK_RECORD
  5
83D
330
1
100
AcDbSymbolTableRecord
100
AcDbBlockTableRecord
  2
*U138
340
0
102
{BLKREFS
331
83C
102
}
 70
     0
280
     1
281
     0
  0
BLOCK_RECORD
  5
847
330
1
100
AcDbSymbolTableRecord
100
AcDbBlockTableRecord
  2
*U139
340
0
102
{BLKREFS
331
846
102
}
 70
     0
280
     1
281
     0
  0
BLOCK_RECORD
  5
851
330
1
100
AcDbSymbolTableRecord
100
AcDbBlockTableRecord
  2
*U140
340
0
102
{BLKREFS
331
850
102
}
 70
     0
280
     1
281
     0
  0
BLOCK_RECORD
  5
85B
330
1
100
AcDbSymbolTableRecord
100
AcDbBlockTableRecord
  2
*U141
340
0
102
{BLKREFS
331
85A
102
}
 70
     0
280
     1
281
     0
  0
BLOCK_RECORD
  5
865
330
1
100
AcDbSymbolTableRecord
100
AcDbBlockTableRecord
  2
*U142
340
0
102
{BLKREFS
331
864
102
}
 70
     0
280
     1
281
     0
  0
BLOCK_RECORD
  5
86F
330
1
100
AcDbSymbolTableRecord
100
AcDbBlockTableRecord
  2
*U143
340
0
102
{BLKREFS
331
86E
102
}
 70
     0
280
     1
281
     0
  0
BLOCK_RECORD
  5
879
330
1
100
AcDbSymbolTableRecord
100
AcDbBlockTableRecord
  2
*U144
340
0
102
{BLKREFS
331
878
102
}
 70
     0
280
     1
281
     0
  0
BLOCK_RECORD
  5
883
330
1
100
AcDbSymbolTableRecord
100
AcDbBlockTableRecord
  2
*U145
340
0
102
{BLKREFS
331
882
102
}
 70
     0
280
     1
281
     0
  0
BLOCK_RECORD
  5
88D
330
1
100
AcDbSymbolTableRecord
100
AcDbBlockTableRecord
  2
*U146
340
0
102
{BLKREFS
331
88C
102
}
 70
     0
280
     1
281
     0
  0
BLOCK_RECORD
  5
897
330
1
100
AcDbSymbolTableRecord
100
AcDbBlockTableRecord
  2
*U147
340
0
102
{BLKREFS
331
896
102
}
 70
     0
280
     1
281
     0
  0
BLOCK_RECORD
  5
8A1
330
1
100
AcDbSymbolTableRecord
100
AcDbBlockTableRecord
  2
*U148
340
0
102
{BLKREFS
331
8A0
102
}
 70
     0
280
     1
281
     0
  0
BLOCK_RECORD
  5
8AB
330
1
100
AcDbSymbolTableRecord
100
AcDbBlockTableRecord
  2
*U149
340
0
102
{BLKREFS
331
8AA
102
}
 70
     0
280
     1
281
     0
  0
BLOCK_RECORD
  5
8B5
330
1
100
AcDbSymbolTableRecord
100
AcDbBlockTableRecord
  2
*U150
340
0
102
{BLKREFS
331
8B4
102
}
 70
     0
280
     1
281
     0
  0
BLOCK_RECORD
  5
8BF
330
1
100
AcDbSymbolTableRecord
100
AcDbBlockTableRecord
  2
*U151
340
0
102
{BLKREFS
331
8BE
102
}
 70
     0
280
     1
281
     0
  0
BLOCK_RECORD
  5
8C9
330
1
100
AcDbSymbolTableRecord
100
AcDbBlockTableRecord
  2
*U152
340
0
102
{BLKREFS
331
8C8
102
}
 70
     0
280
     1
281
     0
  0
BLOCK_RECORD
  5
8D3
330
1
100
AcDbSymbolTableRecord
100
AcDbBlockTableRecord
  2
*U153
340
0
102
{BLKREFS
331
8D2
102
}
 70
     0
280
     1
281
     0
  0
BLOCK_RECORD
  5
8DD
330
1
100
AcDbSymbolTableRecord
100
AcDbBlockTableRecord
  2
*U154
340
0
102
{BLKREFS
331
8DC
102
}
 70
     0
280
     1
281
     0
  0
BLOCK_RECORD
  5
8E7
330
1
100
AcDbSymbolTableRecord
100
AcDbBlockTableRecord
  2
*U155
340
0
102
{BLKREFS
331
8E6
102
}
 70
     0
280
     1
281
     0
  0
BLOCK_RECORD
  5
8F1
330
1
100
AcDbSymbolTableRecord
100
AcDbBlockTableRecord
  2
*U156
340
0
102
{BLKREFS
331
8F0
102
}
 70
     0
280
     1
281
     0
  0
BLOCK_RECORD
  5
8FB
330
1
100
AcDbSymbolTableRecord
100
AcDbBlockTableRecord
  2
*U157
340
0
102
{BLKREFS
331
8FA
102
}
 70
     0
280
     1
281
     0
  0
BLOCK_RECORD
  5
905
330
1
100
AcDbSymbolTableRecord
100
AcDbBlockTableRecord
  2
*U158
340
0
102
{BLKREFS
331
904
102
}
 70
     0
280
     1
281
     0
  0
BLOCK_RECORD
  5
90F
330
1
100
AcDbSymbolTableRecord
100
AcDbBlockTableRecord
  2
*U159
340
0
102
{BLKREFS
331
90E
102
}
 70
     0
280
     1
281
     0
  0
BLOCK_RECORD
  5
919
330
1
100
AcDbSymbolTableRecord
100
AcDbBlockTableRecord
  2
*U160
340
0
102
{BLKREFS
331
918
102
}
 70
     0
280
     1
281
     0
  0
BLOCK_RECORD
  5
923
330
1
100
AcDbSymbolTableRecord
100
AcDbBlockTableRecord
  2
*U161
340
0
102
{BLKREFS
331
922
102
}
 70
     0
280
     1
281
     0
  0
BLOCK_RECORD
  5
92D
330
1
100
AcDbSymbolTableRecord
100
AcDbBlockTableRecord
  2
*U162
340
0
102
{BLKREFS
331
92C
102
}
 70
     0
280
     1
281
     0
  0
BLOCK_RECORD
  5
937
330
1
100
AcDbSymbolTableRecord
100
AcDbBlockTableRecord
  2
*U163
340
0
102
{BLKREFS
331
936
102
}
 70
     0
280
     1
281
     0
  0
BLOCK_RECORD
  5
941
330
1
100
AcDbSymbolTableRecord
100
AcDbBlockTableRecord
  2
*U164
340
0
102
{BLKREFS
331
940
102
}
 70
     0
280
     1
281
     0
  0
BLOCK_RECORD
  5
94B
330
1
100
AcDbSymbolTableRecord
100
AcDbBlockTableRecord
  2
*U165
340
0
102
{BLKREFS
331
94A
102
}
 70
     0
280
     1
281
     0
  0
BLOCK_RECORD
  5
955
330
1
100
AcDbSymbolTableRecord
100
AcDbBlockTableRecord
  2
*U166
340
0
102
{BLKREFS
331
954
102
}
 70
     0
280
     1
281
     0
  0
BLOCK_RECORD
  5
95F
330
1
100
AcDbSymbolTableRecord
100
AcDbBlockTableRecord
  2
*U167
340
0
102
{BLKREFS
331
95E
102
}
 70
     0
280
     1
281
     0
  0
BLOCK_RECORD
  5
969
330
1
100
AcDbSymbolTableRecord
100
AcDbBlockTableRecord
  2
*U168
340
0
102
{BLKREFS
331
968
102
}
 70
     0
280
     1
281
     0
  0
BLOCK_RECORD
  5
973
330
1
100
AcDbSymbolTableRecord
100
AcDbBlockTableRecord
  2
*U169
340
0
102
{BLKREFS
331
972
102
}
 70
     0
280
     1
281
     0
  0
BLOCK_RECORD
  5
97D
330
1
100
AcDbSymbolTableRecord
100
AcDbBlockTableRecord
  2
*U170
340
0
102
{BLKREFS
331
97C
102
}
 70
     0
280
     1
281
     0
  0
BLOCK_RECORD
  5
987
330
1
100
AcDbSymbolTableRecord
100
AcDbBlockTableRecord
  2
*U171
340
0
102
{BLKREFS
331
986
102
}
 70
     0
280
     1
281
     0
  0
BLOCK_RECORD
  5
991
330
1
100
AcDbSymbolTableRecord
100
AcDbBlockTableRecord
  2
*U172
340
0
102
{BLKREFS
331
990
102
}
 70
     0
280
     1
281
     0
  0
BLOCK_RECORD
  5
99B
330
1
100
AcDbSymbolTableRecord
100
AcDbBlockTableRecord
  2
*U173
340
0
102
{BLKREFS
331
99A
102
}
 70
     0
280
     1
281
     0
  0
BLOCK_RECORD
  5
9A5
330
1
100
AcDbSymbolTableRecord
100
AcDbBlockTableRecord
  2
*U174
340
0
102
{BLKREFS
331
9A4
102
}
 70
     0
280
     1
281
     0
  0
BLOCK_RECORD
  5
9AF
330
1
100
AcDbSymbolTableRecord
100
AcDbBlockTableRecord
  2
*U175
340
0
102
{BLKREFS
331
9AE
102
}
 70
     0
280
     1
281
     0
  0
BLOCK_RECORD
  5
9B9
330
1
100
AcDbSymbolTableRecord
100
AcDbBlockTableRecord
  2
*U176
340
0
102
{BLKREFS
331
9B8
102
}
 70
     0
280
     1
281
     0
  0
BLOCK_RECORD
  5
9C3
330
1
100
AcDbSymbolTableRecord
100
AcDbBlockTableRecord
  2
*U177
340
0
102
{BLKREFS
331
9C2
102
}
 70
     0
280
     1
281
     0
  0
BLOCK_RECORD
  5
9CD
330
1
100
AcDbSymbolTableRecord
100
AcDbBlockTableRecord
  2
*U178
340
0
102
{BLKREFS
331
9CC
102
}
 70
     0
280
     1
281
     0
  0
BLOCK_RECORD
  5
9D7
330
1
100
AcDbSymbolTableRecord
100
AcDbBlockTableRecord
  2
*U179
340
0
102
{BLKREFS
331
9D6
102
}
 70
     0
280
     1
281
     0
  0
BLOCK_RECORD
  5
9E1
330
1
100
AcDbSymbolTableRecord
100
AcDbBlockTableRecord
  2
*U180
340
0
102
{BLKREFS
331
9E0
102
}
 70
     0
280
     1
281
     0
  0
BLOCK_RECORD
  5
9EB
330
1
100
AcDbSymbolTableRecord
100
AcDbBlockTableRecord
  2
*U181
340
0
102
{BLKREFS
331
9EA
102
}
 70
     0
280
     1
281
     0
  0
BLOCK_RECORD
  5
9F5
330
1
100
AcDbSymbolTableRecord
100
AcDbBlockTableRecord
  2
*U182
340
0
102
{BLKREFS
331
9F4
102
}
 70
     0
280
     1
281
     0
  0
BLOCK_RECORD
  5
9FF
330
1
100
AcDbSymbolTableRecord
100
AcDbBlockTableRecord
  2
*U183
340
0
102
{BLKREFS
331
9FE
102
}
 70
     0
280
     1
281
     0
  0
BLOCK_RECORD
  5
A09
330
1
100
AcDbSymbolTableRecord
100
AcDbBlockTableRecord
  2
*U184
340
0
102
{BLKREFS
331
A08
102
}
 70
     0
280
     1
281
     0
  0
BLOCK_RECORD
  5
A13
330
1
100
AcDbSymbolTableRecord
100
AcDbBlockTableRecord
  2
*U185
340
0
102
{BLKREFS
331
A12
102
}
 70
     0
280
     1
281
     0
  0
BLOCK_RECORD
  5
A1D
330
1
100
AcDbSymbolTableRecord
100
AcDbBlockTableRecord
  2
*U186
340
0
102
{BLKREFS
331
A1C
102
}
 70
     0
280
     1
281
     0
  0
BLOCK_RECORD
  5
A27
330
1
100
AcDbSymbolTableRecord
100
AcDbBlockTableRecord
  2
*U187
340
0
102
{BLKREFS
331
A26
102
}
 70
     0
280
     1
281
     0
  0
BLOCK_RECORD
  5
A31
330
1
100
AcDbSymbolTableRecord
100
AcDbBlockTableRecord
  2
*U188
340
0
102
{BLKREFS
331
A30
102
}
 70
     0
280
     1
281
     0
  0
BLOCK_RECORD
  5
A3B
330
1
100
AcDbSymbolTableRecord
100
AcDbBlockTableRecord
  2
*U189
340
0
102
{BLKREFS
331
A3A
102
}
 70
     0
280
     1
281
     0
  0
BLOCK_RECORD
  5
A45
330
1
100
AcDbSymbolTableRecord
100
AcDbBlockTableRecord
  2
*U190
340
0
102
{BLKREFS
331
A44
102
}
 70
     0
280
     1
281
     0
  0
BLOCK_RECORD
  5
A4F
330
1
100
AcDbSymbolTableRecord
100
AcDbBlockTableRecord
  2
*U191
340
0
102
{BLKREFS
331
A4E
102
}
 70
     0
280
     1
281
     0
  0
BLOCK_RECORD
  5
A59
330
1
100
AcDbSymbolTableRecord
100
AcDbBlockTableRecord
  2
*U192
340
0
102
{BLKREFS
331
A58
102
}
 70
     0
280
     1
281
     0
  0
BLOCK_RECORD
  5
A63
330
1
100
AcDbSymbolTableRecord
100
AcDbBlockTableRecord
  2
*U193
340
0
102
{BLKREFS
331
A62
102
}
 70
     0
280
     1
281
     0
  0
BLOCK_RECORD
  5
A6D
330
1
100
AcDbSymbolTableRecord
100
AcDbBlockTableRecord
  2
*U194
340
0
102
{BLKREFS
331
A6C
102
}
 70
     0
280
     1
281
     0
  0
BLOCK_RECORD
  5
A77
330
1
100
AcDbSymbolTableRecord
100
AcDbBlockTableRecord
  2
*U195
340
0
102
{BLKREFS
331
A76
102
}
 70
     0
280
     1
281
     0
  0
BLOCK_RECORD
  5
A81
330
1
100
AcDbSymbolTableRecord
100
AcDbBlockTableRecord
  2
*U196
340
0
102
{BLKREFS
331
A80
102
}
 70
     0
280
     1
281
     0
  0
BLOCK_RECORD
  5
A8B
330
1
100
AcDbSymbolTableRecord
100
AcDbBlockTableRecord
  2
*U197
340
0
102
{BLKREFS
331
A8A
102
}
 70
     0
280
     1
281
     0
  0
BLOCK_RECORD
  5
A95
330
1
100
AcDbSymbolTableRecord
100
AcDbBlockTableRecord
  2
*U198
340
0
102
{BLKREFS
331
A94
102
}
 70
     0
280
     1
281
     0
  0
BLOCK_RECORD
  5
A9F
330
1
100
AcDbSymbolTableRecord
100
AcDbBlockTableRecord
  2
*U199
340
0
102
{BLKREFS
331
A9E
102
}
 70
     0
280
     1
281
     0
  0
BLOCK_RECORD
  5
AA9
330
1
100
AcDbSymbolTableRecord
100
AcDbBlockTableRecord
  2
*U200
340
0
102
{BLKREFS
331
AA8
102
}
 70
     0
280
     1
281
     0
  0
BLOCK_RECORD
  5
AB3
330
1
100
AcDbSymbolTableRecord
100
AcDbBlockTableRecord
  2
*U201
340
0
102
{BLKREFS
331
AB2
102
}
 70
     0
280
     1
281
     0
  0
BLOCK_RECORD
  5
ABD
330
1
100
AcDbSymbolTableRecord
100
AcDbBlockTableRecord
  2
*U202
340
0
102
{BLKREFS
331
ABC
102
}
 70
     0
280
     1
281
     0
  0
BLOCK_RECORD
  5
AC7
330
1
100
AcDbSymbolTableRecord
100
AcDbBlockTableRecord
  2
*U203
340
0
102
{BLKREFS
331
AC6
102
}
 70
     0
280
     1
281
     0
  0
BLOCK_RECORD
  5
AD1
330
1
100
AcDbSymbolTableRecord
100
AcDbBlockTableRecord
  2
*U204
340
0
102
{BLKREFS
331
AD0
102
}
 70
     0
280
     1
281
     0
  0
BLOCK_RECORD
  5
ADB
330
1
100
AcDbSymbolTableRecord
100
AcDbBlockTableRecord
  2
*U205
340
0
102
{BLKREFS
331
ADA
102
}
 70
     0
280
     1
281
     0
  0
BLOCK_RECORD
  5
AE5
330
1
100
AcDbSymbolTableRecord
100
AcDbBlockTableRecord
  2
*U206
340
0
102
{BLKREFS
331
AE4
102
}
 70
     0
280
     1
281
     0
  0
BLOCK_RECORD
  5
AEF
330
1
100
AcDbSymbolTableRecord
100
AcDbBlockTableRecord
  2
*U207
340
0
102
{BLKREFS
331
AEE
102
}
 70
     0
280
     1
281
     0
  0
BLOCK_RECORD
  5
AF9
330
1
100
AcDbSymbolTableRecord
100
AcDbBlockTableRecord
  2
*U208
340
0
102
{BLKREFS
331
AF8
102
}
 70
     0
280
     1
281
     0
  0
BLOCK_RECORD
  5
B03
330
1
100
AcDbSymbolTableRecord
100
AcDbBlockTableRecord
  2
*U209
340
0
102
{BLKREFS
331
B02
102
}
 70
     0
280
     1
281
     0
  0
BLOCK_RECORD
  5
B0D
330
1
100
AcDbSymbolTableRecord
100
AcDbBlockTableRecord
  2
*U210
340
0
102
{BLKREFS
331
B0C
102
}
 70
     0
280
     1
281
     0
  0
BLOCK_RECORD
  5
B17
330
1
100
AcDbSymbolTableRecord
100
AcDbBlockTableRecord
  2
*U211
340
0
102
{BLKREFS
331
B16
102
}
 70
     0
280
     1
281
     0
  0
BLOCK_RECORD
  5
B21
330
1
100
AcDbSymbolTableRecord
100
AcDbBlockTableRecord
  2
*U212
340
0
102
{BLKREFS
331
B20
102
}
 70
     0
280
     1
281
     0
  0
BLOCK_RECORD
  5
B2B
330
1
100
AcDbSymbolTableRecord
100
AcDbBlockTableRecord
  2
*U213
340
0
102
{BLKREFS
331
B2A
102
}
 70
     0
280
     1
281
     0
  0
BLOCK_RECORD
  5
B35
330
1
100
AcDbSymbolTableRecord
100
AcDbBlockTableRecord
  2
*U214
340
0
102
{BLKREFS
331
B34
102
}
 70
     0
280
     1
281
     0
  0
BLOCK_RECORD
  5
B3F
330
1
100
AcDbSymbolTableRecord
100
AcDbBlockTableRecord
  2
*U215
340
0
102
{BLKREFS
331
B3E
102
}
 70
     0
280
     1
281
     0
  0
BLOCK_RECORD
  5
B49
330
1
100
AcDbSymbolTableRecord
100
AcDbBlockTableRecord
  2
*U216
340
0
102
{BLKREFS
331
B48
102
}
 70
     0
280
     1
281
     0
  0
BLOCK_RECORD
  5
B53
330
1
100
AcDbSymbolTableRecord
100
AcDbBlockTableRecord
  2
*U217
340
0
102
{BLKREFS
331
B52
102
}
 70
     0
280
     1
281
     0
  0
BLOCK_RECORD
  5
B5D
330
1
100
AcDbSymbolTableRecord
100
AcDbBlockTableRecord
  2
*U218
340
0
102
{BLKREFS
331
B5C
102
}
 70
     0
280
     1
281
     0
  0
BLOCK_RECORD
  5
B67
330
1
100
AcDbSymbolTableRecord
100
AcDbBlockTableRecord
  2
*U219
340
0
102
{BLKREFS
331
B66
102
}
 70
     0
280
     1
281
     0
  0
BLOCK_RECORD
  5
B71
330
1
100
AcDbSymbolTableRecord
100
AcDbBlockTableRecord
  2
*U220
340
0
102
{BLKREFS
331
B70
102
}
 70
     0
280
     1
281
     0
  0
BLOCK_RECORD
  5
B7B
330
1
100
AcDbSymbolTableRecord
100
AcDbBlockTableRecord
  2
*U221
340
0
102
{BLKREFS
331
B7A
102
}
 70
     0
280
     1
281
     0
  0
BLOCK_RECORD
  5
B85
330
1
100
AcDbSymbolTableRecord
100
AcDbBlockTableRecord
  2
*U222
340
0
102
{BLKREFS
331
B84
102
}
 70
     0
280
     1
281
     0
  0
BLOCK_RECORD
  5
B8F
330
1
100
AcDbSymbolTableRecord
100
AcDbBlockTableRecord
  2
*U223
340
0
102
{BLKREFS
331
B8E
102
}
 70
     0
280
     1
281
     0
  0
BLOCK_RECORD
  5
B99
330
1
100
AcDbSymbolTableRecord
100
AcDbBlockTableRecord
  2
*U224
340
0
102
{BLKREFS
331
B98
102
}
 70
     0
280
     1
281
     0
  0
BLOCK_RECORD
  5
BA3
330
1
100
AcDbSymbolTableRecord
100
AcDbBlockTableRecord
  2
*U225
340
0
102
{BLKREFS
331
BA2
102
}
 70
     0
280
     1
281
     0
  0
BLOCK_RECORD
  5
BAD
330
1
100
AcDbSymbolTableRecord
100
AcDbBlockTableRecord
  2
*U226
340
0
102
{BLKREFS
331
BAC
102
}
 70
     0
280
     1
281
     0
  0
BLOCK_RECORD
  5
BB7
330
1
100
AcDbSymbolTableRecord
100
AcDbBlockTableRecord
  2
*U227
340
0
102
{BLKREFS
331
BB6
102
}
 70
     0
280
     1
281
     0
  0
BLOCK_RECORD
  5
BC1
330
1
100
AcDbSymbolTableRecord
100
AcDbBlockTableRecord
  2
*U228
340
0
102
{BLKREFS
331
BC0
102
}
 70
     0
280
     1
281
     0
  0
BLOCK_RECORD
  5
BCB
330
1
100
AcDbSymbolTableRecord
100
AcDbBlockTableRecord
  2
*U229
340
0
102
{BLKREFS
331
BCA
102
}
 70
     0
280
     1
281
     0
  0
BLOCK_RECORD
  5
BD5
330
1
100
AcDbSymbolTableRecord
100
AcDbBlockTableRecord
  2
*U230
340
0
102
{BLKREFS
331
BD4
102
}
 70
     0
280
     1
281
     0
  0
BLOCK_RECORD
  5
BDF
330
1
100
AcDbSymbolTableRecord
100
AcDbBlockTableRecord
  2
*U231
340
0
102
{BLKREFS
331
BDE
102
}
 70
     0
280
     1
281
     0
  0
BLOCK_RECORD
  5
BE9
330
1
100
AcDbSymbolTableRecord
100
AcDbBlockTableRecord
  2
*U232
340
0
102
{BLKREFS
331
BE8
102
}
 70
     0
280
     1
281
     0
  0
BLOCK_RECORD
  5
BF3
330
1
100
AcDbSymbolTableRecord
100
AcDbBlockTableRecord
  2
*U233
340
0
102
{BLKREFS
331
BF2
102
}
 70
     0
280
     1
281
     0
  0
BLOCK_RECORD
  5
BFD
330
1
100
AcDbSymbolTableRecord
100
AcDbBlockTableRecord
  2
*U234
340
0
102
{BLKREFS
331
BFC
102
}
 70
     0
280
     1
281
     0
  0
BLOCK_RECORD
  5
C07
330
1
100
AcDbSymbolTableRecord
100
AcDbBlockTableRecord
  2
*U235
340
0
102
{BLKREFS
331
C06
102
}
 70
     0
280
     1
281
     0
  0
BLOCK_RECORD
  5
C11
330
1
100
AcDbSymbolTableRecord
100
AcDbBlockTableRecord
  2
*U236
340
0
102
{BLKREFS
331
C10
102
}
 70
     0
280
     1
281
     0
  0
BLOCK_RECORD
  5
C1B
330
1
100
AcDbSymbolTableRecord
100
AcDbBlockTableRecord
  2
*U237
340
0
102
{BLKREFS
331
C1A
102
}
 70
     0
280
     1
281
     0
  0
BLOCK_RECORD
  5
C25
330
1
100
AcDbSymbolTableRecord
100
AcDbBlockTableRecord
  2
*U238
340
0
102
{BLKREFS
331
C24
102
}
 70
     0
280
     1
281
     0
  0
BLOCK_RECORD
  5
C2F
330
1
100
AcDbSymbolTableRecord
100
AcDbBlockTableRecord
  2
*U239
340
0
102
{BLKREFS
331
C2E
102
}
 70
     0
280
     1
281
     0
  0
BLOCK_RECORD
  5
C39
330
1
100
AcDbSymbolTableRecord
100
AcDbBlockTableRecord
  2
*U240
340
0
102
{BLKREFS
331
C38
102
}
 70
     0
280
     1
281
     0
  0
BLOCK_RECORD
  5
C43
330
1
100
AcDbSymbolTableRecord
100
AcDbBlockTableRecord
  2
*U241
340
0
102
{BLKREFS
331
C42
102
}
 70
     0
280
     1
281
     0
  0
BLOCK_RECORD
  5
C4D
330
1
100
AcDbSymbolTableRecord
100
AcDbBlockTableRecord
  2
*U242
340
0
102
{BLKREFS
331
C4C
102
}
 70
     0
280
     1
281
     0
  0
BLOCK_RECORD
  5
C57
330
1
100
AcDbSymbolTableRecord
100
AcDbBlockTableRecord
  2
*U243
340
0
102
{BLKREFS
331
C56
102
}
 70
     0
280
     1
281
     0
  0
BLOCK_RECORD
  5
C61
330
1
100
AcDbSymbolTableRecord
100
AcDbBlockTableRecord
  2
*U244
340
0
102
{BLKREFS
331
C60
102
}
 70
     0
280
     1
281
     0
  0
BLOCK_RECORD
  5
C6B
330
1
100
AcDbSymbolTableRecord
100
AcDbBlockTableRecord
  2
*U245
340
0
102
{BLKREFS
331
C6A
102
}
 70
     0
280
     1
281
     0
  0
BLOCK_RECORD
  5
C75
330
1
100
AcDbSymbolTableRecord
100
AcDbBlockTableRecord
  2
*U246
340
0
102
{BLKREFS
331
C74
102
}
 70
     0
280
     1
281
     0
  0
BLOCK_RECORD
  5
C7F
330
1
100
AcDbSymbolTableRecord
100
AcDbBlockTableRecord
  2
*U247
340
0
102
{BLKREFS
331
C7E
102
}
 70
     0
280
     1
281
     0
  0
BLOCK_RECORD
  5
C89
330
1
100
AcDbSymbolTableRecord
100
AcDbBlockTableRecord
  2
*U248
340
0
102
{BLKREFS
331
C88
102
}
 70
     0
280
     1
281
     0
  0
BLOCK_RECORD
  5
C93
330
1
100
AcDbSymbolTableRecord
100
AcDbBlockTableRecord
  2
*U249
340
0
102
{BLKREFS
331
C92
102
}
 70
     0
280
     1
281
     0
  0
BLOCK_RECORD
  5
C9D
330
1
100
AcDbSymbolTableRecord
100
AcDbBlockTableRecord
  2
*U250
340
0
102
{BLKREFS
331
C9C
102
}
 70
     0
280
     1
281
     0
  0
BLOCK_RECORD
  5
CA7
330
1
100
AcDbSymbolTableRecord
100
AcDbBlockTableRecord
  2
*U251
340
0
102
{BLKREFS
331
CA6
102
}
 70
     0
280
     1
281
     0
  0
BLOCK_RECORD
  5
CB1
330
1
100
AcDbSymbolTableRecord
100
AcDbBlockTableRecord
  2
*U252
340
0
102
{BLKREFS
331
CB0
102
}
 70
     0
280
     1
281
     0
  0
BLOCK_RECORD
  5
CBB
330
1
100
AcDbSymbolTableRecord
100
AcDbBlockTableRecord
  2
*U253
340
0
102
{BLKREFS
331
CBA
102
}
 70
     0
280
     1
281
     0
  0
BLOCK_RECORD
  5
CC5
330
1
100
AcDbSymbolTableRecord
100
AcDbBlockTableRecord
  2
*U254
340
0
102
{BLKREFS
331
CC4
102
}
 70
     0
280
     1
281
     0
  0
BLOCK_RECORD
  5
CCF
330
1
100
AcDbSymbolTableRecord
100
AcDbBlockTableRecord
  2
*U255
340
0
102
{BLKREFS
331
CCE
102
}
 70
     0
280
     1
281
     0
  0
BLOCK_RECORD
  5
CD9
330
1
100
AcDbSymbolTableRecord
100
AcDbBlockTableRecord
  2
*U256
340
0
102
{BLKREFS
331
CD8
102
}
 70
     0
280
     1
281
     0
  0
BLOCK_RECORD
  5
CE3
330
1
100
AcDbSymbolTableRecord
100
AcDbBlockTableRecord
  2
*U257
340
0
102
{BLKREFS
331
CE2
102
}
 70
     0
280
     1
281
     0
  0
BLOCK_RECORD
  5
CED
330
1
100
AcDbSymbolTableRecord
100
AcDbBlockTableRecord
  2
*U258
340
0
102
{BLKREFS
331
CEC
102
}
 70
     0
280
     1
281
     0
  0
BLOCK_RECORD
  5
CF7
330
1
100
AcDbSymbolTableRecord
100
AcDbBlockTableRecord
  2
*U259
340
0
102
{BLKREFS
331
CF6
102
}
 70
     0
280
     1
281
     0
  0
BLOCK_RECORD
  5
D01
330
1
100
AcDbSymbolTableRecord
100
AcDbBlockTableRecord
  2
*U260
340
0
102
{BLKREFS
331
D00
102
}
 70
     0
280
     1
281
     0
  0
BLOCK_RECORD
  5
D0B
330
1
100
AcDbSymbolTableRecord
100
AcDbBlockTableRecord
  2
*U261
340
0
102
{BLKREFS
331
D0A
102
}
 70
     0
280
     1
281
     0
  0
BLOCK_RECORD
  5
D15
330
1
100
AcDbSymbolTableRecord
100
AcDbBlockTableRecord
  2
*U262
340
0
102
{BLKREFS
331
D14
102
}
 70
     0
280
     1
281
     0
  0
BLOCK_RECORD
  5
D1F
330
1
100
AcDbSymbolTableRecord
100
AcDbBlockTableRecord
  2
*U263
340
0
102
{BLKREFS
331
D1E
102
}
 70
     0
280
     1
281
     0
  0
BLOCK_RECORD
  5
D29
330
1
100
AcDbSymbolTableRecord
100
AcDbBlockTableRecord
  2
*U264
340
0
102
{BLKREFS
331
D28
102
}
 70
     0
280
     1
281
     0
  0
BLOCK_RECORD
  5
D33
330
1
100
AcDbSymbolTableRecord
100
AcDbBlockTableRecord
  2
*U265
340
0
102
{BLKREFS
331
D32
102
}
 70
     0
280
     1
281
     0
  0
BLOCK_RECORD
  5
D3D
330
1
100
AcDbSymbolTableRecord
100
AcDbBlockTableRecord
  2
*U266
340
0
102
{BLKREFS
331
D3C
102
}
 70
     0
280
     1
281
     0
  0
BLOCK_RECORD
  5
D47
330
1
100
AcDbSymbolTableRecord
100
AcDbBlockTableRecord
  2
*U267
340
0
102
{BLKREFS
331
D46
102
}
 70
     0
280
     1
281
     0
  0
BLOCK_RECORD
  5
D51
330
1
100
AcDbSymbolTableRecord
100
AcDbBlockTableRecord
  2
*U268
340
0
102
{BLKREFS
331
D50
102
}
 70
     0
280
     1
281
     0
  0
BLOCK_RECORD
  5
D5B
330
1
100
AcDbSymbolTableRecord
100
AcDbBlockTableRecord
  2
*U269
340
0
102
{BLKREFS
331
D5A
102
}
 70
     0
280
     1
281
     0
  0
BLOCK_RECORD
  5
D65
330
1
100
AcDbSymbolTableRecord
100
AcDbBlockTableRecord
  2
*U270
340
0
102
{BLKREFS
331
D64
102
}
 70
     0
280
     1
281
     0
  0
BLOCK_RECORD
  5
D6F
330
1
100
AcDbSymbolTableRecord
100
AcDbBlockTableRecord
  2
*U271
340
0
102
{BLKREFS
331
D6E
102
}
 70
     0
280
     1
281
     0
  0
BLOCK_RECORD
  5
D79
330
1
100
AcDbSymbolTableRecord
100
AcDbBlockTableRecord
  2
*U272
340
0
102
{BLKREFS
331
D78
102
}
 70
     0
280
     1
281
     0
  0
BLOCK_RECORD
  5
D83
330
1
100
AcDbSymbolTableRecord
100
AcDbBlockTableRecord
  2
*U273
340
0
102
{BLKREFS
331
D82
102
}
 70
     0
280
     1
281
     0
  0
BLOCK_RECORD
  5
D8D
330
1
100
AcDbSymbolTableRecord
100
AcDbBlockTableRecord
  2
*U274
340
0
102
{BLKREFS
331
D8C
102
}
 70
     0
280
     1
281
     0
  0
BLOCK_RECORD
  5
D97
330
1
100
AcDbSymbolTableRecord
100
AcDbBlockTableRecord
  2
*U275
340
0
102
{BLKREFS
331
D96
102
}
 70
     0
280
     1
281
     0
  0
BLOCK_RECORD
  5
DA1
330
1
100
AcDbSymbolTableRecord
100
AcDbBlockTableRecord
  2
*U276
340
0
102
{BLKREFS
331
DA0
102
}
 70
     0
280
     1
281
     0
  0
BLOCK_RECORD
  5
DAB
330
1
100
AcDbSymbolTableRecord
100
AcDbBlockTableRecord
  2
*U277
340
0
102
{BLKREFS
331
DAA
102
}
 70
     0
280
     1
281
     0
  0
BLOCK_RECORD
  5
DB5
330
1
100
AcDbSymbolTableRecord
100
AcDbBlockTableRecord
  2
*U278
340
0
102
{BLKREFS
331
DB4
102
}
 70
     0
280
     1
281
     0
  0
BLOCK_RECORD
  5
DBF
330
1
100
AcDbSymbolTableRecord
100
AcDbBlockTableRecord
  2
*U279
340
0
102
{BLKREFS
331
DBE
102
}
 70
     0
280
     1
281
     0
  0
BLOCK_RECORD
  5
DC9
330
1
100
AcDbSymbolTableRecord
100
AcDbBlockTableRecord
  2
*U280
340
0
102
{BLKREFS
331
DC8
102
}
 70
     0
280
     1
281
     0
  0
BLOCK_RECORD
  5
DD3
330
1
100
AcDbSymbolTableRecord
100
AcDbBlockTableRecord
  2
*U281
340
0
102
{BLKREFS
331
DD2
102
}
 70
     0
280
     1
281
     0
  0
BLOCK_RECORD
  5
DDD
330
1
100
AcDbSymbolTableRecord
100
AcDbBlockTableRecord
  2
*U282
340
0
102
{BLKREFS
331
DDC
102
}
 70
     0
280
     1
281
     0
  0
BLOCK_RECORD
  5
DE7
330
1
100
AcDbSymbolTableRecord
100
AcDbBlockTableRecord
  2
*U283
340
0
102
{BLKREFS
331
DE6
102
}
 70
     0
280
     1
281
     0
  0
BLOCK_RECORD
  5
DF1
330
1
100
AcDbSymbolTableRecord
100
AcDbBlockTableRecord
  2
*U284
340
0
102
{BLKREFS
331
DF0
102
}
 70
     0
280
     1
281
     0
  0
BLOCK_RECORD
  5
DFB
330
1
100
AcDbSymbolTableRecord
100
AcDbBlockTableRecord
  2
*U285
340
0
102
{BLKREFS
331
DFA
102
}
 70
     0
280
     1
281
     0
  0
BLOCK_RECORD
  5
E05
330
1
100
AcDbSymbolTableRecord
100
AcDbBlockTableRecord
  2
*U286
340
0
102
{BLKREFS
331
E04
102
}
 70
     0
280
     1
281
     0
  0
BLOCK_RECORD
  5
E0F
330
1
100
AcDbSymbolTableRecord
100
AcDbBlockTableRecord
  2
*U287
340
0
102
{BLKREFS
331
E0E
102
}
 70
     0
280
     1
281
     0
  0
BLOCK_RECORD
  5
E19
330
1
100
AcDbSymbolTableRecord
100
AcDbBlockTableRecord
  2
*U288
340
0
102
{BLKREFS
331
E18
102
}
 70
     0
280
     1
281
     0
  0
BLOCK_RECORD
  5
E23
330
1
100
AcDbSymbolTableRecord
100
AcDbBlockTableRecord
  2
*U289
340
0
102
{BLKREFS
331
E22
102
}
 70
     0
280
     1
281
     0
  0
BLOCK_RECORD
  5
E2D
330
1
100
AcDbSymbolTableRecord
100
AcDbBlockTableRecord
  2
*U290
340
0
102
{BLKREFS
331
E2C
102
}
 70
     0
280
     1
281
     0
  0
BLOCK_RECORD
  5
E37
330
1
100
AcDbSymbolTableRecord
100
AcDbBlockTableRecord
  2
*U291
340
0
102
{BLKREFS
331
E36
102
}
 70
     0
280
     1
281
     0
  0
BLOCK_RECORD
  5
E41
330
1
100
AcDbSymbolTableRecord
100
AcDbBlockTableRecord
  2
*U292
340
0
102
{BLKREFS
331
E40
102
}
 70
     0
280
     1
281
     0
  0
BLOCK_RECORD
  5
E4B
330
1
100
AcDbSymbolTableRecord
100
AcDbBlockTableRecord
  2
*U293
340
0
102
{BLKREFS
331
E4A
102
}
 70
     0
280
     1
281
     0
  0
BLOCK_RECORD
  5
E55
330
1
100
AcDbSymbolTableRecord
100
AcDbBlockTableRecord
  2
*U294
340
0
102
{BLKREFS
331
E54
102
}
 70
     0
280
     1
281
     0
  0
BLOCK_RECORD
  5
E5F
330
1
100
AcDbSymbolTableRecord
100
AcDbBlockTableRecord
  2
*U295
340
0
102
{BLKREFS
331
E5E
102
}
 70
     0
280
     1
281
     0
  0
BLOCK_RECORD
  5
E69
330
1
100
AcDbSymbolTableRecord
100
AcDbBlockTableRecord
  2
*U296
340
0
102
{BLKREFS
331
E68
102
}
 70
     0
280
     1
281
     0
  0
BLOCK_RECORD
  5
E73
330
1
100
AcDbSymbolTableRecord
100
AcDbBlockTableRecord
  2
*U297
340
0
102
{BLKREFS
331
E72
102
}
 70
     0
280
     1
281
     0
  0
BLOCK_RECORD
  5
E7D
330
1
100
AcDbSymbolTableRecord
100
AcDbBlockTableRecord
  2
*U298
340
0
102
{BLKREFS
331
E7C
102
}
 70
     0
280
     1
281
     0
  0
BLOCK_RECORD
  5
E87
330
1
100
AcDbSymbolTableRecord
100
AcDbBlockTableRecord
  2
*U299
340
0
102
{BLKREFS
331
E86
102
}
 70
     0
280
     1
281
     0
  0
BLOCK_RECORD
  5
E91
330
1
100
AcDbSymbolTableRecord
100
AcDbBlockTableRecord
  2
*U300
340
0
102
{BLKREFS
331
E90
102
}
 70
     0
280
     1
281
     0
  0
BLOCK_RECORD
  5
E9B
330
1
100
AcDbSymbolTableRecord
100
AcDbBlockTableRecord
  2
*U301
340
0
102
{BLKREFS
331
E9A
102
}
 70
     0
280
     1
281
     0
  0
BLOCK_RECORD
  5
EA5
330
1
100
AcDbSymbolTableRecord
100
AcDbBlockTableRecord
  2
*U302
340
0
102
{BLKREFS
331
EA4
102
}
 70
     0
280
     1
281
     0
  0
BLOCK_RECORD
  5
EAF
330
1
100
AcDbSymbolTableRecord
100
AcDbBlockTableRecord
  2
*U303
340
0
102
{BLKREFS
331
EAE
102
}
 70
     0
280
     1
281
     0
  0
BLOCK_RECORD
  5
EB9
330
1
100
AcDbSymbolTableRecord
100
AcDbBlockTableRecord
  2
*U304
340
0
102
{BLKREFS
331
EB8
102
}
 70
     0
280
     1
281
     0
  0
BLOCK_RECORD
  5
EC3
330
1
100
AcDbSymbolTableRecord
100
AcDbBlockTableRecord
  2
*U305
340
0
102
{BLKREFS
331
EC2
102
}
 70
     0
280
     1
281
     0
  0
BLOCK_RECORD
  5
ECD
330
1
100
AcDbSymbolTableRecord
100
AcDbBlockTableRecord
  2
*U306
340
0
102
{BLKREFS
331
ECC
102
}
 70
     0
280
     1
281
     0
  0
BLOCK_RECORD
  5
ED7
330
1
100
AcDbSymbolTableRecord
100
AcDbBlockTableRecord
  2
*U307
340
0
102
{BLKREFS
331
ED6
102
}
 70
     0
280
     1
281
     0
  0
BLOCK_RECORD
  5
EE1
330
1
100
AcDbSymbolTableRecord
100
AcDbBlockTableRecord
  2
*U308
340
0
102
{BLKREFS
331
EE0
102
}
 70
     0
280
     1
281
     0
  0
BLOCK_RECORD
  5
EEB
330
1
100
AcDbSymbolTableRecord
100
AcDbBlockTableRecord
  2
*U309
340
0
102
{BLKREFS
331
EEA
102
}
 70
     0
280
     1
281
     0
  0
BLOCK_RECORD
  5
EF5
330
1
100
AcDbSymbolTableRecord
100
AcDbBlockTableRecord
  2
*U310
340
0
102
{BLKREFS
331
EF4
102
}
 70
     0
280
     1
281
     0
  0
BLOCK_RECORD
  5
EFF
330
1
100
AcDbSymbolTableRecord
100
AcDbBlockTableRecord
  2
*U311
340
0
102
{BLKREFS
331
EFE
102
}
 70
     0
280
     1
281
     0
  0
BLOCK_RECORD
  5
F09
330
1
100
AcDbSymbolTableRecord
100
AcDbBlockTableRecord
  2
*U312
340
0
102
{BLKREFS
331
F08
102
}
 70
     0
280
     1
281
     0
  0
BLOCK_RECORD
  5
F13
330
1
100
AcDbSymbolTableRecord
100
AcDbBlockTableRecord
  2
*U313
340
0
102
{BLKREFS
331
F12
102
}
 70
     0
280
     1
281
     0
  0
BLOCK_RECORD
  5
F1D
330
1
100
AcDbSymbolTableRecord
100
AcDbBlockTableRecord
  2
*U314
340
0
102
{BLKREFS
331
F1C
102
}
 70
     0
280
     1
281
     0
  0
BLOCK_RECORD
  5
F27
330
1
100
AcDbSymbolTableRecord
100
AcDbBlockTableRecord
  2
*U315
340
0
102
{BLKREFS
331
F26
102
}
 70
     0
280
     1
281
     0
  0
BLOCK_RECORD
  5
F31
330
1
100
AcDbSymbolTableRecord
100
AcDbBlockTableRecord
  2
*U316
340
0
102
{BLKREFS
331
F30
102
}
 70
     0
280
     1
281
     0
  0
BLOCK_RECORD
  5
F3B
330
1
100
AcDbSymbolTableRecord
100
AcDbBlockTableRecord
  2
*U317
340
0
102
{BLKREFS
331
F3A
102
}
 70
     0
280
     1
281
     0
  0
BLOCK_RECORD
  5
F45
330
1
100
AcDbSymbolTableRecord
100
AcDbBlockTableRecord
  2
*U318
340
0
102
{BLKREFS
331
F44
102
}
 70
     0
280
     1
281
     0
  0
BLOCK_RECORD
  5
F4F
330
1
100
AcDbSymbolTableRecord
100
AcDbBlockTableRecord
  2
*U319
340
0
102
{BLKREFS
331
F4E
102
}
 70
     0
280
     1
281
     0
  0
BLOCK_RECORD
  5
F59
330
1
100
AcDbSymbolTableRecord
100
AcDbBlockTableRecord
  2
*U320
340
0
102
{BLKREFS
331
F58
102
}
 70
     0
280
     1
281
     0
  0
BLOCK_RECORD
  5
F63
330
1
100
AcDbSymbolTableRecord
100
AcDbBlockTableRecord
  2
*U321
340
0
102
{BLKREFS
331
F62
102
}
 70
     0
280
     1
281
     0
  0
BLOCK_RECORD
  5
F6D
330
1
100
AcDbSymbolTableRecord
100
AcDbBlockTableRecord
  2
*U322
340
0
102
{BLKREFS
331
F6C
102
}
 70
     0
280
     1
281
     0
  0
BLOCK_RECORD
  5
F77
330
1
100
AcDbSymbolTableRecord
100
AcDbBlockTableRecord
  2
*U323
340
0
102
{BLKREFS
331
F76
102
}
 70
     0
280
     1
281
     0
  0
BLOCK_RECORD
  5
F81
330
1
100
AcDbSymbolTableRecord
100
AcDbBlockTableRecord
  2
*U324
340
0
102
{BLKREFS
331
F80
102
}
 70
     0
280
     1
281
     0
  0
BLOCK_RECORD
  5
F8B
330
1
100
AcDbSymbolTableRecord
100
AcDbBlockTableRecord
  2
*U325
340
0
102
{BLKREFS
331
F8A
102
}
 70
     0
280
     1
281
     0
  0
BLOCK_RECORD
  5
F95
330
1
100
AcDbSymbolTableRecord
100
AcDbBlockTableRecord
  2
*U326
340
0
102
{BLKREFS
331
F94
102
}
 70
     0
280
     1
281
     0
  0
BLOCK_RECORD
  5
F9F
330
1
100
AcDbSymbolTableRecord
100
AcDbBlockTableRecord
  2
*U327
340
0
102
{BLKREFS
331
F9E
102
}
 70
     0
280
     1
281
     0
  0
BLOCK_RECORD
  5
FA9
330
1
100
AcDbSymbolTableRecord
100
AcDbBlockTableRecord
  2
*U328
340
0
102
{BLKREFS
331
FA8
102
}
 70
     0
280
     1
281
     0
  0
BLOCK_RECORD
  5
FB3
330
1
100
AcDbSymbolTableRecord
100
AcDbBlockTableRecord
  2
*U329
340
0
102
{BLKREFS
331
FB2
102
}
 70
     0
280
     1
281
     0
  0
BLOCK_RECORD
  5
FBD
330
1
100
AcDbSymbolTableRecord
100
AcDbBlockTableRecord
  2
*U330
340
0
102
{BLKREFS
331
FBC
102
}
 70
     0
280
     1
281
     0
  0
BLOCK_RECORD
  5
FC7
330
1
100
AcDbSymbolTableRecord
100
AcDbBlockTableRecord
  2
*U331
340
0
102
{BLKREFS
331
FC6
102
}
 70
     0
280
     1
281
     0
  0
BLOCK_RECORD
  5
FD1
330
1
100
AcDbSymbolTableRecord
100
AcDbBlockTableRecord
  2
*U332
340
0
102
{BLKREFS
331
FD0
102
}
 70
     0
280
     1
281
     0
  0
BLOCK_RECORD
  5
FDB
330
1
100
AcDbSymbolTableRecord
100
AcDbBlockTableRecord
  2
*U333
340
0
102
{BLKREFS
331
FDA
102
}
 70
     0
280
     1
281
     0
  0
BLOCK_RECORD
  5
FE5
330
1
100
AcDbSymbolTableRecord
100
AcDbBlockTableRecord
  2
*U334
340
0
102
{BLKREFS
331
FE4
102
}
 70
     0
280
     1
281
     0
  0
BLOCK_RECORD
  5
FEF
330
1
100
AcDbSymbolTableRecord
100
AcDbBlockTableRecord
  2
*U335
340
0
102
{BLKREFS
331
FEE
102
}
 70
     0
280
     1
281
     0
  0
BLOCK_RECORD
  5
FF9
330
1
100
AcDbSymbolTableRecord
100
AcDbBlockTableRecord
  2
*U336
340
0
102
{BLKREFS
331
FF8
102
}
 70
     0
280
     1
281
     0
  0
BLOCK_RECORD
  5
1003
330
1
100
AcDbSymbolTableRecord
100
AcDbBlockTableRecord
  2
*U337
340
0
102
{BLKREFS
331
1002
102
}
 70
     0
280
     1
281
     0
  0
BLOCK_RECORD
  5
100D
330
1
100
AcDbSymbolTableRecord
100
AcDbBlockTableRecord
  2
*U338
340
0
102
{BLKREFS
331
100C
102
}
 70
     0
280
     1
281
     0
  0
BLOCK_RECORD
  5
1017
330
1
100
AcDbSymbolTableRecord
100
AcDbBlockTableRecord
  2
*U339
340
0
102
{BLKREFS
331
1016
102
}
 70
     0
280
     1
281
     0
  0
BLOCK_RECORD
  5
1021
330
1
100
AcDbSymbolTableRecord
100
AcDbBlockTableRecord
  2
*U340
340
0
102
{BLKREFS
331
1020
102
}
 70
     0
280
     1
281
     0
  0
BLOCK_RECORD
  5
102B
330
1
100
AcDbSymbolTableRecord
100
AcDbBlockTableRecord
  2
*U341
340
0
102
{BLKREFS
331
102A
102
}
 70
     0
280
     1
281
     0
  0
BLOCK_RECORD
  5
1035
330
1
100
AcDbSymbolTableRecord
100
AcDbBlockTableRecord
  2
*U342
340
0
102
{BLKREFS
331
1034
102
}
 70
     0
280
     1
281
     0
  0
BLOCK_RECORD
  5
103F
330
1
100
AcDbSymbolTableRecord
100
AcDbBlockTableRecord
  2
*U343
340
0
102
{BLKREFS
331
103E
102
}
 70
     0
280
     1
281
     0
  0
BLOCK_RECORD
  5
1049
330
1
100
AcDbSymbolTableRecord
100
AcDbBlockTableRecord
  2
*U344
340
0
102
{BLKREFS
331
1048
102
}
 70
     0
280
     1
281
     0
  0
BLOCK_RECORD
  5
1053
330
1
100
AcDbSymbolTableRecord
100
AcDbBlockTableRecord
  2
*U345
340
0
102
{BLKREFS
331
1052
102
}
 70
     0
280
     1
281
     0
  0
BLOCK_RECORD
  5
105D
330
1
100
AcDbSymbolTableRecord
100
AcDbBlockTableRecord
  2
*U346
340
0
102
{BLKREFS
331
105C
102
}
 70
     0
280
     1
281
     0
  0
BLOCK_RECORD
  5
1067
330
1
100
AcDbSymbolTableRecord
100
AcDbBlockTableRecord
  2
*U347
340
0
102
{BLKREFS
331
1066
102
}
 70
     0
280
     1
281
     0
  0
BLOCK_RECORD
  5
1071
330
1
100
AcDbSymbolTableRecord
100
AcDbBlockTableRecord
  2
*U348
340
0
102
{BLKREFS
331
1070
102
}
 70
     0
280
     1
281
     0
  0
BLOCK_RECORD
  5
107B
330
1
100
AcDbSymbolTableRecord
100
AcDbBlockTableRecord
  2
*U349
340
0
102
{BLKREFS
331
107A
102
}
 70
     0
280
     1
281
     0
  0
BLOCK_RECORD
  5
1085
330
1
100
AcDbSymbolTableRecord
100
AcDbBlockTableRecord
  2
*U350
340
0
102
{BLKREFS
331
1084
102
}
 70
     0
280
     1
281
     0
  0
BLOCK_RECORD
  5
108F
330
1
100
AcDbSymbolTableRecord
100
AcDbBlockTableRecord
  2
*U351
340
0
102
{BLKREFS
331
108E
102
}
 70
     0
280
     1
281
     0
  0
BLOCK_RECORD
  5
1099
330
1
100
AcDbSymbolTableRecord
100
AcDbBlockTableRecord
  2
*U352
340
0
102
{BLKREFS
331
1098
102
}
 70
     0
280
     1
281
     0
  0
BLOCK_RECORD
  5
10A3
330
1
100
AcDbSymbolTableRecord
100
AcDbBlockTableRecord
  2
*U353
340
0
102
{BLKREFS
331
10A2
102
}
 70
     0
280
     1
281
     0
  0
BLOCK_RECORD
  5
10AD
330
1
100
AcDbSymbolTableRecord
100
AcDbBlockTableRecord
  2
*U354
340
0
102
{BLKREFS
331
10AC
102
}
 70
     0
280
     1
281
     0
  0
BLOCK_RECORD
  5
10B7
330
1
100
AcDbSymbolTableRecord
100
AcDbBlockTableRecord
  2
*U355
340
0
102
{BLKREFS
331
10B6
102
}
 70
     0
280
     1
281
     0
  0
BLOCK_RECORD
  5
10C1
330
1
100
AcDbSymbolTableRecord
100
AcDbBlockTableRecord
  2
*U356
340
0
102
{BLKREFS
331
10C0
102
}
 70
     0
280
     1
281
     0
  0
BLOCK_RECORD
  5
10CB
330
1
100
AcDbSymbolTableRecord
100
AcDbBlockTableRecord
  2
*U357
340
0
102
{BLKREFS
331
10CA
102
}
 70
     0
280
     1
281
     0
  0
BLOCK_RECORD
  5
10D5
330
1
100
AcDbSymbolTableRecord
100
AcDbBlockTableRecord
  2
*U358
340
0
102
{BLKREFS
331
10D4
102
}
 70
     0
280
     1
281
     0
  0
BLOCK_RECORD
  5
10DF
330
1
100
AcDbSymbolTableRecord
100
AcDbBlockTableRecord
  2
*U359
340
0
102
{BLKREFS
331
10DE
102
}
 70
     0
280
     1
281
     0
  0
BLOCK_RECORD
  5
10E9
330
1
100
AcDbSymbolTableRecord
100
AcDbBlockTableRecord
  2
*U360
340
0
102
{BLKREFS
331
10E8
102
}
 70
     0
280
     1
281
     0
  0
BLOCK_RECORD
  5
10F3
330
1
100
AcDbSymbolTableRecord
100
AcDbBlockTableRecord
  2
*U361
340
0
102
{BLKREFS
331
10F2
102
}
 70
     0
280
     1
281
     0
  0
BLOCK_RECORD
  5
10FD
330
1
100
AcDbSymbolTableRecord
100
AcDbBlockTableRecord
  2
*U362
340
0
102
{BLKREFS
331
10FC
102
}
 70
     0
280
     1
281
     0
  0
BLOCK_RECORD
  5
1107
330
1
100
AcDbSymbolTableRecord
100
AcDbBlockTableRecord
  2
*U363
340
0
102
{BLKREFS
331
1106
102
}
 70
     0
280
     1
281
     0
  0
BLOCK_RECORD
  5
1111
330
1
100
AcDbSymbolTableRecord
100
AcDbBlockTableRecord
  2
*U364
340
0
102
{BLKREFS
331
1110
102
}
 70
     0
280
     1
281
     0
  0
BLOCK_RECORD
  5
111B
330
1
100
AcDbSymbolTableRecord
100
AcDbBlockTableRecord
  2
*U365
340
0
102
{BLKREFS
331
111A
102
}
 70
     0
280
     1
281
     0
  0
BLOCK_RECORD
  5
1125
330
1
100
AcDbSymbolTableRecord
100
AcDbBlockTableRecord
  2
*U366
340
0
102
{BLKREFS
331
1124
102
}
 70
     0
280
     1
281
     0
  0
BLOCK_RECORD
  5
112F
330
1
100
AcDbSymbolTableRecord
100
AcDbBlockTableRecord
  2
*U367
340
0
102
{BLKREFS
331
112E
102
}
 70
     0
280
     1
281
     0
  0
BLOCK_RECORD
  5
1139
330
1
100
AcDbSymbolTableRecord
100
AcDbBlockTableRecord
  2
*U368
340
0
102
{BLKREFS
331
1138
102
}
 70
     0
280
     1
281
     0
  0
BLOCK_RECORD
  5
1143
330
1
100
AcDbSymbolTableRecord
100
AcDbBlockTableRecord
  2
*U369
340
0
102
{BLKREFS
331
1142
102
}
 70
     0
280
     1
281
     0
  0
BLOCK_RECORD
  5
114D
330
1
100
AcDbSymbolTableRecord
100
AcDbBlockTableRecord
  2
*U370
340
0
102
{BLKREFS
331
114C
102
}
 70
     0
280
     1
281
     0
  0
BLOCK_RECORD
  5
1157
330
1
100
AcDbSymbolTableRecord
100
AcDbBlockTableRecord
  2
*U371
340
0
102
{BLKREFS
331
1156
102
}
 70
     0
280
     1
281
     0
  0
BLOCK_RECORD
  5
1161
330
1
100
AcDbSymbolTableRecord
100
AcDbBlockTableRecord
  2
*U372
340
0
102
{BLKREFS
331
1160
102
}
 70
     0
280
     1
281
     0
  0
BLOCK_RECORD
  5
116B
330
1
100
AcDbSymbolTableRecord
100
AcDbBlockTableRecord
  2
*U373
340
0
102
{BLKREFS
331
116A
102
}
 70
     0
280
     1
281
     0
  0
BLOCK_RECORD
  5
1175
330
1
100
AcDbSymbolTableRecord
100
AcDbBlockTableRecord
  2
*U374
340
0
102
{BLKREFS
331
1174
102
}
 70
     0
280
     1
281
     0
  0
BLOCK_RECORD
  5
117F
330
1
100
AcDbSymbolTableRecord
100
AcDbBlockTableRecord
  2
*U375
340
0
102
{BLKREFS
331
117E
102
}
 70
     0
280
     1
281
     0
  0
BLOCK_RECORD
  5
1189
330
1
100
AcDbSymbolTableRecord
100
AcDbBlockTableRecord
  2
*U376
340
0
102
{BLKREFS
331
1188
102
}
 70
     0
280
     1
281
     0
  0
BLOCK_RECORD
  5
1193
330
1
100
AcDbSymbolTableRecord
100
AcDbBlockTableRecord
  2
*U377
340
0
102
{BLKREFS
331
1192
102
}
 70
     0
280
     1
281
     0
  0
BLOCK_RECORD
  5
119D
330
1
100
AcDbSymbolTableRecord
100
AcDbBlockTableRecord
  2
*U378
340
0
102
{BLKREFS
331
119C
102
}
 70
     0
280
     1
281
     0
  0
BLOCK_RECORD
  5
11A7
330
1
100
AcDbSymbolTableRecord
100
AcDbBlockTableRecord
  2
*U379
340
0
102
{BLKREFS
331
11A6
102
}
 70
     0
280
     1
281
     0
  0
BLOCK_RECORD
  5
11B1
330
1
100
AcDbSymbolTableRecord
100
AcDbBlockTableRecord
  2
*U380
340
0
102
{BLKREFS
331
11B0
102
}
 70
     0
280
     1
281
     0
  0
BLOCK_RECORD
  5
11BB
330
1
100
AcDbSymbolTableRecord
100
AcDbBlockTableRecord
  2
*U381
340
0
102
{BLKREFS
331
11BA
102
}
 70
     0
280
     1
281
     0
  0
BLOCK_RECORD
  5
11C5
330
1
100
AcDbSymbolTableRecord
100
AcDbBlockTableRecord
  2
*U382
340
0
102
{BLKREFS
331
11C4
102
}
 70
     0
280
     1
281
     0
  0
BLOCK_RECORD
  5
11CF
330
1
100
AcDbSymbolTableRecord
100
AcDbBlockTableRecord
  2
*U383
340
0
102
{BLKREFS
331
11CE
102
}
 70
     0
280
     1
281
     0
  0
BLOCK_RECORD
  5
11D9
330
1
100
AcDbSymbolTableRecord
100
AcDbBlockTableRecord
  2
*U384
340
0
102
{BLKREFS
331
11D8
102
}
 70
     0
280
     1
281
     0
  0
BLOCK_RECORD
  5
11E3
330
1
100
AcDbSymbolTableRecord
100
AcDbBlockTableRecord
  2
*U385
340
0
102
{BLKREFS
331
11E2
102
}
 70
     0
280
     1
281
     0
  0
BLOCK_RECORD
  5
11ED
330
1
100
AcDbSymbolTableRecord
100
AcDbBlockTableRecord
  2
*U386
340
0
102
{BLKREFS
331
11EC
102
}
 70
     0
280
     1
281
     0
  0
BLOCK_RECORD
  5
11F7
330
1
100
AcDbSymbolTableRecord
100
AcDbBlockTableRecord
  2
*U387
340
0
102
{BLKREFS
331
11F6
102
}
 70
     0
280
     1
281
     0
  0
BLOCK_RECORD
  5
1201
330
1
100
AcDbSymbolTableRecord
100
AcDbBlockTableRecord
  2
*U388
340
0
102
{BLKREFS
331
1200
102
}
 70
     0
280
     1
281
     0
  0
BLOCK_RECORD
  5
120B
330
1
100
AcDbSymbolTableRecord
100
AcDbBlockTableRecord
  2
*U389
340
0
102
{BLKREFS
331
120A
102
}
 70
     0
280
     1
281
     0
  0
BLOCK_RECORD
  5
1215
330
1
100
AcDbSymbolTableRecord
100
AcDbBlockTableRecord
  2
*U390
340
0
102
{BLKREFS
331
1214
102
}
 70
     0
280
     1
281
     0
  0
BLOCK_RECORD
  5
121F
330
1
100
AcDbSymbolTableRecord
100
AcDbBlockTableRecord
  2
*U391
340
0
102
{BLKREFS
331
121E
102
}
 70
     0
280
     1
281
     0
  0
BLOCK_RECORD
  5
1229
330
1
100
AcDbSymbolTableRecord
100
AcDbBlockTableRecord
  2
*U392
340
0
102
{BLKREFS
331
1228
102
}
 70
     0
280
     1
281
     0
  0
BLOCK_RECORD
  5
1233
330
1
100
AcDbSymbolTableRecord
100
AcDbBlockTableRecord
  2
*U393
340
0
102
{BLKREFS
331
1232
102
}
 70
     0
280
     1
281
     0
  0
BLOCK_RECORD
  5
123D
330
1
100
AcDbSymbolTableRecord
100
AcDbBlockTableRecord
  2
*U394
340
0
102
{BLKREFS
331
123C
102
}
 70
     0
280
     1
281
     0
  0
BLOCK_RECORD
  5
1247
330
1
100
AcDbSymbolTableRecord
100
AcDbBlockTableRecord
  2
*U395
340
0
102
{BLKREFS
331
1246
102
}
 70
     0
280
     1
281
     0
  0
BLOCK_RECORD
  5
1251
330
1
100
AcDbSymbolTableRecord
100
AcDbBlockTableRecord
  2
*U396
340
0
102
{BLKREFS
331
1250
102
}
 70
     0
280
     1
281
     0
  0
BLOCK_RECORD
  5
125B
330
1
100
AcDbSymbolTableRecord
100
AcDbBlockTableRecord
  2
*U397
340
0
102
{BLKREFS
331
125A
102
}
 70
     0
280
     1
281
     0
  0
BLOCK_RECORD
  5
1265
330
1
100
AcDbSymbolTableRecord
100
AcDbBlockTableRecord
  2
*U398
340
0
102
{BLKREFS
331
1264
102
}
 70
     0
280
     1
281
     0
  0
BLOCK_RECORD
  5
126F
330
1
100
AcDbSymbolTableRecord
100
AcDbBlockTableRecord
  2
*U399
340
0
102
{BLKREFS
331
126E
102
}
 70
     0
280
     1
281
     0
  0
BLOCK_RECORD
  5
1279
330
1
100
AcDbSymbolTableRecord
100
AcDbBlockTableRecord
  2
*U400
340
0
102
{BLKREFS
331
1278
102
}
 70
     0
280
     1
281
     0
  0
BLOCK_RECORD
  5
1283
330
1
100
AcDbSymbolTableRecord
100
AcDbBlockTableRecord
  2
*U401
340
0
102
{BLKREFS
331
1282
102
}
 70
     0
280
     1
281
     0
  0
BLOCK_RECORD
  5
128D
330
1
100
AcDbSymbolTableRecord
100
AcDbBlockTableRecord
  2
*U402
340
0
102
{BLKREFS
331
128C
102
}
 70
     0
280
     1
281
     0
  0
BLOCK_RECORD
  5
1298
330
1
100
AcDbSymbolTableRecord
100
AcDbBlockTableRecord
  2
Custom1200.000000x1200.000000x24x16
340
0
102
{BLKREFS
331
1296
102
}
 70
     4
280
     1
281
     0
  0
BLOCK_RECORD
  5
1345
330
1
100
AcDbSymbolTableRecord
100
AcDbBlockTableRecord
  2
*D404
340
0
 70
     0
280
     1
281
     0
  0
BLOCK_RECORD
  5
1352
330
1
100
AcDbSymbolTableRecord
100
AcDbBlockTableRecord
  2
*D405
340
0
 70
     0
280
     1
281
     0
  0
BLOCK_RECORD
  5
135F
330
1
100
AcDbSymbolTableRecord
100
AcDbBlockTableRecord
  2
*D406
340
0
 70
     0
280
     1
281
     0
  0
BLOCK_RECORD
  5
136B
330
1
100
AcDbSymbolTableRecord
100
AcDbBlockTableRecord
  2
*D407
340
0
 70
     0
280
     1
281
     0
  0
BLOCK_RECORD
  5
137A
330
1
100
AcDbSymbolTableRecord
100
AcDbBlockTableRecord
  2
*D408
340
0
 70
     0
280
     1
281
     0
  0
BLOCK_RECORD
  5
1389
330
1
100
AcDbSymbolTableRecord
100
AcDbBlockTableRecord
  2
*D409
340
0
 70
     0
280
     1
281
     0
  0
BLOCK_RECORD
  5
1395
330
1
100
AcDbSymbolTableRecord
100
AcDbBlockTableRecord
  2
*D410
340
0
 70
     0
280
     1
281
     0
  0
BLOCK_RECORD
  5
13A1
330
1
100
AcDbSymbolTableRecord
100
AcDbBlockTableRecord
  2
*D411
340
0
 70
     0
280
     1
281
     0
  0
BLOCK_RECORD
  5
13AC
330
1
100
AcDbSymbolTableRecord
100
AcDbBlockTableRecord
  2
*D412
340
0
 70
     0
280
     1
281
     0
  0
BLOCK_RECORD
  5
13BA
330
1
100
AcDbSymbolTableRecord
100
AcDbBlockTableRecord
  2
*D413
340
0
 70
     0
280
     1
281
     0
  0
ENDTAB
  0
ENDSEC
  0
SECTION
  2
BLOCKS
  0
BLOCK
  5
71
330
70
100
AcDbEntity
  8
0
100
AcDbBlockBegin
  2
*Model_Space
 70
     0
 10
0.0
 20
0.0
 30
0.0
  3
*Model_Space
  1

  0
ENDBLK
  5
72
330
70
100
AcDbEntity
  8
0
100
AcDbBlockEnd
  0
BLOCK
  5
6D
330
6C
100
AcDbEntity
 67
     1
  8
0
100
AcDbBlockBegin
  2
*Paper_Space
 70
     0
 10
0.0
 20
0.0
 30
0.0
  3
*Paper_Space
  1

  0
ENDBLK
  5
6E
330
6C
100
AcDbEntity
 67
     1
  8
0
100
AcDbBlockEnd
  0
BLOCK
  5
75
330
74
100
AcDbEntity
 67
     1
  8
0
100
AcDbBlockBegin
  2
*Paper_Space0
 70
     0
 10
0.0
 20
0.0
 30
0.0
  3
*Paper_Space0
  1

  0
ENDBLK
  5
76
330
74
100
AcDbEntity
 67
     1
  8
0
100
AcDbBlockEnd
  0
BLOCK
  5
2AE
330
2AB
100
AcDbEntity
  8
0
100
AcDbBlockBegin
  2
ISO_TITLEBLOCK
 70
     2
 10
0.0
 20
0.0
 30
0.0
  3
ISO_TITLEBLOCK
  1

  0
LINE
  5
2AF
330
2AB
100
AcDbEntity
  8
TITLEBLOCK
100
AcDbLine
 10
-180.0
 20
0.0
 30
0.0
 11
0.0
 21
0.0
 31
0.0
  0
LINE
  5
2B0
330
2AB
100
AcDbEntity
  8
TITLEBLOCK
100
AcDbLine
 10
-61.0
 20
10.0
 30
0.0
 11
0.0
 21
10.0
 31
0.0
  0
LINE
  5
2B1
330
2AB
100
AcDbEntity
  8
TITLEBLOCK
100
AcDbLine
 10
-122.0
 20
27.0
 30
0.0
 11
0.0
 21
27.0
 31
0.0
  0
LINE
  5
2B2
330
2AB
100
AcDbEntity
  8
TITLEBLOCK
100
AcDbLine
 10
-180.0
 20
37.0
 30
0.0
 11
0.0
 21
37.0
 31
0.0
  0
LINE
  5
2B3
330
2AB
100
AcDbEntity
  8
TITLEBLOCK
100
AcDbLine
 10
0.0
 20
0.0
 30
0.0
 11
0.0
 21
47.0
 31
0.0
  0
LINE
  5
2B4
330
2AB
100
AcDbEntity
  8
TITLEBLOCK
100
AcDbLine
 10
-15.0
 20
0.0
 30
0.0
 11
-15.0
 21
10.0
 31
0.0
  0
LINE
  5
2B5
330
2AB
100
AcDbEntity
  8
TITLEBLOCK
100
AcDbLine
 10
-51.0
 20
0.0
 30
0.0
 11
-51.0
 21
10.0
 31
0.0
  0
LINE
  5
2B6
330
2AB
100
AcDbEntity
  8
TITLEBLOCK
100
AcDbLine
 10
-61.0
 20
0.0
 30
0.0
 11
-61.0
 21
47.0
 31
0.0
  0
LINE
  5
2B7
330
2AB
100
AcDbEntity
  8
TITLEBLOCK
100
AcDbLine
 10
-122.0
 20
0.0
 30
0.0
 11
-122.0
 21
47.0
 31
0.0
  0
LINE
  5
2B8
330
2AB
100
AcDbEntity
  8
TITLEBLOCK
100
AcDbLine
 10
-156.0
 20
37.0
 30
0.0
 11
-156.0
 21
47.0
 31
0.0
  0
LINE
  5
2B9
330
2AB
100
AcDbEntity
  8
TITLEBLOCK
100
AcDbLine
 10
0.0
 20
47.0
 30
0.0
 11
-180.0
 21
47.0
 31
0.0
  0
LINE
  5
2BA
330
2AB
100
AcDbEntity
  8
TITLEBLOCK
100
AcDbLine
 10
-180.0
 20
47.0
 30
0.0
 11
-180.0
 21
0.0
 31
0.0
  0
TEXT
  5
2BB
330
2AB
100
AcDbEntity
  8
TITLEBLOCK
100
AcDbText
 10
-179.0
 20
44.2
 30
0.0
 40
1.8
  1
Dept.
  7
FusionTitle
 11
-179.0
 21
46.0
 31
0.0
100
AcDbText
 73
     3
  0
TEXT
  5
2BC
330
2AB
100
AcDbEntity
  8
TITLEBLOCK
100
AcDbText
 10
-155.0
 20
44.2
 30
0.0
 40
1.8
  1
Technical reference
  7
FusionTitle
 11
-155.0
 21
46.0
 31
0.0
100
AcDbText
 73
     3
  0
TEXT
  5
2BD
330
2AB
100
AcDbEntity
  8
TITLEBLOCK
100
AcDbText
 10
-121.0
 20
44.2
 30
0.0
 40
1.8
  1
Created by
  7
FusionTitle
 11
-121.0
 21
46.0
 31
0.0
100
AcDbText
 73
     3
  0
TEXT
  5
2BE
330
2AB
100
AcDbEntity
  8
TITLEBLOCK
100
AcDbText
 10
-60.0
 20
44.2
 30
0.0
 40
1.8
  1
Approved by
  7
FusionTitle
 11
-60.0
 21
46.0
 31
0.0
100
AcDbText
 73
     3
  0
TEXT
  5
2BF
330
2AB
100
AcDbEntity
  8
TITLEBLOCK
100
AcDbText
 10
-121.0
 20
34.2
 30
0.0
 40
1.8
  1
Document type
  7
FusionTitle
 11
-121.0
 21
36.0
 31
0.0
100
AcDbText
 73
     3
  0
TEXT
  5
2C0
330
2AB
100
AcDbEntity
  8
TITLEBLOCK
100
AcDbText
 10
-60.0
 20
34.2
 30
0.0
 40
1.8
  1
Document status
  7
FusionTitle
 11
-60.0
 21
36.0
 31
0.0
100
AcDbText
 73
     3
  0
TEXT
  5
2C1
330
2AB
100
AcDbEntity
  8
TITLEBLOCK
100
AcDbText
 10
-121.0
 20
24.2
 30
0.0
 40
1.8
  1
Title
  7
FusionTitle
 11
-121.0
 21
26.0
 31
0.0
100
AcDbText
 73
     3
  0
TEXT
  5
2C2
330
2AB
100
AcDbEntity
  8
TITLEBLOCK
100
AcDbText
 10
-60.0
 20
24.2
 30
0.0
 40
1.8
  1
DWG No.
  7
FusionTitle
 11
-60.0
 21
26.0
 31
0.0
100
AcDbText
 73
     3
  0
TEXT
  5
2C3
330
2AB
100
AcDbEntity
  8
TITLEBLOCK
100
AcDbText
 10
-60.0
 20
7.2
 30
0.0
 40
1.8
  1
Rev.
  7
FusionTitle
 11
-60.0
 21
9.0
 31
0.0
100
AcDbText
 73
     3
  0
TEXT
  5
2C4
330
2AB
100
AcDbEntity
  8
TITLEBLOCK
100
AcDbText
 10
-50.0
 20
7.2
 30
0.0
 40
1.8
  1
Date of issue
  7
FusionTitle
 11
-50.0
 21
9.0
 31
0.0
100
AcDbText
 73
     3
  0
TEXT
  5
2C5
330
2AB
100
AcDbEntity
  8
TITLEBLOCK
100
AcDbText
 10
-14.0
 20
7.2
 30
0.0
 40
1.8
  1
Sheet
  7
FusionTitle
 11
-14.0
 21
9.0
 31
0.0
100
AcDbText
 73
     3
  0
ATTDEF
  5
2C6
102
{ACAD_XDICTIONARY
360
2C7
102
}
330
2AB
100
AcDbEntity
  8
TITLEBLOCK
100
AcDbText
 10
-50.0
 20
1.5
 30
0.0
 40
3.5
  1

  7
FusionTitle
 11
-50.0
 21
5.0
 31
0.0
100
AcDbAttributeDefinition
280
     0
  3
Date of issue
  2
DATE_OF_ISSUE
 70
     0
 74
     3
280
     1
  0
ATTDEF
  5
2C8
102
{ACAD_XDICTIONARY
360
2C9
102
}
330
2AB
100
AcDbEntity
  8
TITLEBLOCK
100
AcDbText
 10
-61.026774
 20
1.35
 30
0.0
 40
3.5
  1

  7
FusionTitle
 72
     1
 11
-56.0
 21
4.85
 31
0.0
100
AcDbAttributeDefinition
280
     0
  3
Revision
  2
REV
 70
     0
 74
     3
280
     1
  0
ATTDEF
  5
2CA
102
{ACAD_XDICTIONARY
360
2CB
102
}
330
2AB
100
AcDbEntity
  8
TITLEBLOCK
100
AcDbText
 10
-121.0
 20
1.5
 30
0.0
 40
5.0
  1

  7
FusionTitle
 11
-121.0
 21
6.5
 31
0.0
100
AcDbAttributeDefinition
280
     0
  3
3rd Title
  2
TITLE_3
 70
     0
 74
     3
280
     1
  0
ATTDEF
  5
2CC
102
{ACAD_XDICTIONARY
360
2CD
102
}
330
2AB
100
AcDbEntity
  8
TITLEBLOCK
100
AcDbText
 10
-60.0
 20
28.5
 30
0.0
 40
3.5
  1

  7
FusionTitle
 11
-60.0
 21
32.0
 31
0.0
100
AcDbAttributeDefinition
280
     0
  3
Document status
  2
DOCUMENT_STATUS
 70
     0
 74
     3
280
     1
  0
ATTDEF
  5
2CE
102
{ACAD_XDICTIONARY
360
2CF
102
}
330
2AB
100
AcDbEntity
  8
TITLEBLOCK
100
AcDbText
 10
-121.0
 20
28.5
 30
0.0
 40
3.5
  1

  7
FusionTitle
 11
-121.0
 21
32.0
 31
0.0
100
AcDbAttributeDefinition
280
     0
  3
Document type
  2
DOCUMENT_TYPE
 70
     0
 74
     3
280
     1
  0
ATTDEF
  5
2D0
102
{ACAD_XDICTIONARY
360
2D1
102
}
330
2AB
100
AcDbEntity
  8
TITLEBLOCK
100
AcDbText
 10
-43.923943
 20
38.5
 30
0.0
 40
3.5
  1

  7
FusionTitle
 72
     2
 11
-0.992838
 21
42.0
 31
0.0
100
AcDbAttributeDefinition
280
     0
  3
Approved date
  2
APPROVED_DATE
 70
     0
 74
     3
280
     1
  0
ATTDEF
  5
2D2
102
{ACAD_XDICTIONARY
360
2D3
102
}
330
2AB
100
AcDbEntity
  8
TITLEBLOCK
100
AcDbText
 10
-101.123124
 20
38.5
 30
0.0
 40
3.5
  1

  7
FusionTitle
 72
     2
 11
-62.0
 21
42.0
 31
0.0
100
AcDbAttributeDefinition
280
     0
  3
Created date
  2
CREATED_DATE
 70
     0
 74
     3
280
     1
  0
ATTDEF
  5
2D4
102
{ACAD_XDICTIONARY
360
2D5
102
}
330
2AB
100
AcDbEntity
  8
TITLEBLOCK
100
AcDbText
 10
-15.65075
 20
1.35
 30
0.0
 40
3.5
  1

  7
FusionTitle
 72
     1
 11
-7.5
 21
4.85
 31
0.0
100
AcDbAttributeDefinition
280
     0
  3
Sheet
  2
SHEET
 70
     0
 74
     3
280
     1
  0
ATTDEF
  5
2D6
102
{ACAD_XDICTIONARY
360
2D7
102
}
330
2AB
100
AcDbEntity
  8
TITLEBLOCK
100
AcDbText
 10
-121.0
 20
9.0
 30
0.0
 40
5.0
  1

  7
FusionTitle
 11
-121.0
 21
14.0
 31
0.0
100
AcDbAttributeDefinition
280
     0
  3
2nd Title
  2
TITLE_2
 70
     0
 74
     3
280
     1
  0
ATTDEF
  5
2D8
102
{ACAD_XDICTIONARY
360
2D9
102
}
330
2AB
100
AcDbEntity
  8
TITLEBLOCK
100
AcDbText
 10
-64.456344
 20
14.751432
 30
0.0
 40
5.0
  1

  7
FusionTitle
 72
     1
 11
-30.5
 21
19.751432
 31
0.0
100
AcDbAttributeDefinition
280
     0
  3
Drawing number
  2
DRAWING_NUMBER
 70
     0
 74
     3
280
     1
  0
ATTDEF
  5
2DA
102
{ACAD_XDICTIONARY
360
2DB
102
}
330
2AB
100
AcDbEntity
  8
TITLEBLOCK
100
AcDbText
 10
-121.0
 20
16.5
 30
0.0
 40
5.0
  1

  7
FusionTitle
 11
-121.0
 21
21.5
 31
0.0
100
AcDbAttributeDefinition
280
     0
  3
1st Title
  2
TITLE_1
 70
     0
 74
     3
280
     1
  0
ATTDEF
  5
2DC
102
{ACAD_XDICTIONARY
360
2DD
102
}
330
2AB
100
AcDbEntity
  8
TITLEBLOCK
100
AcDbText
 10
-60.0
 20
38.5
 30
0.0
 40
3.5
  1

  7
FusionTitle
 11
-60.0
 21
42.0
 31
0.0
100
AcDbAttributeDefinition
280
     0
  3
Approved by
  2
APPROVED_BY
 70
     0
 74
     3
280
     1
  0
ATTDEF
  5
2DE
102
{ACAD_XDICTIONARY
360
2DF
102
}
330
2AB
100
AcDbEntity
  8
TITLEBLOCK
100
AcDbText
 10
-121.0
 20
38.5
 30
0.0
 40
3.5
  1

  7
FusionTitle
 11
-121.0
 21
42.0
 31
0.0
100
AcDbAttributeDefinition
280
     0
  3
Created by
  2
CREATED_BY
 70
     0
 74
     3
280
     1
  0
ATTDEF
  5
2E0
102
{ACAD_XDICTIONARY
360
2E1
102
}
330
2AB
100
AcDbEntity
  8
TITLEBLOCK
100
AcDbText
 10
-155.0
 20
38.5
 30
0.0
 40
3.5
  1

  7
FusionTitle
 11
-155.0
 21
42.0
 31
0.0
100
AcDbAttributeDefinition
280
     0
  3
Technical reference
  2
TECHNICAL_REFERENCE
 70
     0
 74
     3
280
     1
  0
ATTDEF
  5
2E2
102
{ACAD_XDICTIONARY
360
2E3
102
}
330
2AB
100
AcDbEntity
  8
TITLEBLOCK
100
AcDbText
 10
-179.0
 20
38.5
 30
0.0
 40
3.5
  1

  7
FusionTitle
 11
-179.0
 21
42.0
 31
0.0
100
AcDbAttributeDefinition
280
     0
  3
Department
  2
DEPT
 70
     0
 74
     3
280
     1
  0
ENDBLK
  5
2E4
330
2AB
100
AcDbEntity
  8
0
100
AcDbBlockEnd
  0
BLOCK
  5
2F8
330
2F7
100
AcDbEntity
  8
0
100
AcDbBlockBegin
  2
*U3
 70
     1
 10
0.0
 20
0.0
 30
0.0
  3
*U3
  1

  0
LINE
  5
2F9
330
2F7
100
AcDbEntity
  8
Smart Centers
  6
Continuous
 62
     0
440
 16777216
 48
0.75
100
AcDbLine
 10
-0.892969
 20
0.0
 30
0.0
 11
0.892969
 21
0.0
 31
0.0
  0
LINE
  5
2FA
330
2F7
100
AcDbEntity
  8
Smart Centers
  6
Continuous
 62
     0
440
 16777216
 48
0.75
100
AcDbLine
 10
0.0
 20
-0.892969
 30
0.0
 11
0.0
 21
0.892969
 31
0.0
  0
LINE
  5
2FB
330
2F7
100
AcDbEntity
  8
Smart Centers
 62
     0
440
 16777216
 48
0.75
100
AcDbLine
 10
-8.65
 20
0.0
 30
0.0
 11
-2.678906
 21
0.0
 31
0.0
  0
LINE
  5
2FC
330
2F7
100
AcDbEntity
  8
Smart Centers
 62
     0
440
 16777216
 48
0.75
100
AcDbLine
 10
2.678906
 20
0.0
 30
0.0
 11
8.65
 21
0.0
 31
0.0
  0
LINE
  5
2FD
330
2F7
100
AcDbEntity
  8
Smart Centers
 62
     0
440
 16777216
 48
0.75
100
AcDbLine
 10
0.0
 20
-8.65
 30
0.0
 11
0.0
 21
-2.678906
 31
0.0
  0
LINE
  5
2FE
330
2F7
100
AcDbEntity
  8
Smart Centers
 62
     0
440
 16777216
 48
0.75
100
AcDbLine
 10
0.0
 20
2.678906
 30
0.0
 11
0.0
 21
8.65
 31
0.0
  0
ENDBLK
  5
2FF
330
2F7
100
AcDbEntity
  8
0
100
AcDbBlockEnd
  0
BLOCK
  5
302
330
301
100
AcDbEntity
  8
0
100
AcDbBlockBegin
  2
*U4
 70
     1
 10
0.0
 20
0.0
 30
0.0
  3
*U4
  1

  0
LINE
  5
303
330
301
100
AcDbEntity
  8
Smart Centers
  6
Continuous
 62
     0
440
 16777216
 48
0.75
100
AcDbLine
 10
-0.892969
 20
0.0
 30
0.0
 11
0.892969
 21
0.0
 31
0.0
  0
LINE
  5
304
330
301
100
AcDbEntity
  8
Smart Centers
  6
Continuous
 62
     0
440
 16777216
 48
0.75
100
AcDbLine
 10
0.0
 20
-0.892969
 30
0.0
 11
0.0
 21
0.892969
 31
0.0
  0
LINE
  5
305
330
301
100
AcDbEntity
  8
Smart Centers
 62
     0
440
 16777216
 48
0.75
100
AcDbLine
 10
-8.65
 20
0.0
 30
0.0
 11
-2.678906
 21
0.0
 31
0.0
  0
LINE
  5
306
330
301
100
AcDbEntity
  8
Smart Centers
 62
     0
440
 16777216
 48
0.75
100
AcDbLine
 10
2.678906
 20
0.0
 30
0.0
 11
8.65
 21
0.0
 31
0.0
  0
LINE
  5
307
330
301
100
AcDbEntity
  8
Smart Centers
 62
     0
440
 16777216
 48
0.75
100
AcDbLine
 10
0.0
 20
-8.65
 30
0.0
 11
0.0
 21
-2.678906
 31
0.0
  0
LINE
  5
308
330
301
100
AcDbEntity
  8
Smart Centers
 62
     0
440
 16777216
 48
0.75
100
AcDbLine
 10
0.0
 20
2.678906
 30
0.0
 11
0.0
 21
8.65
 31
0.0
  0
ENDBLK
  5
309
330
301
100
AcDbEntity
  8
0
100
AcDbBlockEnd
  0
BLOCK
  5
30C
330
30B
100
AcDbEntity
  8
0
100
AcDbBlockBegin
  2
*U5
 70
     1
 10
0.0
 20
0.0
 30
0.0
  3
*U5
  1

  0
LINE
  5
30D
330
30B
100
AcDbEntity
  8
Smart Centers
  6
Continuous
 62
     0
440
 16777216
 48
0.75
100
AcDbLine
 10
-0.892969
 20
0.0
 30
0.0
 11
0.892969
 21
0.0
 31
0.0
  0
LINE
  5
30E
330
30B
100
AcDbEntity
  8
Smart Centers
  6
Continuous
 62
     0
440
 16777216
 48
0.75
100
AcDbLine
 10
0.0
 20
-0.892969
 30
0.0
 11
0.0
 21
0.892969
 31
0.0
  0
LINE
  5
30F
330
30B
100
AcDbEntity
  8
Smart Centers
 62
     0
440
 16777216
 48
0.75
100
AcDbLine
 10
-8.65
 20
0.0
 30
0.0
 11
-2.678906
 21
0.0
 31
0.0
  0
LINE
  5
310
330
30B
100
AcDbEntity
  8
Smart Centers
 62
     0
440
 16777216
 48
0.75
100
AcDbLine
 10
2.678906
 20
0.0
 30
0.0
 11
8.65
 21
0.0
 31
0.0
  0
LINE
  5
311
330
30B
100
AcDbEntity
  8
Smart Centers
 62
     0
440
 16777216
 48
0.75
100
AcDbLine
 10
0.0
 20
-8.65
 30
0.0
 11
0.0
 21
-2.678906
 31
0.0
  0
LINE
  5
312
330
30B
100
AcDbEntity
  8
Smart Centers
 62
     0
440
 16777216
 48
0.75
100
AcDbLine
 10
0.0
 20
2.678906
 30
0.0
 11
0.0
 21
8.65
 31
0.0
  0
ENDBLK
  5
313
330
30B
100
AcDbEntity
  8
0
100
AcDbBlockEnd
  0
BLOCK
  5
316
330
315
100
AcDbEntity
  8
0
100
AcDbBlockBegin
  2
*U6
 70
     1
 10
0.0
 20
0.0
 30
0.0
  3
*U6
  1

  0
LINE
  5
317
330
315
100
AcDbEntity
  8
Smart Centers
  6
Continuous
 62
     0
440
 16777216
 48
0.75
100
AcDbLine
 10
-0.892969
 20
0.0
 30
0.0
 11
0.892969
 21
0.0
 31
0.0
  0
LINE
  5
318
330
315
100
AcDbEntity
  8
Smart Centers
  6
Continuous
 62
     0
440
 16777216
 48
0.75
100
AcDbLine
 10
0.0
 20
-0.892969
 30
0.0
 11
0.0
 21
0.892969
 31
0.0
  0
LINE
  5
319
330
315
100
AcDbEntity
  8
Smart Centers
 62
     0
440
 16777216
 48
0.75
100
AcDbLine
 10
-8.65
 20
0.0
 30
0.0
 11
-2.678906
 21
0.0
 31
0.0
  0
LINE
  5
31A
330
315
100
AcDbEntity
  8
Smart Centers
 62
     0
440
 16777216
 48
0.75
100
AcDbLine
 10
2.678906
 20
0.0
 30
0.0
 11
8.65
 21
0.0
 31
0.0
  0
LINE
  5
31B
330
315
100
AcDbEntity
  8
Smart Centers
 62
     0
440
 16777216
 48
0.75
100
AcDbLine
 10
0.0
 20
-8.65
 30
0.0
 11
0.0
 21
-2.678906
 31
0.0
  0
LINE
  5
31C
330
315
100
AcDbEntity
  8
Smart Centers
 62
     0
440
 16777216
 48
0.75
100
AcDbLine
 10
0.0
 20
2.678906
 30
0.0
 11
0.0
 21
8.65
 31
0.0
  0
ENDBLK
  5
31D
330
315
100
AcDbEntity
  8
0
100
AcDbBlockEnd
  0
BLOCK
  5
320
330
31F
100
AcDbEntity
  8
0
100
AcDbBlockBegin
  2
*U7
 70
     1
 10
0.0
 20
0.0
 30
0.0
  3
*U7
  1

  0
LINE
  5
321
330
31F
100
AcDbEntity
  8
Smart Centers
  6
Continuous
 62
     0
440
 16777216
 48
0.75
100
AcDbLine
 10
-0.892969
 20
0.0
 30
0.0
 11
0.892969
 21
0.0
 31
0.0
  0
LINE
  5
322
330
31F
100
AcDbEntity
  8
Smart Centers
  6
Continuous
 62
     0
440
 16777216
 48
0.75
100
AcDbLine
 10
0.0
 20
-0.892969
 30
0.0
 11
0.0
 21
0.892969
 31
0.0
  0
LINE
  5
323
330
31F
100
AcDbEntity
  8
Smart Centers
 62
     0
440
 16777216
 48
0.75
100
AcDbLine
 10
-8.65
 20
0.0
 30
0.0
 11
-2.678906
 21
0.0
 31
0.0
  0
LINE
  5
324
330
31F
100
AcDbEntity
  8
Smart Centers
 62
     0
440
 16777216
 48
0.75
100
AcDbLine
 10
2.678906
 20
0.0
 30
0.0
 11
8.65
 21
0.0
 31
0.0
  0
LINE
  5
325
330
31F
100
AcDbEntity
  8
Smart Centers
 62
     0
440
 16777216
 48
0.75
100
AcDbLine
 10
0.0
 20
-8.65
 30
0.0
 11
0.0
 21
-2.678906
 31
0.0
  0
LINE
  5
326
330
31F
100
AcDbEntity
  8
Smart Centers
 62
     0
440
 16777216
 48
0.75
100
AcDbLine
 10
0.0
 20
2.678906
 30
0.0
 11
0.0
 21
8.65
 31
0.0
  0
ENDBLK
  5
327
330
31F
100
AcDbEntity
  8
0
100
AcDbBlockEnd
  0
BLOCK
  5
32A
330
329
100
AcDbEntity
  8
0
100
AcDbBlockBegin
  2
*U8
 70
     1
 10
0.0
 20
0.0
 30
0.0
  3
*U8
  1

  0
LINE
  5
32B
330
329
100
AcDbEntity
  8
Smart Centers
  6
Continuous
 62
     0
440
 16777216
 48
0.75
100
AcDbLine
 10
-0.892969
 20
0.0
 30
0.0
 11
0.892969
 21
0.0
 31
0.0
  0
LINE
  5
32C
330
329
100
AcDbEntity
  8
Smart Centers
  6
Continuous
 62
     0
440
 16777216
 48
0.75
100
AcDbLine
 10
0.0
 20
-0.892969
 30
0.0
 11
0.0
 21
0.892969
 31
0.0
  0
LINE
  5
32D
330
329
100
AcDbEntity
  8
Smart Centers
 62
     0
440
 16777216
 48
0.75
100
AcDbLine
 10
-8.65
 20
0.0
 30
0.0
 11
-2.678906
 21
0.0
 31
0.0
  0
LINE
  5
32E
330
329
100
AcDbEntity
  8
Smart Centers
 62
     0
440
 16777216
 48
0.75
100
AcDbLine
 10
2.678906
 20
0.0
 30
0.0
 11
8.65
 21
0.0
 31
0.0
  0
LINE
  5
32F
330
329
100
AcDbEntity
  8
Smart Centers
 62
     0
440
 16777216
 48
0.75
100
AcDbLine
 10
0.0
 20
-8.65
 30
0.0
 11
0.0
 21
-2.678906
 31
0.0
  0
LINE
  5
330
330
329
100
AcDbEntity
  8
Smart Centers
 62
     0
440
 16777216
 48
0.75
100
AcDbLine
 10
0.0
 20
2.678906
 30
0.0
 11
0.0
 21
8.65
 31
0.0
  0
ENDBLK
  5
331
330
329
100
AcDbEntity
  8
0
100
AcDbBlockEnd
  0
BLOCK
  5
334
330
333
100
AcDbEntity
  8
0
100
AcDbBlockBegin
  2
*U9
 70
     1
 10
0.0
 20
0.0
 30
0.0
  3
*U9
  1

  0
LINE
  5
335
330
333
100
AcDbEntity
  8
Smart Centers
  6
Continuous
 62
     0
440
 16777216
 48
0.75
100
AcDbLine
 10
-0.892969
 20
0.0
 30
0.0
 11
0.892969
 21
0.0
 31
0.0
  0
LINE
  5
336
330
333
100
AcDbEntity
  8
Smart Centers
  6
Continuous
 62
     0
440
 16777216
 48
0.75
100
AcDbLine
 10
0.0
 20
-0.892969
 30
0.0
 11
0.0
 21
0.892969
 31
0.0
  0
LINE
  5
337
330
333
100
AcDbEntity
  8
Smart Centers
 62
     0
440
 16777216
 48
0.75
100
AcDbLine
 10
-8.65
 20
0.0
 30
0.0
 11
-2.678906
 21
0.0
 31
0.0
  0
LINE
  5
338
330
333
100
AcDbEntity
  8
Smart Centers
 62
     0
440
 16777216
 48
0.75
100
AcDbLine
 10
2.678906
 20
0.0
 30
0.0
 11
8.65
 21
0.0
 31
0.0
  0
LINE
  5
339
330
333
100
AcDbEntity
  8
Smart Centers
 62
     0
440
 16777216
 48
0.75
100
AcDbLine
 10
0.0
 20
-8.65
 30
0.0
 11
0.0
 21
-2.678906
 31
0.0
  0
LINE
  5
33A
330
333
100
AcDbEntity
  8
Smart Centers
 62
     0
440
 16777216
 48
0.75
100
AcDbLine
 10
0.0
 20
2.678906
 30
0.0
 11
0.0
 21
8.65
 31
0.0
  0
ENDBLK
  5
33B
330
333
100
AcDbEntity
  8
0
100
AcDbBlockEnd
  0
BLOCK
  5
33E
330
33D
100
AcDbEntity
  8
0
100
AcDbBlockBegin
  2
*U10
 70
     1
 10
0.0
 20
0.0
 30
0.0
  3
*U10
  1

  0
LINE
  5
33F
330
33D
100
AcDbEntity
  8
Smart Centers
  6
Continuous
 62
     0
440
 16777216
 48
0.75
100
AcDbLine
 10
-0.892969
 20
0.0
 30
0.0
 11
0.892969
 21
0.0
 31
0.0
  0
LINE
  5
340
330
33D
100
AcDbEntity
  8
Smart Centers
  6
Continuous
 62
     0
440
 16777216
 48
0.75
100
AcDbLine
 10
0.0
 20
-0.892969
 30
0.0
 11
0.0
 21
0.892969
 31
0.0
  0
LINE
  5
341
330
33D
100
AcDbEntity
  8
Smart Centers
 62
     0
440
 16777216
 48
0.75
100
AcDbLine
 10
-8.65
 20
0.0
 30
0.0
 11
-2.678906
 21
0.0
 31
0.0
  0
LINE
  5
342
330
33D
100
AcDbEntity
  8
Smart Centers
 62
     0
440
 16777216
 48
0.75
100
AcDbLine
 10
2.678906
 20
0.0
 30
0.0
 11
8.65
 21
0.0
 31
0.0
  0
LINE
  5
343
330
33D
100
AcDbEntity
  8
Smart Centers
 62
     0
440
 16777216
 48
0.75
100
AcDbLine
 10
0.0
 20
-8.65
 30
0.0
 11
0.0
 21
-2.678906
 31
0.0
  0
LINE
  5
344
330
33D
100
AcDbEntity
  8
Smart Centers
 62
     0
440
 16777216
 48
0.75
100
AcDbLine
 10
0.0
 20
2.678906
 30
0.0
 11
0.0
 21
8.65
 31
0.0
  0
ENDBLK
  5
345
330
33D
100
AcDbEntity
  8
0
100
AcDbBlockEnd
  0
BLOCK
  5
348
330
347
100
AcDbEntity
  8
0
100
AcDbBlockBegin
  2
*U11
 70
     1
 10
0.0
 20
0.0
 30
0.0
  3
*U11
  1

  0
LINE
  5
349
330
347
100
AcDbEntity
  8
Smart Centers
  6
Continuous
 62
     0
440
 16777216
 48
0.75
100
AcDbLine
 10
-0.892969
 20
0.0
 30
0.0
 11
0.892969
 21
0.0
 31
0.0
  0
LINE
  5
34A
330
347
100
AcDbEntity
  8
Smart Centers
  6
Continuous
 62
     0
440
 16777216
 48
0.75
100
AcDbLine
 10
0.0
 20
-0.892969
 30
0.0
 11
0.0
 21
0.892969
 31
0.0
  0
LINE
  5
34B
330
347
100
AcDbEntity
  8
Smart Centers
 62
     0
440
 16777216
 48
0.75
100
AcDbLine
 10
-8.65
 20
0.0
 30
0.0
 11
-2.678906
 21
0.0
 31
0.0
  0
LINE
  5
34C
330
347
100
AcDbEntity
  8
Smart Centers
 62
     0
440
 16777216
 48
0.75
100
AcDbLine
 10
2.678906
 20
0.0
 30
0.0
 11
8.65
 21
0.0
 31
0.0
  0
LINE
  5
34D
330
347
100
AcDbEntity
  8
Smart Centers
 62
     0
440
 16777216
 48
0.75
100
AcDbLine
 10
0.0
 20
-8.65
 30
0.0
 11
0.0
 21
-2.678906
 31
0.0
  0
LINE
  5
34E
330
347
100
AcDbEntity
  8
Smart Centers
 62
     0
440
 16777216
 48
0.75
100
AcDbLine
 10
0.0
 20
2.678906
 30
0.0
 11
0.0
 21
8.65
 31
0.0
  0
ENDBLK
  5
34F
330
347
100
AcDbEntity
  8
0
100
AcDbBlockEnd
  0
BLOCK
  5
352
330
351
100
AcDbEntity
  8
0
100
AcDbBlockBegin
  2
*U12
 70
     1
 10
0.0
 20
0.0
 30
0.0
  3
*U12
  1

  0
LINE
  5
353
330
351
100
AcDbEntity
  8
Smart Centers
  6
Continuous
 62
     0
440
 16777216
 48
0.75
100
AcDbLine
 10
-0.892969
 20
0.0
 30
0.0
 11
0.892969
 21
0.0
 31
0.0
  0
LINE
  5
354
330
351
100
AcDbEntity
  8
Smart Centers
  6
Continuous
 62
     0
440
 16777216
 48
0.75
100
AcDbLine
 10
0.0
 20
-0.892969
 30
0.0
 11
0.0
 21
0.892969
 31
0.0
  0
LINE
  5
355
330
351
100
AcDbEntity
  8
Smart Centers
 62
     0
440
 16777216
 48
0.75
100
AcDbLine
 10
-8.65
 20
0.0
 30
0.0
 11
-2.678906
 21
0.0
 31
0.0
  0
LINE
  5
356
330
351
100
AcDbEntity
  8
Smart Centers
 62
     0
440
 16777216
 48
0.75
100
AcDbLine
 10
2.678906
 20
0.0
 30
0.0
 11
8.65
 21
0.0
 31
0.0
  0
LINE
  5
357
330
351
100
AcDbEntity
  8
Smart Centers
 62
     0
440
 16777216
 48
0.75
100
AcDbLine
 10
0.0
 20
-8.65
 30
0.0
 11
0.0
 21
-2.678906
 31
0.0
  0
LINE
  5
358
330
351
100
AcDbEntity
  8
Smart Centers
 62
     0
440
 16777216
 48
0.75
100
AcDbLine
 10
0.0
 20
2.678906
 30
0.0
 11
0.0
 21
8.65
 31
0.0
  0
ENDBLK
  5
359
330
351
100
AcDbEntity
  8
0
100
AcDbBlockEnd
  0
BLOCK
  5
35C
330
35B
100
AcDbEntity
  8
0
100
AcDbBlockBegin
  2
*U13
 70
     1
 10
0.0
 20
0.0
 30
0.0
  3
*U13
  1

  0
LINE
  5
35D
330
35B
100
AcDbEntity
  8
Smart Centers
  6
Continuous
 62
     0
440
 16777216
 48
0.75
100
AcDbLine
 10
-0.892969
 20
0.0
 30
0.0
 11
0.892969
 21
0.0
 31
0.0
  0
LINE
  5
35E
330
35B
100
AcDbEntity
  8
Smart Centers
  6
Continuous
 62
     0
440
 16777216
 48
0.75
100
AcDbLine
 10
0.0
 20
-0.892969
 30
0.0
 11
0.0
 21
0.892969
 31
0.0
  0
LINE
  5
35F
330
35B
100
AcDbEntity
  8
Smart Centers
 62
     0
440
 16777216
 48
0.75
100
AcDbLine
 10
-8.65
 20
0.0
 30
0.0
 11
-2.678906
 21
0.0
 31
0.0
  0
LINE
  5
360
330
35B
100
AcDbEntity
  8
Smart Centers
 62
     0
440
 16777216
 48
0.75
100
AcDbLine
 10
2.678906
 20
0.0
 30
0.0
 11
8.65
 21
0.0
 31
0.0
  0
LINE
  5
361
330
35B
100
AcDbEntity
  8
Smart Centers
 62
     0
440
 16777216
 48
0.75
100
AcDbLine
 10
0.0
 20
-8.65
 30
0.0
 11
0.0
 21
-2.678906
 31
0.0
  0
LINE
  5
362
330
35B
100
AcDbEntity
  8
Smart Centers
 62
     0
440
 16777216
 48
0.75
100
AcDbLine
 10
0.0
 20
2.678906
 30
0.0
 11
0.0
 21
8.65
 31
0.0
  0
ENDBLK
  5
363
330
35B
100
AcDbEntity
  8
0
100
AcDbBlockEnd
  0
BLOCK
  5
366
330
365
100
AcDbEntity
  8
0
100
AcDbBlockBegin
  2
*U14
 70
     1
 10
0.0
 20
0.0
 30
0.0
  3
*U14
  1

  0
LINE
  5
367
330
365
100
AcDbEntity
  8
Smart Centers
  6
Continuous
 62
     0
440
 16777216
 48
0.75
100
AcDbLine
 10
-0.892969
 20
0.0
 30
0.0
 11
0.892969
 21
0.0
 31
0.0
  0
LINE
  5
368
330
365
100
AcDbEntity
  8
Smart Centers
  6
Continuous
 62
     0
440
 16777216
 48
0.75
100
AcDbLine
 10
0.0
 20
-0.892969
 30
0.0
 11
0.0
 21
0.892969
 31
0.0
  0
LINE
  5
369
330
365
100
AcDbEntity
  8
Smart Centers
 62
     0
440
 16777216
 48
0.75
100
AcDbLine
 10
-8.65
 20
0.0
 30
0.0
 11
-2.678906
 21
0.0
 31
0.0
  0
LINE
  5
36A
330
365
100
AcDbEntity
  8
Smart Centers
 62
     0
440
 16777216
 48
0.75
100
AcDbLine
 10
2.678906
 20
0.0
 30
0.0
 11
8.65
 21
0.0
 31
0.0
  0
LINE
  5
36B
330
365
100
AcDbEntity
  8
Smart Centers
 62
     0
440
 16777216
 48
0.75
100
AcDbLine
 10
0.0
 20
-8.65
 30
0.0
 11
0.0
 21
-2.678906
 31
0.0
  0
LINE
  5
36C
330
365
100
AcDbEntity
  8
Smart Centers
 62
     0
440
 16777216
 48
0.75
100
AcDbLine
 10
0.0
 20
2.678906
 30
0.0
 11
0.0
 21
8.65
 31
0.0
  0
ENDBLK
  5
36D
330
365
100
AcDbEntity
  8
0
100
AcDbBlockEnd
  0
BLOCK
  5
370
330
36F
100
AcDbEntity
  8
0
100
AcDbBlockBegin
  2
*U15
 70
     1
 10
0.0
 20
0.0
 30
0.0
  3
*U15
  1

  0
LINE
  5
371
330
36F
100
AcDbEntity
  8
Smart Centers
  6
Continuous
 62
     0
440
 16777216
 48
0.75
100
AcDbLine
 10
-0.892969
 20
0.0
 30
0.0
 11
0.892969
 21
0.0
 31
0.0
  0
LINE
  5
372
330
36F
100
AcDbEntity
  8
Smart Centers
  6
Continuous
 62
     0
440
 16777216
 48
0.75
100
AcDbLine
 10
0.0
 20
-0.892969
 30
0.0
 11
0.0
 21
0.892969
 31
0.0
  0
LINE
  5
373
330
36F
100
AcDbEntity
  8
Smart Centers
 62
     0
440
 16777216
 48
0.75
100
AcDbLine
 10
-8.65
 20
0.0
 30
0.0
 11
-2.678906
 21
0.0
 31
0.0
  0
LINE
  5
374
330
36F
100
AcDbEntity
  8
Smart Centers
 62
     0
440
 16777216
 48
0.75
100
AcDbLine
 10
2.678906
 20
0.0
 30
0.0
 11
8.65
 21
0.0
 31
0.0
  0
LINE
  5
375
330
36F
100
AcDbEntity
  8
Smart Centers
 62
     0
440
 16777216
 48
0.75
100
AcDbLine
 10
0.0
 20
-8.65
 30
0.0
 11
0.0
 21
-2.678906
 31
0.0
  0
LINE
  5
376
330
36F
100
AcDbEntity
  8
Smart Centers
 62
     0
440
 16777216
 48
0.75
100
AcDbLine
 10
0.0
 20
2.678906
 30
0.0
 11
0.0
 21
8.65
 31
0.0
  0
ENDBLK
  5
377
330
36F
100
AcDbEntity
  8
0
100
AcDbBlockEnd
  0
BLOCK
  5
37A
330
379
100
AcDbEntity
  8
0
100
AcDbBlockBegin
  2
*U16
 70
     1
 10
0.0
 20
0.0
 30
0.0
  3
*U16
  1

  0
LINE
  5
37B
330
379
100
AcDbEntity
  8
Smart Centers
  6
Continuous
 62
     0
440
 16777216
 48
0.75
100
AcDbLine
 10
-0.892969
 20
0.0
 30
0.0
 11
0.892969
 21
0.0
 31
0.0
  0
LINE
  5
37C
330
379
100
AcDbEntity
  8
Smart Centers
  6
Continuous
 62
     0
440
 16777216
 48
0.75
100
AcDbLine
 10
0.0
 20
-0.892969
 30
0.0
 11
0.0
 21
0.892969
 31
0.0
  0
LINE
  5
37D
330
379
100
AcDbEntity
  8
Smart Centers
 62
     0
440
 16777216
 48
0.75
100
AcDbLine
 10
-8.65
 20
0.0
 30
0.0
 11
-2.678906
 21
0.0
 31
0.0
  0
LINE
  5
37E
330
379
100
AcDbEntity
  8
Smart Centers
 62
     0
440
 16777216
 48
0.75
100
AcDbLine
 10
2.678906
 20
0.0
 30
0.0
 11
8.65
 21
0.0
 31
0.0
  0
LINE
  5
37F
330
379
100
AcDbEntity
  8
Smart Centers
 62
     0
440
 16777216
 48
0.75
100
AcDbLine
 10
0.0
 20
-8.65
 30
0.0
 11
0.0
 21
-2.678906
 31
0.0
  0
LINE
  5
380
330
379
100
AcDbEntity
  8
Smart Centers
 62
     0
440
 16777216
 48
0.75
100
AcDbLine
 10
0.0
 20
2.678906
 30
0.0
 11
0.0
 21
8.65
 31
0.0
  0
ENDBLK
  5
381
330
379
100
AcDbEntity
  8
0
100
AcDbBlockEnd
  0
BLOCK
  5
384
330
383
100
AcDbEntity
  8
0
100
AcDbBlockBegin
  2
*U17
 70
     1
 10
0.0
 20
0.0
 30
0.0
  3
*U17
  1

  0
LINE
  5
385
330
383
100
AcDbEntity
  8
Smart Centers
  6
Continuous
 62
     0
440
 16777216
 48
0.75
100
AcDbLine
 10
-0.892969
 20
0.0
 30
0.0
 11
0.892969
 21
0.0
 31
0.0
  0
LINE
  5
386
330
383
100
AcDbEntity
  8
Smart Centers
  6
Continuous
 62
     0
440
 16777216
 48
0.75
100
AcDbLine
 10
0.0
 20
-0.892969
 30
0.0
 11
0.0
 21
0.892969
 31
0.0
  0
LINE
  5
387
330
383
100
AcDbEntity
  8
Smart Centers
 62
     0
440
 16777216
 48
0.75
100
AcDbLine
 10
-8.65
 20
0.0
 30
0.0
 11
-2.678906
 21
0.0
 31
0.0
  0
LINE
  5
388
330
383
100
AcDbEntity
  8
Smart Centers
 62
     0
440
 16777216
 48
0.75
100
AcDbLine
 10
2.678906
 20
0.0
 30
0.0
 11
8.65
 21
0.0
 31
0.0
  0
LINE
  5
389
330
383
100
AcDbEntity
  8
Smart Centers
 62
     0
440
 16777216
 48
0.75
100
AcDbLine
 10
0.0
 20
-8.65
 30
0.0
 11
0.0
 21
-2.678906
 31
0.0
  0
LINE
  5
38A
330
383
100
AcDbEntity
  8
Smart Centers
 62
     0
440
 16777216
 48
0.75
100
AcDbLine
 10
0.0
 20
2.678906
 30
0.0
 11
0.0
 21
8.65
 31
0.0
  0
ENDBLK
  5
38B
330
383
100
AcDbEntity
  8
0
100
AcDbBlockEnd
  0
BLOCK
  5
38E
330
38D
100
AcDbEntity
  8
0
100
AcDbBlockBegin
  2
*U18
 70
     1
 10
0.0
 20
0.0
 30
0.0
  3
*U18
  1

  0
LINE
  5
38F
330
38D
100
AcDbEntity
  8
Smart Centers
  6
Continuous
 62
     0
440
 16777216
 48
0.75
100
AcDbLine
 10
-0.892969
 20
0.0
 30
0.0
 11
0.892969
 21
0.0
 31
0.0
  0
LINE
  5
390
330
38D
100
AcDbEntity
  8
Smart Centers
  6
Continuous
 62
     0
440
 16777216
 48
0.75
100
AcDbLine
 10
0.0
 20
-0.892969
 30
0.0
 11
0.0
 21
0.892969
 31
0.0
  0
LINE
  5
391
330
38D
100
AcDbEntity
  8
Smart Centers
 62
     0
440
 16777216
 48
0.75
100
AcDbLine
 10
-8.65
 20
0.0
 30
0.0
 11
-2.678906
 21
0.0
 31
0.0
  0
LINE
  5
392
330
38D
100
AcDbEntity
  8
Smart Centers
 62
     0
440
 16777216
 48
0.75
100
AcDbLine
 10
2.678906
 20
0.0
 30
0.0
 11
8.65
 21
0.0
 31
0.0
  0
LINE
  5
393
330
38D
100
AcDbEntity
  8
Smart Centers
 62
     0
440
 16777216
 48
0.75
100
AcDbLine
 10
0.0
 20
-8.65
 30
0.0
 11
0.0
 21
-2.678906
 31
0.0
  0
LINE
  5
394
330
38D
100
AcDbEntity
  8
Smart Centers
 62
     0
440
 16777216
 48
0.75
100
AcDbLine
 10
0.0
 20
2.678906
 30
0.0
 11
0.0
 21
8.65
 31
0.0
  0
ENDBLK
  5
395
330
38D
100
AcDbEntity
  8
0
100
AcDbBlockEnd
  0
BLOCK
  5
398
330
397
100
AcDbEntity
  8
0
100
AcDbBlockBegin
  2
*U19
 70
     1
 10
0.0
 20
0.0
 30
0.0
  3
*U19
  1

  0
LINE
  5
399
330
397
100
AcDbEntity
  8
Smart Centers
  6
Continuous
 62
     0
440
 16777216
 48
0.75
100
AcDbLine
 10
-0.892969
 20
0.0
 30
0.0
 11
0.892969
 21
0.0
 31
0.0
  0
LINE
  5
39A
330
397
100
AcDbEntity
  8
Smart Centers
  6
Continuous
 62
     0
440
 16777216
 48
0.75
100
AcDbLine
 10
0.0
 20
-0.892969
 30
0.0
 11
0.0
 21
0.892969
 31
0.0
  0
LINE
  5
39B
330
397
100
AcDbEntity
  8
Smart Centers
 62
     0
440
 16777216
 48
0.75
100
AcDbLine
 10
-8.65
 20
0.0
 30
0.0
 11
-2.678906
 21
0.0
 31
0.0
  0
LINE
  5
39C
330
397
100
AcDbEntity
  8
Smart Centers
 62
     0
440
 16777216
 48
0.75
100
AcDbLine
 10
2.678906
 20
0.0
 30
0.0
 11
8.65
 21
0.0
 31
0.0
  0
LINE
  5
39D
330
397
100
AcDbEntity
  8
Smart Centers
 62
     0
440
 16777216
 48
0.75
100
AcDbLine
 10
0.0
 20
-8.65
 30
0.0
 11
0.0
 21
-2.678906
 31
0.0
  0
LINE
  5
39E
330
397
100
AcDbEntity
  8
Smart Centers
 62
     0
440
 16777216
 48
0.75
100
AcDbLine
 10
0.0
 20
2.678906
 30
0.0
 11
0.0
 21
8.65
 31
0.0
  0
ENDBLK
  5
39F
330
397
100
AcDbEntity
  8
0
100
AcDbBlockEnd
  0
BLOCK
  5
3A2
330
3A1
100
AcDbEntity
  8
0
100
AcDbBlockBegin
  2
*U20
 70
     1
 10
0.0
 20
0.0
 30
0.0
  3
*U20
  1

  0
LINE
  5
3A3
330
3A1
100
AcDbEntity
  8
Smart Centers
  6
Continuous
 62
     0
440
 16777216
 48
0.75
100
AcDbLine
 10
-0.892969
 20
0.0
 30
0.0
 11
0.892969
 21
0.0
 31
0.0
  0
LINE
  5
3A4
330
3A1
100
AcDbEntity
  8
Smart Centers
  6
Continuous
 62
     0
440
 16777216
 48
0.75
100
AcDbLine
 10
0.0
 20
-0.892969
 30
0.0
 11
0.0
 21
0.892969
 31
0.0
  0
LINE
  5
3A5
330
3A1
100
AcDbEntity
  8
Smart Centers
 62
     0
440
 16777216
 48
0.75
100
AcDbLine
 10
-8.65
 20
0.0
 30
0.0
 11
-2.678906
 21
0.0
 31
0.0
  0
LINE
  5
3A6
330
3A1
100
AcDbEntity
  8
Smart Centers
 62
     0
440
 16777216
 48
0.75
100
AcDbLine
 10
2.678906
 20
0.0
 30
0.0
 11
8.65
 21
0.0
 31
0.0
  0
LINE
  5
3A7
330
3A1
100
AcDbEntity
  8
Smart Centers
 62
     0
440
 16777216
 48
0.75
100
AcDbLine
 10
0.0
 20
-8.65
 30
0.0
 11
0.0
 21
-2.678906
 31
0.0
  0
LINE
  5
3A8
330
3A1
100
AcDbEntity
  8
Smart Centers
 62
     0
440
 16777216
 48
0.75
100
AcDbLine
 10
0.0
 20
2.678906
 30
0.0
 11
0.0
 21
8.65
 31
0.0
  0
ENDBLK
  5
3A9
330
3A1
100
AcDbEntity
  8
0
100
AcDbBlockEnd
  0
BLOCK
  5
3AC
330
3AB
100
AcDbEntity
  8
0
100
AcDbBlockBegin
  2
*U21
 70
     1
 10
0.0
 20
0.0
 30
0.0
  3
*U21
  1

  0
LINE
  5
3AD
330
3AB
100
AcDbEntity
  8
Smart Centers
  6
Continuous
 62
     0
440
 16777216
 48
0.75
100
AcDbLine
 10
-0.892969
 20
0.0
 30
0.0
 11
0.892969
 21
0.0
 31
0.0
  0
LINE
  5
3AE
330
3AB
100
AcDbEntity
  8
Smart Centers
  6
Continuous
 62
     0
440
 16777216
 48
0.75
100
AcDbLine
 10
0.0
 20
-0.892969
 30
0.0
 11
0.0
 21
0.892969
 31
0.0
  0
LINE
  5
3AF
330
3AB
100
AcDbEntity
  8
Smart Centers
 62
     0
440
 16777216
 48
0.75
100
AcDbLine
 10
-8.65
 20
0.0
 30
0.0
 11
-2.678906
 21
0.0
 31
0.0
  0
LINE
  5
3B0
330
3AB
100
AcDbEntity
  8
Smart Centers
 62
     0
440
 16777216
 48
0.75
100
AcDbLine
 10
2.678906
 20
0.0
 30
0.0
 11
8.65
 21
0.0
 31
0.0
  0
LINE
  5
3B1
330
3AB
100
AcDbEntity
  8
Smart Centers
 62
     0
440
 16777216
 48
0.75
100
AcDbLine
 10
0.0
 20
-8.65
 30
0.0
 11
0.0
 21
-2.678906
 31
0.0
  0
LINE
  5
3B2
330
3AB
100
AcDbEntity
  8
Smart Centers
 62
     0
440
 16777216
 48
0.75
100
AcDbLine
 10
0.0
 20
2.678906
 30
0.0
 11
0.0
 21
8.65
 31
0.0
  0
ENDBLK
  5
3B3
330
3AB
100
AcDbEntity
  8
0
100
AcDbBlockEnd
  0
BLOCK
  5
3B6
330
3B5
100
AcDbEntity
  8
0
100
AcDbBlockBegin
  2
*U22
 70
     1
 10
0.0
 20
0.0
 30
0.0
  3
*U22
  1

  0
LINE
  5
3B7
330
3B5
100
AcDbEntity
  8
Smart Centers
  6
Continuous
 62
     0
440
 16777216
 48
0.75
100
AcDbLine
 10
-0.892969
 20
0.0
 30
0.0
 11
0.892969
 21
0.0
 31
0.0
  0
LINE
  5
3B8
330
3B5
100
AcDbEntity
  8
Smart Centers
  6
Continuous
 62
     0
440
 16777216
 48
0.75
100
AcDbLine
 10
0.0
 20
-0.892969
 30
0.0
 11
0.0
 21
0.892969
 31
0.0
  0
LINE
  5
3B9
330
3B5
100
AcDbEntity
  8
Smart Centers
 62
     0
440
 16777216
 48
0.75
100
AcDbLine
 10
-8.65
 20
0.0
 30
0.0
 11
-2.678906
 21
0.0
 31
0.0
  0
LINE
  5
3BA
330
3B5
100
AcDbEntity
  8
Smart Centers
 62
     0
440
 16777216
 48
0.75
100
AcDbLine
 10
2.678906
 20
0.0
 30
0.0
 11
8.65
 21
0.0
 31
0.0
  0
LINE
  5
3BB
330
3B5
100
AcDbEntity
  8
Smart Centers
 62
     0
440
 16777216
 48
0.75
100
AcDbLine
 10
0.0
 20
-8.65
 30
0.0
 11
0.0
 21
-2.678906
 31
0.0
  0
LINE
  5
3BC
330
3B5
100
AcDbEntity
  8
Smart Centers
 62
     0
440
 16777216
 48
0.75
100
AcDbLine
 10
0.0
 20
2.678906
 30
0.0
 11
0.0
 21
8.65
 31
0.0
  0
ENDBLK
  5
3BD
330
3B5
100
AcDbEntity
  8
0
100
AcDbBlockEnd
  0
BLOCK
  5
3C0
330
3BF
100
AcDbEntity
  8
0
100
AcDbBlockBegin
  2
*U23
 70
     1
 10
0.0
 20
0.0
 30
0.0
  3
*U23
  1

  0
LINE
  5
3C1
330
3BF
100
AcDbEntity
  8
Smart Centers
  6
Continuous
 62
     0
440
 16777216
 48
0.75
100
AcDbLine
 10
-0.892969
 20
0.0
 30
0.0
 11
0.892969
 21
0.0
 31
0.0
  0
LINE
  5
3C2
330
3BF
100
AcDbEntity
  8
Smart Centers
  6
Continuous
 62
     0
440
 16777216
 48
0.75
100
AcDbLine
 10
0.0
 20
-0.892969
 30
0.0
 11
0.0
 21
0.892969
 31
0.0
  0
LINE
  5
3C3
330
3BF
100
AcDbEntity
  8
Smart Centers
 62
     0
440
 16777216
 48
0.75
100
AcDbLine
 10
-8.65
 20
0.0
 30
0.0
 11
-2.678906
 21
0.0
 31
0.0
  0
LINE
  5
3C4
330
3BF
100
AcDbEntity
  8
Smart Centers
 62
     0
440
 16777216
 48
0.75
100
AcDbLine
 10
2.678906
 20
0.0
 30
0.0
 11
8.65
 21
0.0
 31
0.0
  0
LINE
  5
3C5
330
3BF
100
AcDbEntity
  8
Smart Centers
 62
     0
440
 16777216
 48
0.75
100
AcDbLine
 10
0.0
 20
-8.65
 30
0.0
 11
0.0
 21
-2.678906
 31
0.0
  0
LINE
  5
3C6
330
3BF
100
AcDbEntity
  8
Smart Centers
 62
     0
440
 16777216
 48
0.75
100
AcDbLine
 10
0.0
 20
2.678906
 30
0.0
 11
0.0
 21
8.65
 31
0.0
  0
ENDBLK
  5
3C7
330
3BF
100
AcDbEntity
  8
0
100
AcDbBlockEnd
  0
BLOCK
  5
3CA
330
3C9
100
AcDbEntity
  8
0
100
AcDbBlockBegin
  2
*U24
 70
     1
 10
0.0
 20
0.0
 30
0.0
  3
*U24
  1

  0
LINE
  5
3CB
330
3C9
100
AcDbEntity
  8
Smart Centers
  6
Continuous
 62
     0
440
 16777216
 48
0.75
100
AcDbLine
 10
-0.892969
 20
0.0
 30
0.0
 11
0.892969
 21
0.0
 31
0.0
  0
LINE
  5
3CC
330
3C9
100
AcDbEntity
  8
Smart Centers
  6
Continuous
 62
     0
440
 16777216
 48
0.75
100
AcDbLine
 10
0.0
 20
-0.892969
 30
0.0
 11
0.0
 21
0.892969
 31
0.0
  0
LINE
  5
3CD
330
3C9
100
AcDbEntity
  8
Smart Centers
 62
     0
440
 16777216
 48
0.75
100
AcDbLine
 10
-8.65
 20
0.0
 30
0.0
 11
-2.678906
 21
0.0
 31
0.0
  0
LINE
  5
3CE
330
3C9
100
AcDbEntity
  8
Smart Centers
 62
     0
440
 16777216
 48
0.75
100
AcDbLine
 10
2.678906
 20
0.0
 30
0.0
 11
8.65
 21
0.0
 31
0.0
  0
LINE
  5
3CF
330
3C9
100
AcDbEntity
  8
Smart Centers
 62
     0
440
 16777216
 48
0.75
100
AcDbLine
 10
0.0
 20
-8.65
 30
0.0
 11
0.0
 21
-2.678906
 31
0.0
  0
LINE
  5
3D0
330
3C9
100
AcDbEntity
  8
Smart Centers
 62
     0
440
 16777216
 48
0.75
100
AcDbLine
 10
0.0
 20
2.678906
 30
0.0
 11
0.0
 21
8.65
 31
0.0
  0
ENDBLK
  5
3D1
330
3C9
100
AcDbEntity
  8
0
100
AcDbBlockEnd
  0
BLOCK
  5
3D4
330
3D3
100
AcDbEntity
  8
0
100
AcDbBlockBegin
  2
*U25
 70
     1
 10
0.0
 20
0.0
 30
0.0
  3
*U25
  1

  0
LINE
  5
3D5
330
3D3
100
AcDbEntity
  8
Smart Centers
  6
Continuous
 62
     0
440
 16777216
 48
0.75
100
AcDbLine
 10
-0.892969
 20
0.0
 30
0.0
 11
0.892969
 21
0.0
 31
0.0
  0
LINE
  5
3D6
330
3D3
100
AcDbEntity
  8
Smart Centers
  6
Continuous
 62
     0
440
 16777216
 48
0.75
100
AcDbLine
 10
0.0
 20
-0.892969
 30
0.0
 11
0.0
 21
0.892969
 31
0.0
  0
LINE
  5
3D7
330
3D3
100
AcDbEntity
  8
Smart Centers
 62
     0
440
 16777216
 48
0.75
100
AcDbLine
 10
-8.65
 20
0.0
 30
0.0
 11
-2.678906
 21
0.0
 31
0.0
  0
LINE
  5
3D8
330
3D3
100
AcDbEntity
  8
Smart Centers
 62
     0
440
 16777216
 48
0.75
100
AcDbLine
 10
2.678906
 20
0.0
 30
0.0
 11
8.65
 21
0.0
 31
0.0
  0
LINE
  5
3D9
330
3D3
100
AcDbEntity
  8
Smart Centers
 62
     0
440
 16777216
 48
0.75
100
AcDbLine
 10
0.0
 20
-8.65
 30
0.0
 11
0.0
 21
-2.678906
 31
0.0
  0
LINE
  5
3DA
330
3D3
100
AcDbEntity
  8
Smart Centers
 62
     0
440
 16777216
 48
0.75
100
AcDbLine
 10
0.0
 20
2.678906
 30
0.0
 11
0.0
 21
8.65
 31
0.0
  0
ENDBLK
  5
3DB
330
3D3
100
AcDbEntity
  8
0
100
AcDbBlockEnd
  0
BLOCK
  5
3DE
330
3DD
100
AcDbEntity
  8
0
100
AcDbBlockBegin
  2
*U26
 70
     1
 10
0.0
 20
0.0
 30
0.0
  3
*U26
  1

  0
LINE
  5
3DF
330
3DD
100
AcDbEntity
  8
Smart Centers
  6
Continuous
 62
     0
440
 16777216
 48
0.75
100
AcDbLine
 10
-0.892969
 20
0.0
 30
0.0
 11
0.892969
 21
0.0
 31
0.0
  0
LINE
  5
3E0
330
3DD
100
AcDbEntity
  8
Smart Centers
  6
Continuous
 62
     0
440
 16777216
 48
0.75
100
AcDbLine
 10
0.0
 20
-0.892969
 30
0.0
 11
0.0
 21
0.892969
 31
0.0
  0
LINE
  5
3E1
330
3DD
100
AcDbEntity
  8
Smart Centers
 62
     0
440
 16777216
 48
0.75
100
AcDbLine
 10
-8.65
 20
0.0
 30
0.0
 11
-2.678906
 21
0.0
 31
0.0
  0
LINE
  5
3E2
330
3DD
100
AcDbEntity
  8
Smart Centers
 62
     0
440
 16777216
 48
0.75
100
AcDbLine
 10
2.678906
 20
0.0
 30
0.0
 11
8.65
 21
0.0
 31
0.0
  0
LINE
  5
3E3
330
3DD
100
AcDbEntity
  8
Smart Centers
 62
     0
440
 16777216
 48
0.75
100
AcDbLine
 10
0.0
 20
-8.65
 30
0.0
 11
0.0
 21
-2.678906
 31
0.0
  0
LINE
  5
3E4
330
3DD
100
AcDbEntity
  8
Smart Centers
 62
     0
440
 16777216
 48
0.75
100
AcDbLine
 10
0.0
 20
2.678906
 30
0.0
 11
0.0
 21
8.65
 31
0.0
  0
ENDBLK
  5
3E5
330
3DD
100
AcDbEntity
  8
0
100
AcDbBlockEnd
  0
BLOCK
  5
3E8
330
3E7
100
AcDbEntity
  8
0
100
AcDbBlockBegin
  2
*U27
 70
     1
 10
0.0
 20
0.0
 30
0.0
  3
*U27
  1

  0
LINE
  5
3E9
330
3E7
100
AcDbEntity
  8
Smart Centers
  6
Continuous
 62
     0
440
 16777216
 48
0.75
100
AcDbLine
 10
-0.892969
 20
0.0
 30
0.0
 11
0.892969
 21
0.0
 31
0.0
  0
LINE
  5
3EA
330
3E7
100
AcDbEntity
  8
Smart Centers
  6
Continuous
 62
     0
440
 16777216
 48
0.75
100
AcDbLine
 10
0.0
 20
-0.892969
 30
0.0
 11
0.0
 21
0.892969
 31
0.0
  0
LINE
  5
3EB
330
3E7
100
AcDbEntity
  8
Smart Centers
 62
     0
440
 16777216
 48
0.75
100
AcDbLine
 10
-8.65
 20
0.0
 30
0.0
 11
-2.678906
 21
0.0
 31
0.0
  0
LINE
  5
3EC
330
3E7
100
AcDbEntity
  8
Smart Centers
 62
     0
440
 16777216
 48
0.75
100
AcDbLine
 10
2.678906
 20
0.0
 30
0.0
 11
8.65
 21
0.0
 31
0.0
  0
LINE
  5
3ED
330
3E7
100
AcDbEntity
  8
Smart Centers
 62
     0
440
 16777216
 48
0.75
100
AcDbLine
 10
0.0
 20
-8.65
 30
0.0
 11
0.0
 21
-2.678906
 31
0.0
  0
LINE
  5
3EE
330
3E7
100
AcDbEntity
  8
Smart Centers
 62
     0
440
 16777216
 48
0.75
100
AcDbLine
 10
0.0
 20
2.678906
 30
0.0
 11
0.0
 21
8.65
 31
0.0
  0
ENDBLK
  5
3EF
330
3E7
100
AcDbEntity
  8
0
100
AcDbBlockEnd
  0
BLOCK
  5
3F2
330
3F1
100
AcDbEntity
  8
0
100
AcDbBlockBegin
  2
*U28
 70
     1
 10
0.0
 20
0.0
 30
0.0
  3
*U28
  1

  0
LINE
  5
3F3
330
3F1
100
AcDbEntity
  8
Smart Centers
  6
Continuous
 62
     0
440
 16777216
 48
0.75
100
AcDbLine
 10
-0.892969
 20
0.0
 30
0.0
 11
0.892969
 21
0.0
 31
0.0
  0
LINE
  5
3F4
330
3F1
100
AcDbEntity
  8
Smart Centers
  6
Continuous
 62
     0
440
 16777216
 48
0.75
100
AcDbLine
 10
0.0
 20
-0.892969
 30
0.0
 11
0.0
 21
0.892969
 31
0.0
  0
LINE
  5
3F5
330
3F1
100
AcDbEntity
  8
Smart Centers
 62
     0
440
 16777216
 48
0.75
100
AcDbLine
 10
-8.65
 20
0.0
 30
0.0
 11
-2.678906
 21
0.0
 31
0.0
  0
LINE
  5
3F6
330
3F1
100
AcDbEntity
  8
Smart Centers
 62
     0
440
 16777216
 48
0.75
100
AcDbLine
 10
2.678906
 20
0.0
 30
0.0
 11
8.65
 21
0.0
 31
0.0
  0
LINE
  5
3F7
330
3F1
100
AcDbEntity
  8
Smart Centers
 62
     0
440
 16777216
 48
0.75
100
AcDbLine
 10
0.0
 20
-8.65
 30
0.0
 11
0.0
 21
-2.678906
 31
0.0
  0
LINE
  5
3F8
330
3F1
100
AcDbEntity
  8
Smart Centers
 62
     0
440
 16777216
 48
0.75
100
AcDbLine
 10
0.0
 20
2.678906
 30
0.0
 11
0.0
 21
8.65
 31
0.0
  0
ENDBLK
  5
3F9
330
3F1
100
AcDbEntity
  8
0
100
AcDbBlockEnd
  0
BLOCK
  5
3FC
330
3FB
100
AcDbEntity
  8
0
100
AcDbBlockBegin
  2
*U29
 70
     1
 10
0.0
 20
0.0
 30
0.0
  3
*U29
  1

  0
LINE
  5
3FD
330
3FB
100
AcDbEntity
  8
Smart Centers
  6
Continuous
 62
     0
440
 16777216
 48
0.75
100
AcDbLine
 10
-0.892969
 20
0.0
 30
0.0
 11
0.892969
 21
0.0
 31
0.0
  0
LINE
  5
3FE
330
3FB
100
AcDbEntity
  8
Smart Centers
  6
Continuous
 62
     0
440
 16777216
 48
0.75
100
AcDbLine
 10
0.0
 20
-0.892969
 30
0.0
 11
0.0
 21
0.892969
 31
0.0
  0
LINE
  5
3FF
330
3FB
100
AcDbEntity
  8
Smart Centers
 62
     0
440
 16777216
 48
0.75
100
AcDbLine
 10
-8.65
 20
0.0
 30
0.0
 11
-2.678906
 21
0.0
 31
0.0
  0
LINE
  5
400
330
3FB
100
AcDbEntity
  8
Smart Centers
 62
     0
440
 16777216
 48
0.75
100
AcDbLine
 10
2.678906
 20
0.0
 30
0.0
 11
8.65
 21
0.0
 31
0.0
  0
LINE
  5
401
330
3FB
100
AcDbEntity
  8
Smart Centers
 62
     0
440
 16777216
 48
0.75
100
AcDbLine
 10
0.0
 20
-8.65
 30
0.0
 11
0.0
 21
-2.678906
 31
0.0
  0
LINE
  5
402
330
3FB
100
AcDbEntity
  8
Smart Centers
 62
     0
440
 16777216
 48
0.75
100
AcDbLine
 10
0.0
 20
2.678906
 30
0.0
 11
0.0
 21
8.65
 31
0.0
  0
ENDBLK
  5
403
330
3FB
100
AcDbEntity
  8
0
100
AcDbBlockEnd
  0
BLOCK
  5
406
330
405
100
AcDbEntity
  8
0
100
AcDbBlockBegin
  2
*U30
 70
     1
 10
0.0
 20
0.0
 30
0.0
  3
*U30
  1

  0
LINE
  5
407
330
405
100
AcDbEntity
  8
Smart Centers
  6
Continuous
 62
     0
440
 16777216
 48
0.75
100
AcDbLine
 10
-0.892969
 20
0.0
 30
0.0
 11
0.892969
 21
0.0
 31
0.0
  0
LINE
  5
408
330
405
100
AcDbEntity
  8
Smart Centers
  6
Continuous
 62
     0
440
 16777216
 48
0.75
100
AcDbLine
 10
0.0
 20
-0.892969
 30
0.0
 11
0.0
 21
0.892969
 31
0.0
  0
LINE
  5
409
330
405
100
AcDbEntity
  8
Smart Centers
 62
     0
440
 16777216
 48
0.75
100
AcDbLine
 10
-8.65
 20
0.0
 30
0.0
 11
-2.678906
 21
0.0
 31
0.0
  0
LINE
  5
40A
330
405
100
AcDbEntity
  8
Smart Centers
 62
     0
440
 16777216
 48
0.75
100
AcDbLine
 10
2.678906
 20
0.0
 30
0.0
 11
8.65
 21
0.0
 31
0.0
  0
LINE
  5
40B
330
405
100
AcDbEntity
  8
Smart Centers
 62
     0
440
 16777216
 48
0.75
100
AcDbLine
 10
0.0
 20
-8.65
 30
0.0
 11
0.0
 21
-2.678906
 31
0.0
  0
LINE
  5
40C
330
405
100
AcDbEntity
  8
Smart Centers
 62
     0
440
 16777216
 48
0.75
100
AcDbLine
 10
0.0
 20
2.678906
 30
0.0
 11
0.0
 21
8.65
 31
0.0
  0
ENDBLK
  5
40D
330
405
100
AcDbEntity
  8
0
100
AcDbBlockEnd
  0
BLOCK
  5
410
330
40F
100
AcDbEntity
  8
0
100
AcDbBlockBegin
  2
*U31
 70
     1
 10
0.0
 20
0.0
 30
0.0
  3
*U31
  1

  0
LINE
  5
411
330
40F
100
AcDbEntity
  8
Smart Centers
  6
Continuous
 62
     0
440
 16777216
 48
0.75
100
AcDbLine
 10
-0.892969
 20
0.0
 30
0.0
 11
0.892969
 21
0.0
 31
0.0
  0
LINE
  5
412
330
40F
100
AcDbEntity
  8
Smart Centers
  6
Continuous
 62
     0
440
 16777216
 48
0.75
100
AcDbLine
 10
0.0
 20
-0.892969
 30
0.0
 11
0.0
 21
0.892969
 31
0.0
  0
LINE
  5
413
330
40F
100
AcDbEntity
  8
Smart Centers
 62
     0
440
 16777216
 48
0.75
100
AcDbLine
 10
-8.65
 20
0.0
 30
0.0
 11
-2.678906
 21
0.0
 31
0.0
  0
LINE
  5
414
330
40F
100
AcDbEntity
  8
Smart Centers
 62
     0
440
 16777216
 48
0.75
100
AcDbLine
 10
2.678906
 20
0.0
 30
0.0
 11
8.65
 21
0.0
 31
0.0
  0
LINE
  5
415
330
40F
100
AcDbEntity
  8
Smart Centers
 62
     0
440
 16777216
 48
0.75
100
AcDbLine
 10
0.0
 20
-8.65
 30
0.0
 11
0.0
 21
-2.678906
 31
0.0
  0
LINE
  5
416
330
40F
100
AcDbEntity
  8
Smart Centers
 62
     0
440
 16777216
 48
0.75
100
AcDbLine
 10
0.0
 20
2.678906
 30
0.0
 11
0.0
 21
8.65
 31
0.0
  0
ENDBLK
  5
417
330
40F
100
AcDbEntity
  8
0
100
AcDbBlockEnd
  0
BLOCK
  5
41A
330
419
100
AcDbEntity
  8
0
100
AcDbBlockBegin
  2
*U32
 70
     1
 10
0.0
 20
0.0
 30
0.0
  3
*U32
  1

  0
LINE
  5
41B
330
419
100
AcDbEntity
  8
Smart Centers
  6
Continuous
 62
     0
440
 16777216
 48
0.75
100
AcDbLine
 10
-0.892969
 20
0.0
 30
0.0
 11
0.892969
 21
0.0
 31
0.0
  0
LINE
  5
41C
330
419
100
AcDbEntity
  8
Smart Centers
  6
Continuous
 62
     0
440
 16777216
 48
0.75
100
AcDbLine
 10
0.0
 20
-0.892969
 30
0.0
 11
0.0
 21
0.892969
 31
0.0
  0
LINE
  5
41D
330
419
100
AcDbEntity
  8
Smart Centers
 62
     0
440
 16777216
 48
0.75
100
AcDbLine
 10
-8.65
 20
0.0
 30
0.0
 11
-2.678906
 21
0.0
 31
0.0
  0
LINE
  5
41E
330
419
100
AcDbEntity
  8
Smart Centers
 62
     0
440
 16777216
 48
0.75
100
AcDbLine
 10
2.678906
 20
0.0
 30
0.0
 11
8.65
 21
0.0
 31
0.0
  0
LINE
  5
41F
330
419
100
AcDbEntity
  8
Smart Centers
 62
     0
440
 16777216
 48
0.75
100
AcDbLine
 10
0.0
 20
-8.65
 30
0.0
 11
0.0
 21
-2.678906
 31
0.0
  0
LINE
  5
420
330
419
100
AcDbEntity
  8
Smart Centers
 62
     0
440
 16777216
 48
0.75
100
AcDbLine
 10
0.0
 20
2.678906
 30
0.0
 11
0.0
 21
8.65
 31
0.0
  0
ENDBLK
  5
421
330
419
100
AcDbEntity
  8
0
100
AcDbBlockEnd
  0
BLOCK
  5
424
330
423
100
AcDbEntity
  8
0
100
AcDbBlockBegin
  2
*U33
 70
     1
 10
0.0
 20
0.0
 30
0.0
  3
*U33
  1

  0
LINE
  5
425
330
423
100
AcDbEntity
  8
Smart Centers
  6
Continuous
 62
     0
440
 16777216
 48
0.75
100
AcDbLine
 10
-0.892969
 20
0.0
 30
0.0
 11
0.892969
 21
0.0
 31
0.0
  0
LINE
  5
426
330
423
100
AcDbEntity
  8
Smart Centers
  6
Continuous
 62
     0
440
 16777216
 48
0.75
100
AcDbLine
 10
0.0
 20
-0.892969
 30
0.0
 11
0.0
 21
0.892969
 31
0.0
  0
LINE
  5
427
330
423
100
AcDbEntity
  8
Smart Centers
 62
     0
440
 16777216
 48
0.75
100
AcDbLine
 10
-8.65
 20
0.0
 30
0.0
 11
-2.678906
 21
0.0
 31
0.0
  0
LINE
  5
428
330
423
100
AcDbEntity
  8
Smart Centers
 62
     0
440
 16777216
 48
0.75
100
AcDbLine
 10
2.678906
 20
0.0
 30
0.0
 11
8.65
 21
0.0
 31
0.0
  0
LINE
  5
429
330
423
100
AcDbEntity
  8
Smart Centers
 62
     0
440
 16777216
 48
0.75
100
AcDbLine
 10
0.0
 20
-8.65
 30
0.0
 11
0.0
 21
-2.678906
 31
0.0
  0
LINE
  5
42A
330
423
100
AcDbEntity
  8
Smart Centers
 62
     0
440
 16777216
 48
0.75
100
AcDbLine
 10
0.0
 20
2.678906
 30
0.0
 11
0.0
 21
8.65
 31
0.0
  0
ENDBLK
  5
42B
330
423
100
AcDbEntity
  8
0
100
AcDbBlockEnd
  0
BLOCK
  5
42E
330
42D
100
AcDbEntity
  8
0
100
AcDbBlockBegin
  2
*U34
 70
     1
 10
0.0
 20
0.0
 30
0.0
  3
*U34
  1

  0
LINE
  5
42F
330
42D
100
AcDbEntity
  8
Smart Centers
  6
Continuous
 62
     0
440
 16777216
 48
0.75
100
AcDbLine
 10
-0.892969
 20
0.0
 30
0.0
 11
0.892969
 21
0.0
 31
0.0
  0
LINE
  5
430
330
42D
100
AcDbEntity
  8
Smart Centers
  6
Continuous
 62
     0
440
 16777216
 48
0.75
100
AcDbLine
 10
0.0
 20
-0.892969
 30
0.0
 11
0.0
 21
0.892969
 31
0.0
  0
LINE
  5
431
330
42D
100
AcDbEntity
  8
Smart Centers
 62
     0
440
 16777216
 48
0.75
100
AcDbLine
 10
-8.65
 20
0.0
 30
0.0
 11
-2.678906
 21
0.0
 31
0.0
  0
LINE
  5
432
330
42D
100
AcDbEntity
  8
Smart Centers
 62
     0
440
 16777216
 48
0.75
100
AcDbLine
 10
2.678906
 20
0.0
 30
0.0
 11
8.65
 21
0.0
 31
0.0
  0
LINE
  5
433
330
42D
100
AcDbEntity
  8
Smart Centers
 62
     0
440
 16777216
 48
0.75
100
AcDbLine
 10
0.0
 20
-8.65
 30
0.0
 11
0.0
 21
-2.678906
 31
0.0
  0
LINE
  5
434
330
42D
100
AcDbEntity
  8
Smart Centers
 62
     0
440
 16777216
 48
0.75
100
AcDbLine
 10
0.0
 20
2.678906
 30
0.0
 11
0.0
 21
8.65
 31
0.0
  0
ENDBLK
  5
435
330
42D
100
AcDbEntity
  8
0
100
AcDbBlockEnd
  0
BLOCK
  5
438
330
437
100
AcDbEntity
  8
0
100
AcDbBlockBegin
  2
*U35
 70
     1
 10
0.0
 20
0.0
 30
0.0
  3
*U35
  1

  0
LINE
  5
439
330
437
100
AcDbEntity
  8
Smart Centers
  6
Continuous
 62
     0
440
 16777216
 48
0.75
100
AcDbLine
 10
-0.892969
 20
0.0
 30
0.0
 11
0.892969
 21
0.0
 31
0.0
  0
LINE
  5
43A
330
437
100
AcDbEntity
  8
Smart Centers
  6
Continuous
 62
     0
440
 16777216
 48
0.75
100
AcDbLine
 10
0.0
 20
-0.892969
 30
0.0
 11
0.0
 21
0.892969
 31
0.0
  0
LINE
  5
43B
330
437
100
AcDbEntity
  8
Smart Centers
 62
     0
440
 16777216
 48
0.75
100
AcDbLine
 10
-8.65
 20
0.0
 30
0.0
 11
-2.678906
 21
0.0
 31
0.0
  0
LINE
  5
43C
330
437
100
AcDbEntity
  8
Smart Centers
 62
     0
440
 16777216
 48
0.75
100
AcDbLine
 10
2.678906
 20
0.0
 30
0.0
 11
8.65
 21
0.0
 31
0.0
  0
LINE
  5
43D
330
437
100
AcDbEntity
  8
Smart Centers
 62
     0
440
 16777216
 48
0.75
100
AcDbLine
 10
0.0
 20
-8.65
 30
0.0
 11
0.0
 21
-2.678906
 31
0.0
  0
LINE
  5
43E
330
437
100
AcDbEntity
  8
Smart Centers
 62
     0
440
 16777216
 48
0.75
100
AcDbLine
 10
0.0
 20
2.678906
 30
0.0
 11
0.0
 21
8.65
 31
0.0
  0
ENDBLK
  5
43F
330
437
100
AcDbEntity
  8
0
100
AcDbBlockEnd
  0
BLOCK
  5
442
330
441
100
AcDbEntity
  8
0
100
AcDbBlockBegin
  2
*U36
 70
     1
 10
0.0
 20
0.0
 30
0.0
  3
*U36
  1

  0
LINE
  5
443
330
441
100
AcDbEntity
  8
Smart Centers
  6
Continuous
 62
     0
440
 16777216
 48
0.75
100
AcDbLine
 10
-0.892969
 20
0.0
 30
0.0
 11
0.892969
 21
0.0
 31
0.0
  0
LINE
  5
444
330
441
100
AcDbEntity
  8
Smart Centers
  6
Continuous
 62
     0
440
 16777216
 48
0.75
100
AcDbLine
 10
0.0
 20
-0.892969
 30
0.0
 11
0.0
 21
0.892969
 31
0.0
  0
LINE
  5
445
330
441
100
AcDbEntity
  8
Smart Centers
 62
     0
440
 16777216
 48
0.75
100
AcDbLine
 10
-8.65
 20
0.0
 30
0.0
 11
-2.678906
 21
0.0
 31
0.0
  0
LINE
  5
446
330
441
100
AcDbEntity
  8
Smart Centers
 62
     0
440
 16777216
 48
0.75
100
AcDbLine
 10
2.678906
 20
0.0
 30
0.0
 11
8.65
 21
0.0
 31
0.0
  0
LINE
  5
447
330
441
100
AcDbEntity
  8
Smart Centers
 62
     0
440
 16777216
 48
0.75
100
AcDbLine
 10
0.0
 20
-8.65
 30
0.0
 11
0.0
 21
-2.678906
 31
0.0
  0
LINE
  5
448
330
441
100
AcDbEntity
  8
Smart Centers
 62
     0
440
 16777216
 48
0.75
100
AcDbLine
 10
0.0
 20
2.678906
 30
0.0
 11
0.0
 21
8.65
 31
0.0
  0
ENDBLK
  5
449
330
441
100
AcDbEntity
  8
0
100
AcDbBlockEnd
  0
BLOCK
  5
44C
330
44B
100
AcDbEntity
  8
0
100
AcDbBlockBegin
  2
*U37
 70
     1
 10
0.0
 20
0.0
 30
0.0
  3
*U37
  1

  0
LINE
  5
44D
330
44B
100
AcDbEntity
  8
Smart Centers
  6
Continuous
 62
     0
440
 16777216
 48
0.75
100
AcDbLine
 10
-0.892969
 20
0.0
 30
0.0
 11
0.892969
 21
0.0
 31
0.0
  0
LINE
  5
44E
330
44B
100
AcDbEntity
  8
Smart Centers
  6
Continuous
 62
     0
440
 16777216
 48
0.75
100
AcDbLine
 10
0.0
 20
-0.892969
 30
0.0
 11
0.0
 21
0.892969
 31
0.0
  0
LINE
  5
44F
330
44B
100
AcDbEntity
  8
Smart Centers
 62
     0
440
 16777216
 48
0.75
100
AcDbLine
 10
-8.65
 20
0.0
 30
0.0
 11
-2.678906
 21
0.0
 31
0.0
  0
LINE
  5
450
330
44B
100
AcDbEntity
  8
Smart Centers
 62
     0
440
 16777216
 48
0.75
100
AcDbLine
 10
2.678906
 20
0.0
 30
0.0
 11
8.65
 21
0.0
 31
0.0
  0
LINE
  5
451
330
44B
100
AcDbEntity
  8
Smart Centers
 62
     0
440
 16777216
 48
0.75
100
AcDbLine
 10
0.0
 20
-8.65
 30
0.0
 11
0.0
 21
-2.678906
 31
0.0
  0
LINE
  5
452
330
44B
100
AcDbEntity
  8
Smart Centers
 62
     0
440
 16777216
 48
0.75
100
AcDbLine
 10
0.0
 20
2.678906
 30
0.0
 11
0.0
 21
8.65
 31
0.0
  0
ENDBLK
  5
453
330
44B
100
AcDbEntity
  8
0
100
AcDbBlockEnd
  0
BLOCK
  5
456
330
455
100
AcDbEntity
  8
0
100
AcDbBlockBegin
  2
*U38
 70
     1
 10
0.0
 20
0.0
 30
0.0
  3
*U38
  1

  0
LINE
  5
457
330
455
100
AcDbEntity
  8
Smart Centers
  6
Continuous
 62
     0
440
 16777216
 48
0.75
100
AcDbLine
 10
-0.892969
 20
0.0
 30
0.0
 11
0.892969
 21
0.0
 31
0.0
  0
LINE
  5
458
330
455
100
AcDbEntity
  8
Smart Centers
  6
Continuous
 62
     0
440
 16777216
 48
0.75
100
AcDbLine
 10
0.0
 20
-0.892969
 30
0.0
 11
0.0
 21
0.892969
 31
0.0
  0
LINE
  5
459
330
455
100
AcDbEntity
  8
Smart Centers
 62
     0
440
 16777216
 48
0.75
100
AcDbLine
 10
-8.65
 20
0.0
 30
0.0
 11
-2.678906
 21
0.0
 31
0.0
  0
LINE
  5
45A
330
455
100
AcDbEntity
  8
Smart Centers
 62
     0
440
 16777216
 48
0.75
100
AcDbLine
 10
2.678906
 20
0.0
 30
0.0
 11
8.65
 21
0.0
 31
0.0
  0
LINE
  5
45B
330
455
100
AcDbEntity
  8
Smart Centers
 62
     0
440
 16777216
 48
0.75
100
AcDbLine
 10
0.0
 20
-8.65
 30
0.0
 11
0.0
 21
-2.678906
 31
0.0
  0
LINE
  5
45C
330
455
100
AcDbEntity
  8
Smart Centers
 62
     0
440
 16777216
 48
0.75
100
AcDbLine
 10
0.0
 20
2.678906
 30
0.0
 11
0.0
 21
8.65
 31
0.0
  0
ENDBLK
  5
45D
330
455
100
AcDbEntity
  8
0
100
AcDbBlockEnd
  0
BLOCK
  5
460
330
45F
100
AcDbEntity
  8
0
100
AcDbBlockBegin
  2
*U39
 70
     1
 10
0.0
 20
0.0
 30
0.0
  3
*U39
  1

  0
LINE
  5
461
330
45F
100
AcDbEntity
  8
Smart Centers
  6
Continuous
 62
     0
440
 16777216
 48
0.75
100
AcDbLine
 10
-0.892969
 20
0.0
 30
0.0
 11
0.892969
 21
0.0
 31
0.0
  0
LINE
  5
462
330
45F
100
AcDbEntity
  8
Smart Centers
  6
Continuous
 62
     0
440
 16777216
 48
0.75
100
AcDbLine
 10
0.0
 20
-0.892969
 30
0.0
 11
0.0
 21
0.892969
 31
0.0
  0
LINE
  5
463
330
45F
100
AcDbEntity
  8
Smart Centers
 62
     0
440
 16777216
 48
0.75
100
AcDbLine
 10
-8.65
 20
0.0
 30
0.0
 11
-2.678906
 21
0.0
 31
0.0
  0
LINE
  5
464
330
45F
100
AcDbEntity
  8
Smart Centers
 62
     0
440
 16777216
 48
0.75
100
AcDbLine
 10
2.678906
 20
0.0
 30
0.0
 11
8.65
 21
0.0
 31
0.0
  0
LINE
  5
465
330
45F
100
AcDbEntity
  8
Smart Centers
 62
     0
440
 16777216
 48
0.75
100
AcDbLine
 10
0.0
 20
-8.65
 30
0.0
 11
0.0
 21
-2.678906
 31
0.0
  0
LINE
  5
466
330
45F
100
AcDbEntity
  8
Smart Centers
 62
     0
440
 16777216
 48
0.75
100
AcDbLine
 10
0.0
 20
2.678906
 30
0.0
 11
0.0
 21
8.65
 31
0.0
  0
ENDBLK
  5
467
330
45F
100
AcDbEntity
  8
0
100
AcDbBlockEnd
  0
BLOCK
  5
46A
330
469
100
AcDbEntity
  8
0
100
AcDbBlockBegin
  2
*U40
 70
     1
 10
0.0
 20
0.0
 30
0.0
  3
*U40
  1

  0
LINE
  5
46B
330
469
100
AcDbEntity
  8
Smart Centers
  6
Continuous
 62
     0
440
 16777216
 48
0.75
100
AcDbLine
 10
-0.892969
 20
0.0
 30
0.0
 11
0.892969
 21
0.0
 31
0.0
  0
LINE
  5
46C
330
469
100
AcDbEntity
  8
Smart Centers
  6
Continuous
 62
     0
440
 16777216
 48
0.75
100
AcDbLine
 10
0.0
 20
-0.892969
 30
0.0
 11
0.0
 21
0.892969
 31
0.0
  0
LINE
  5
46D
330
469
100
AcDbEntity
  8
Smart Centers
 62
     0
440
 16777216
 48
0.75
100
AcDbLine
 10
-8.65
 20
0.0
 30
0.0
 11
-2.678906
 21
0.0
 31
0.0
  0
LINE
  5
46E
330
469
100
AcDbEntity
  8
Smart Centers
 62
     0
440
 16777216
 48
0.75
100
AcDbLine
 10
2.678906
 20
0.0
 30
0.0
 11
8.65
 21
0.0
 31
0.0
  0
LINE
  5
46F
330
469
100
AcDbEntity
  8
Smart Centers
 62
     0
440
 16777216
 48
0.75
100
AcDbLine
 10
0.0
 20
-8.65
 30
0.0
 11
0.0
 21
-2.678906
 31
0.0
  0
LINE
  5
470
330
469
100
AcDbEntity
  8
Smart Centers
 62
     0
440
 16777216
 48
0.75
100
AcDbLine
 10
0.0
 20
2.678906
 30
0.0
 11
0.0
 21
8.65
 31
0.0
  0
ENDBLK
  5
471
330
469
100
AcDbEntity
  8
0
100
AcDbBlockEnd
  0
BLOCK
  5
474
330
473
100
AcDbEntity
  8
0
100
AcDbBlockBegin
  2
*U41
 70
     1
 10
0.0
 20
0.0
 30
0.0
  3
*U41
  1

  0
LINE
  5
475
330
473
100
AcDbEntity
  8
Smart Centers
  6
Continuous
 62
     0
440
 16777216
 48
0.75
100
AcDbLine
 10
-0.892969
 20
0.0
 30
0.0
 11
0.892969
 21
0.0
 31
0.0
  0
LINE
  5
476
330
473
100
AcDbEntity
  8
Smart Centers
  6
Continuous
 62
     0
440
 16777216
 48
0.75
100
AcDbLine
 10
0.0
 20
-0.892969
 30
0.0
 11
0.0
 21
0.892969
 31
0.0
  0
LINE
  5
477
330
473
100
AcDbEntity
  8
Smart Centers
 62
     0
440
 16777216
 48
0.75
100
AcDbLine
 10
-8.65
 20
0.0
 30
0.0
 11
-2.678906
 21
0.0
 31
0.0
  0
LINE
  5
478
330
473
100
AcDbEntity
  8
Smart Centers
 62
     0
440
 16777216
 48
0.75
100
AcDbLine
 10
2.678906
 20
0.0
 30
0.0
 11
8.65
 21
0.0
 31
0.0
  0
LINE
  5
479
330
473
100
AcDbEntity
  8
Smart Centers
 62
     0
440
 16777216
 48
0.75
100
AcDbLine
 10
0.0
 20
-8.65
 30
0.0
 11
0.0
 21
-2.678906
 31
0.0
  0
LINE
  5
47A
330
473
100
AcDbEntity
  8
Smart Centers
 62
     0
440
 16777216
 48
0.75
100
AcDbLine
 10
0.0
 20
2.678906
 30
0.0
 11
0.0
 21
8.65
 31
0.0
  0
ENDBLK
  5
47B
330
473
100
AcDbEntity
  8
0
100
AcDbBlockEnd
  0
BLOCK
  5
47E
330
47D
100
AcDbEntity
  8
0
100
AcDbBlockBegin
  2
*U42
 70
     1
 10
0.0
 20
0.0
 30
0.0
  3
*U42
  1

  0
LINE
  5
47F
330
47D
100
AcDbEntity
  8
Smart Centers
  6
Continuous
 62
     0
440
 16777216
 48
0.75
100
AcDbLine
 10
-0.892969
 20
0.0
 30
0.0
 11
0.892969
 21
0.0
 31
0.0
  0
LINE
  5
480
330
47D
100
AcDbEntity
  8
Smart Centers
  6
Continuous
 62
     0
440
 16777216
 48
0.75
100
AcDbLine
 10
0.0
 20
-0.892969
 30
0.0
 11
0.0
 21
0.892969
 31
0.0
  0
LINE
  5
481
330
47D
100
AcDbEntity
  8
Smart Centers
 62
     0
440
 16777216
 48
0.75
100
AcDbLine
 10
-8.65
 20
0.0
 30
0.0
 11
-2.678906
 21
0.0
 31
0.0
  0
LINE
  5
482
330
47D
100
AcDbEntity
  8
Smart Centers
 62
     0
440
 16777216
 48
0.75
100
AcDbLine
 10
2.678906
 20
0.0
 30
0.0
 11
8.65
 21
0.0
 31
0.0
  0
LINE
  5
483
330
47D
100
AcDbEntity
  8
Smart Centers
 62
     0
440
 16777216
 48
0.75
100
AcDbLine
 10
0.0
 20
-8.65
 30
0.0
 11
0.0
 21
-2.678906
 31
0.0
  0
LINE
  5
484
330
47D
100
AcDbEntity
  8
Smart Centers
 62
     0
440
 16777216
 48
0.75
100
AcDbLine
 10
0.0
 20
2.678906
 30
0.0
 11
0.0
 21
8.65
 31
0.0
  0
ENDBLK
  5
485
330
47D
100
AcDbEntity
  8
0
100
AcDbBlockEnd
  0
BLOCK
  5
488
330
487
100
AcDbEntity
  8
0
100
AcDbBlockBegin
  2
*U43
 70
     1
 10
0.0
 20
0.0
 30
0.0
  3
*U43
  1

  0
LINE
  5
489
330
487
100
AcDbEntity
  8
Smart Centers
  6
Continuous
 62
     0
440
 16777216
 48
0.75
100
AcDbLine
 10
-0.892969
 20
0.0
 30
0.0
 11
0.892969
 21
0.0
 31
0.0
  0
LINE
  5
48A
330
487
100
AcDbEntity
  8
Smart Centers
  6
Continuous
 62
     0
440
 16777216
 48
0.75
100
AcDbLine
 10
0.0
 20
-0.892969
 30
0.0
 11
0.0
 21
0.892969
 31
0.0
  0
LINE
  5
48B
330
487
100
AcDbEntity
  8
Smart Centers
 62
     0
440
 16777216
 48
0.75
100
AcDbLine
 10
-8.65
 20
0.0
 30
0.0
 11
-2.678906
 21
0.0
 31
0.0
  0
LINE
  5
48C
330
487
100
AcDbEntity
  8
Smart Centers
 62
     0
440
 16777216
 48
0.75
100
AcDbLine
 10
2.678906
 20
0.0
 30
0.0
 11
8.65
 21
0.0
 31
0.0
  0
LINE
  5
48D
330
487
100
AcDbEntity
  8
Smart Centers
 62
     0
440
 16777216
 48
0.75
100
AcDbLine
 10
0.0
 20
-8.65
 30
0.0
 11
0.0
 21
-2.678906
 31
0.0
  0
LINE
  5
48E
330
487
100
AcDbEntity
  8
Smart Centers
 62
     0
440
 16777216
 48
0.75
100
AcDbLine
 10
0.0
 20
2.678906
 30
0.0
 11
0.0
 21
8.65
 31
0.0
  0
ENDBLK
  5
48F
330
487
100
AcDbEntity
  8
0
100
AcDbBlockEnd
  0
BLOCK
  5
492
330
491
100
AcDbEntity
  8
0
100
AcDbBlockBegin
  2
*U44
 70
     1
 10
0.0
 20
0.0
 30
0.0
  3
*U44
  1

  0
LINE
  5
493
330
491
100
AcDbEntity
  8
Smart Centers
  6
Continuous
 62
     0
440
 16777216
 48
0.75
100
AcDbLine
 10
-0.892969
 20
0.0
 30
0.0
 11
0.892969
 21
0.0
 31
0.0
  0
LINE
  5
494
330
491
100
AcDbEntity
  8
Smart Centers
  6
Continuous
 62
     0
440
 16777216
 48
0.75
100
AcDbLine
 10
0.0
 20
-0.892969
 30
0.0
 11
0.0
 21
0.892969
 31
0.0
  0
LINE
  5
495
330
491
100
AcDbEntity
  8
Smart Centers
 62
     0
440
 16777216
 48
0.75
100
AcDbLine
 10
-8.65
 20
0.0
 30
0.0
 11
-2.678906
 21
0.0
 31
0.0
  0
LINE
  5
496
330
491
100
AcDbEntity
  8
Smart Centers
 62
     0
440
 16777216
 48
0.75
100
AcDbLine
 10
2.678906
 20
0.0
 30
0.0
 11
8.65
 21
0.0
 31
0.0
  0
LINE
  5
497
330
491
100
AcDbEntity
  8
Smart Centers
 62
     0
440
 16777216
 48
0.75
100
AcDbLine
 10
0.0
 20
-8.65
 30
0.0
 11
0.0
 21
-2.678906
 31
0.0
  0
LINE
  5
498
330
491
100
AcDbEntity
  8
Smart Centers
 62
     0
440
 16777216
 48
0.75
100
AcDbLine
 10
0.0
 20
2.678906
 30
0.0
 11
0.0
 21
8.65
 31
0.0
  0
ENDBLK
  5
499
330
491
100
AcDbEntity
  8
0
100
AcDbBlockEnd
  0
BLOCK
  5
49C
330
49B
100
AcDbEntity
  8
0
100
AcDbBlockBegin
  2
*U45
 70
     1
 10
0.0
 20
0.0
 30
0.0
  3
*U45
  1

  0
LINE
  5
49D
330
49B
100
AcDbEntity
  8
Smart Centers
  6
Continuous
 62
     0
440
 16777216
 48
0.75
100
AcDbLine
 10
-0.892969
 20
0.0
 30
0.0
 11
0.892969
 21
0.0
 31
0.0
  0
LINE
  5
49E
330
49B
100
AcDbEntity
  8
Smart Centers
  6
Continuous
 62
     0
440
 16777216
 48
0.75
100
AcDbLine
 10
0.0
 20
-0.892969
 30
0.0
 11
0.0
 21
0.892969
 31
0.0
  0
LINE
  5
49F
330
49B
100
AcDbEntity
  8
Smart Centers
 62
     0
440
 16777216
 48
0.75
100
AcDbLine
 10
-8.65
 20
0.0
 30
0.0
 11
-2.678906
 21
0.0
 31
0.0
  0
LINE
  5
4A0
330
49B
100
AcDbEntity
  8
Smart Centers
 62
     0
440
 16777216
 48
0.75
100
AcDbLine
 10
2.678906
 20
0.0
 30
0.0
 11
8.65
 21
0.0
 31
0.0
  0
LINE
  5
4A1
330
49B
100
AcDbEntity
  8
Smart Centers
 62
     0
440
 16777216
 48
0.75
100
AcDbLine
 10
0.0
 20
-8.65
 30
0.0
 11
0.0
 21
-2.678906
 31
0.0
  0
LINE
  5
4A2
330
49B
100
AcDbEntity
  8
Smart Centers
 62
     0
440
 16777216
 48
0.75
100
AcDbLine
 10
0.0
 20
2.678906
 30
0.0
 11
0.0
 21
8.65
 31
0.0
  0
ENDBLK
  5
4A3
330
49B
100
AcDbEntity
  8
0
100
AcDbBlockEnd
  0
BLOCK
  5
4A6
330
4A5
100
AcDbEntity
  8
0
100
AcDbBlockBegin
  2
*U46
 70
     1
 10
0.0
 20
0.0
 30
0.0
  3
*U46
  1

  0
LINE
  5
4A7
330
4A5
100
AcDbEntity
  8
Smart Centers
  6
Continuous
 62
     0
440
 16777216
 48
0.75
100
AcDbLine
 10
-0.892969
 20
0.0
 30
0.0
 11
0.892969
 21
0.0
 31
0.0
  0
LINE
  5
4A8
330
4A5
100
AcDbEntity
  8
Smart Centers
  6
Continuous
 62
     0
440
 16777216
 48
0.75
100
AcDbLine
 10
0.0
 20
-0.892969
 30
0.0
 11
0.0
 21
0.892969
 31
0.0
  0
LINE
  5
4A9
330
4A5
100
AcDbEntity
  8
Smart Centers
 62
     0
440
 16777216
 48
0.75
100
AcDbLine
 10
-8.65
 20
0.0
 30
0.0
 11
-2.678906
 21
0.0
 31
0.0
  0
LINE
  5
4AA
330
4A5
100
AcDbEntity
  8
Smart Centers
 62
     0
440
 16777216
 48
0.75
100
AcDbLine
 10
2.678906
 20
0.0
 30
0.0
 11
8.65
 21
0.0
 31
0.0
  0
LINE
  5
4AB
330
4A5
100
AcDbEntity
  8
Smart Centers
 62
     0
440
 16777216
 48
0.75
100
AcDbLine
 10
0.0
 20
-8.65
 30
0.0
 11
0.0
 21
-2.678906
 31
0.0
  0
LINE
  5
4AC
330
4A5
100
AcDbEntity
  8
Smart Centers
 62
     0
440
 16777216
 48
0.75
100
AcDbLine
 10
0.0
 20
2.678906
 30
0.0
 11
0.0
 21
8.65
 31
0.0
  0
ENDBLK
  5
4AD
330
4A5
100
AcDbEntity
  8
0
100
AcDbBlockEnd
  0
BLOCK
  5
4B0
330
4AF
100
AcDbEntity
  8
0
100
AcDbBlockBegin
  2
*U47
 70
     1
 10
0.0
 20
0.0
 30
0.0
  3
*U47
  1

  0
LINE
  5
4B1
330
4AF
100
AcDbEntity
  8
Smart Centers
  6
Continuous
 62
     0
440
 16777216
 48
0.75
100
AcDbLine
 10
-0.892969
 20
0.0
 30
0.0
 11
0.892969
 21
0.0
 31
0.0
  0
LINE
  5
4B2
330
4AF
100
AcDbEntity
  8
Smart Centers
  6
Continuous
 62
     0
440
 16777216
 48
0.75
100
AcDbLine
 10
0.0
 20
-0.892969
 30
0.0
 11
0.0
 21
0.892969
 31
0.0
  0
LINE
  5
4B3
330
4AF
100
AcDbEntity
  8
Smart Centers
 62
     0
440
 16777216
 48
0.75
100
AcDbLine
 10
-8.65
 20
0.0
 30
0.0
 11
-2.678906
 21
0.0
 31
0.0
  0
LINE
  5
4B4
330
4AF
100
AcDbEntity
  8
Smart Centers
 62
     0
440
 16777216
 48
0.75
100
AcDbLine
 10
2.678906
 20
0.0
 30
0.0
 11
8.65
 21
0.0
 31
0.0
  0
LINE
  5
4B5
330
4AF
100
AcDbEntity
  8
Smart Centers
 62
     0
440
 16777216
 48
0.75
100
AcDbLine
 10
0.0
 20
-8.65
 30
0.0
 11
0.0
 21
-2.678906
 31
0.0
  0
LINE
  5
4B6
330
4AF
100
AcDbEntity
  8
Smart Centers
 62
     0
440
 16777216
 48
0.75
100
AcDbLine
 10
0.0
 20
2.678906
 30
0.0
 11
0.0
 21
8.65
 31
0.0
  0
ENDBLK
  5
4B7
330
4AF
100
AcDbEntity
  8
0
100
AcDbBlockEnd
  0
BLOCK
  5
4BA
330
4B9
100
AcDbEntity
  8
0
100
AcDbBlockBegin
  2
*U48
 70
     1
 10
0.0
 20
0.0
 30
0.0
  3
*U48
  1

  0
LINE
  5
4BB
330
4B9
100
AcDbEntity
  8
Smart Centers
  6
Continuous
 62
     0
440
 16777216
 48
0.75
100
AcDbLine
 10
-0.892969
 20
0.0
 30
0.0
 11
0.892969
 21
0.0
 31
0.0
  0
LINE
  5
4BC
330
4B9
100
AcDbEntity
  8
Smart Centers
  6
Continuous
 62
     0
440
 16777216
 48
0.75
100
AcDbLine
 10
0.0
 20
-0.892969
 30
0.0
 11
0.0
 21
0.892969
 31
0.0
  0
LINE
  5
4BD
330
4B9
100
AcDbEntity
  8
Smart Centers
 62
     0
440
 16777216
 48
0.75
100
AcDbLine
 10
-8.65
 20
0.0
 30
0.0
 11
-2.678906
 21
0.0
 31
0.0
  0
LINE
  5
4BE
330
4B9
100
AcDbEntity
  8
Smart Centers
 62
     0
440
 16777216
 48
0.75
100
AcDbLine
 10
2.678906
 20
0.0
 30
0.0
 11
8.65
 21
0.0
 31
0.0
  0
LINE
  5
4BF
330
4B9
100
AcDbEntity
  8
Smart Centers
 62
     0
440
 16777216
 48
0.75
100
AcDbLine
 10
0.0
 20
-8.65
 30
0.0
 11
0.0
 21
-2.678906
 31
0.0
  0
LINE
  5
4C0
330
4B9
100
AcDbEntity
  8
Smart Centers
 62
     0
440
 16777216
 48
0.75
100
AcDbLine
 10
0.0
 20
2.678906
 30
0.0
 11
0.0
 21
8.65
 31
0.0
  0
ENDBLK
  5
4C1
330
4B9
100
AcDbEntity
  8
0
100
AcDbBlockEnd
  0
BLOCK
  5
4C4
330
4C3
100
AcDbEntity
  8
0
100
AcDbBlockBegin
  2
*U49
 70
     1
 10
0.0
 20
0.0
 30
0.0
  3
*U49
  1

  0
LINE
  5
4C5
330
4C3
100
AcDbEntity
  8
Smart Centers
  6
Continuous
 62
     0
440
 16777216
 48
0.75
100
AcDbLine
 10
-0.892969
 20
0.0
 30
0.0
 11
0.892969
 21
0.0
 31
0.0
  0
LINE
  5
4C6
330
4C3
100
AcDbEntity
  8
Smart Centers
  6
Continuous
 62
     0
440
 16777216
 48
0.75
100
AcDbLine
 10
0.0
 20
-0.892969
 30
0.0
 11
0.0
 21
0.892969
 31
0.0
  0
LINE
  5
4C7
330
4C3
100
AcDbEntity
  8
Smart Centers
 62
     0
440
 16777216
 48
0.75
100
AcDbLine
 10
-8.65
 20
0.0
 30
0.0
 11
-2.678906
 21
0.0
 31
0.0
  0
LINE
  5
4C8
330
4C3
100
AcDbEntity
  8
Smart Centers
 62
     0
440
 16777216
 48
0.75
100
AcDbLine
 10
2.678906
 20
0.0
 30
0.0
 11
8.65
 21
0.0
 31
0.0
  0
LINE
  5
4C9
330
4C3
100
AcDbEntity
  8
Smart Centers
 62
     0
440
 16777216
 48
0.75
100
AcDbLine
 10
0.0
 20
-8.65
 30
0.0
 11
0.0
 21
-2.678906
 31
0.0
  0
LINE
  5
4CA
330
4C3
100
AcDbEntity
  8
Smart Centers
 62
     0
440
 16777216
 48
0.75
100
AcDbLine
 10
0.0
 20
2.678906
 30
0.0
 11
0.0
 21
8.65
 31
0.0
  0
ENDBLK
  5
4CB
330
4C3
100
AcDbEntity
  8
0
100
AcDbBlockEnd
  0
BLOCK
  5
4CE
330
4CD
100
AcDbEntity
  8
0
100
AcDbBlockBegin
  2
*U50
 70
     1
 10
0.0
 20
0.0
 30
0.0
  3
*U50
  1

  0
LINE
  5
4CF
330
4CD
100
AcDbEntity
  8
Smart Centers
  6
Continuous
 62
     0
440
 16777216
 48
0.75
100
AcDbLine
 10
-0.892969
 20
0.0
 30
0.0
 11
0.892969
 21
0.0
 31
0.0
  0
LINE
  5
4D0
330
4CD
100
AcDbEntity
  8
Smart Centers
  6
Continuous
 62
     0
440
 16777216
 48
0.75
100
AcDbLine
 10
0.0
 20
-0.892969
 30
0.0
 11
0.0
 21
0.892969
 31
0.0
  0
LINE
  5
4D1
330
4CD
100
AcDbEntity
  8
Smart Centers
 62
     0
440
 16777216
 48
0.75
100
AcDbLine
 10
-8.65
 20
0.0
 30
0.0
 11
-2.678906
 21
0.0
 31
0.0
  0
LINE
  5
4D2
330
4CD
100
AcDbEntity
  8
Smart Centers
 62
     0
440
 16777216
 48
0.75
100
AcDbLine
 10
2.678906
 20
0.0
 30
0.0
 11
8.65
 21
0.0
 31
0.0
  0
LINE
  5
4D3
330
4CD
100
AcDbEntity
  8
Smart Centers
 62
     0
440
 16777216
 48
0.75
100
AcDbLine
 10
0.0
 20
-8.65
 30
0.0
 11
0.0
 21
-2.678906
 31
0.0
  0
LINE
  5
4D4
330
4CD
100
AcDbEntity
  8
Smart Centers
 62
     0
440
 16777216
 48
0.75
100
AcDbLine
 10
0.0
 20
2.678906
 30
0.0
 11
0.0
 21
8.65
 31
0.0
  0
ENDBLK
  5
4D5
330
4CD
100
AcDbEntity
  8
0
100
AcDbBlockEnd
  0
BLOCK
  5
4D8
330
4D7
100
AcDbEntity
  8
0
100
AcDbBlockBegin
  2
*U51
 70
     1
 10
0.0
 20
0.0
 30
0.0
  3
*U51
  1

  0
LINE
  5
4D9
330
4D7
100
AcDbEntity
  8
Smart Centers
  6
Continuous
 62
     0
440
 16777216
 48
0.75
100
AcDbLine
 10
-0.892969
 20
0.0
 30
0.0
 11
0.892969
 21
0.0
 31
0.0
  0
LINE
  5
4DA
330
4D7
100
AcDbEntity
  8
Smart Centers
  6
Continuous
 62
     0
440
 16777216
 48
0.75
100
AcDbLine
 10
0.0
 20
-0.892969
 30
0.0
 11
0.0
 21
0.892969
 31
0.0
  0
LINE
  5
4DB
330
4D7
100
AcDbEntity
  8
Smart Centers
 62
     0
440
 16777216
 48
0.75
100
AcDbLine
 10
-8.65
 20
0.0
 30
0.0
 11
-2.678906
 21
0.0
 31
0.0
  0
LINE
  5
4DC
330
4D7
100
AcDbEntity
  8
Smart Centers
 62
     0
440
 16777216
 48
0.75
100
AcDbLine
 10
2.678906
 20
0.0
 30
0.0
 11
8.65
 21
0.0
 31
0.0
  0
LINE
  5
4DD
330
4D7
100
AcDbEntity
  8
Smart Centers
 62
     0
440
 16777216
 48
0.75
100
AcDbLine
 10
0.0
 20
-8.65
 30
0.0
 11
0.0
 21
-2.678906
 31
0.0
  0
LINE
  5
4DE
330
4D7
100
AcDbEntity
  8
Smart Centers
 62
     0
440
 16777216
 48
0.75
100
AcDbLine
 10
0.0
 20
2.678906
 30
0.0
 11
0.0
 21
8.65
 31
0.0
  0
ENDBLK
  5
4DF
330
4D7
100
AcDbEntity
  8
0
100
AcDbBlockEnd
  0
BLOCK
  5
4E2
330
4E1
100
AcDbEntity
  8
0
100
AcDbBlockBegin
  2
*U52
 70
     1
 10
0.0
 20
0.0
 30
0.0
  3
*U52
  1

  0
LINE
  5
4E3
330
4E1
100
AcDbEntity
  8
Smart Centers
  6
Continuous
 62
     0
440
 16777216
 48
0.75
100
AcDbLine
 10
-0.892969
 20
0.0
 30
0.0
 11
0.892969
 21
0.0
 31
0.0
  0
LINE
  5
4E4
330
4E1
100
AcDbEntity
  8
Smart Centers
  6
Continuous
 62
     0
440
 16777216
 48
0.75
100
AcDbLine
 10
0.0
 20
-0.892969
 30
0.0
 11
0.0
 21
0.892969
 31
0.0
  0
LINE
  5
4E5
330
4E1
100
AcDbEntity
  8
Smart Centers
 62
     0
440
 16777216
 48
0.75
100
AcDbLine
 10
-8.65
 20
0.0
 30
0.0
 11
-2.678906
 21
0.0
 31
0.0
  0
LINE
  5
4E6
330
4E1
100
AcDbEntity
  8
Smart Centers
 62
     0
440
 16777216
 48
0.75
100
AcDbLine
 10
2.678906
 20
0.0
 30
0.0
 11
8.65
 21
0.0
 31
0.0
  0
LINE
  5
4E7
330
4E1
100
AcDbEntity
  8
Smart Centers
 62
     0
440
 16777216
 48
0.75
100
AcDbLine
 10
0.0
 20
-8.65
 30
0.0
 11
0.0
 21
-2.678906
 31
0.0
  0
LINE
  5
4E8
330
4E1
100
AcDbEntity
  8
Smart Centers
 62
     0
440
 16777216
 48
0.75
100
AcDbLine
 10
0.0
 20
2.678906
 30
0.0
 11
0.0
 21
8.65
 31
0.0
  0
ENDBLK
  5
4E9
330
4E1
100
AcDbEntity
  8
0
100
AcDbBlockEnd
  0
BLOCK
  5
4EC
330
4EB
100
AcDbEntity
  8
0
100
AcDbBlockBegin
  2
*U53
 70
     1
 10
0.0
 20
0.0
 30
0.0
  3
*U53
  1

  0
LINE
  5
4ED
330
4EB
100
AcDbEntity
  8
Smart Centers
  6
Continuous
 62
     0
440
 16777216
 48
0.75
100
AcDbLine
 10
-0.892969
 20
0.0
 30
0.0
 11
0.892969
 21
0.0
 31
0.0
  0
LINE
  5
4EE
330
4EB
100
AcDbEntity
  8
Smart Centers
  6
Continuous
 62
     0
440
 16777216
 48
0.75
100
AcDbLine
 10
0.0
 20
-0.892969
 30
0.0
 11
0.0
 21
0.892969
 31
0.0
  0
LINE
  5
4EF
330
4EB
100
AcDbEntity
  8
Smart Centers
 62
     0
440
 16777216
 48
0.75
100
AcDbLine
 10
-8.65
 20
0.0
 30
0.0
 11
-2.678906
 21
0.0
 31
0.0
  0
LINE
  5
4F0
330
4EB
100
AcDbEntity
  8
Smart Centers
 62
     0
440
 16777216
 48
0.75
100
AcDbLine
 10
2.678906
 20
0.0
 30
0.0
 11
8.65
 21
0.0
 31
0.0
  0
LINE
  5
4F1
330
4EB
100
AcDbEntity
  8
Smart Centers
 62
     0
440
 16777216
 48
0.75
100
AcDbLine
 10
0.0
 20
-8.65
 30
0.0
 11
0.0
 21
-2.678906
 31
0.0
  0
LINE
  5
4F2
330
4EB
100
AcDbEntity
  8
Smart Centers
 62
     0
440
 16777216
 48
0.75
100
AcDbLine
 10
0.0
 20
2.678906
 30
0.0
 11
0.0
 21
8.65
 31
0.0
  0
ENDBLK
  5
4F3
330
4EB
100
AcDbEntity
  8
0
100
AcDbBlockEnd
  0
BLOCK
  5
4F6
330
4F5
100
AcDbEntity
  8
0
100
AcDbBlockBegin
  2
*U54
 70
     1
 10
0.0
 20
0.0
 30
0.0
  3
*U54
  1

  0
LINE
  5
4F7
330
4F5
100
AcDbEntity
  8
Smart Centers
  6
Continuous
 62
     0
440
 16777216
 48
0.75
100
AcDbLine
 10
-0.892969
 20
0.0
 30
0.0
 11
0.892969
 21
0.0
 31
0.0
  0
LINE
  5
4F8
330
4F5
100
AcDbEntity
  8
Smart Centers
  6
Continuous
 62
     0
440
 16777216
 48
0.75
100
AcDbLine
 10
0.0
 20
-0.892969
 30
0.0
 11
0.0
 21
0.892969
 31
0.0
  0
LINE
  5
4F9
330
4F5
100
AcDbEntity
  8
Smart Centers
 62
     0
440
 16777216
 48
0.75
100
AcDbLine
 10
-8.65
 20
0.0
 30
0.0
 11
-2.678906
 21
0.0
 31
0.0
  0
LINE
  5
4FA
330
4F5
100
AcDbEntity
  8
Smart Centers
 62
     0
440
 16777216
 48
0.75
100
AcDbLine
 10
2.678906
 20
0.0
 30
0.0
 11
8.65
 21
0.0
 31
0.0
  0
LINE
  5
4FB
330
4F5
100
AcDbEntity
  8
Smart Centers
 62
     0
440
 16777216
 48
0.75
100
AcDbLine
 10
0.0
 20
-8.65
 30
0.0
 11
0.0
 21
-2.678906
 31
0.0
  0
LINE
  5
4FC
330
4F5
100
AcDbEntity
  8
Smart Centers
 62
     0
440
 16777216
 48
0.75
100
AcDbLine
 10
0.0
 20
2.678906
 30
0.0
 11
0.0
 21
8.65
 31
0.0
  0
ENDBLK
  5
4FD
330
4F5
100
AcDbEntity
  8
0
100
AcDbBlockEnd
  0
BLOCK
  5
500
330
4FF
100
AcDbEntity
  8
0
100
AcDbBlockBegin
  2
*U55
 70
     1
 10
0.0
 20
0.0
 30
0.0
  3
*U55
  1

  0
LINE
  5
501
330
4FF
100
AcDbEntity
  8
Smart Centers
  6
Continuous
 62
     0
440
 16777216
 48
0.75
100
AcDbLine
 10
-0.892969
 20
0.0
 30
0.0
 11
0.892969
 21
0.0
 31
0.0
  0
LINE
  5
502
330
4FF
100
AcDbEntity
  8
Smart Centers
  6
Continuous
 62
     0
440
 16777216
 48
0.75
100
AcDbLine
 10
0.0
 20
-0.892969
 30
0.0
 11
0.0
 21
0.892969
 31
0.0
  0
LINE
  5
503
330
4FF
100
AcDbEntity
  8
Smart Centers
 62
     0
440
 16777216
 48
0.75
100
AcDbLine
 10
-8.65
 20
0.0
 30
0.0
 11
-2.678906
 21
0.0
 31
0.0
  0
LINE
  5
504
330
4FF
100
AcDbEntity
  8
Smart Centers
 62
     0
440
 16777216
 48
0.75
100
AcDbLine
 10
2.678906
 20
0.0
 30
0.0
 11
8.65
 21
0.0
 31
0.0
  0
LINE
  5
505
330
4FF
100
AcDbEntity
  8
Smart Centers
 62
     0
440
 16777216
 48
0.75
100
AcDbLine
 10
0.0
 20
-8.65
 30
0.0
 11
0.0
 21
-2.678906
 31
0.0
  0
LINE
  5
506
330
4FF
100
AcDbEntity
  8
Smart Centers
 62
     0
440
 16777216
 48
0.75
100
AcDbLine
 10
0.0
 20
2.678906
 30
0.0
 11
0.0
 21
8.65
 31
0.0
  0
ENDBLK
  5
507
330
4FF
100
AcDbEntity
  8
0
100
AcDbBlockEnd
  0
BLOCK
  5
50A
330
509
100
AcDbEntity
  8
0
100
AcDbBlockBegin
  2
*U56
 70
     1
 10
0.0
 20
0.0
 30
0.0
  3
*U56
  1

  0
LINE
  5
50B
330
509
100
AcDbEntity
  8
Smart Centers
  6
Continuous
 62
     0
440
 16777216
 48
0.75
100
AcDbLine
 10
-0.892969
 20
0.0
 30
0.0
 11
0.892969
 21
0.0
 31
0.0
  0
LINE
  5
50C
330
509
100
AcDbEntity
  8
Smart Centers
  6
Continuous
 62
     0
440
 16777216
 48
0.75
100
AcDbLine
 10
0.0
 20
-0.892969
 30
0.0
 11
0.0
 21
0.892969
 31
0.0
  0
LINE
  5
50D
330
509
100
AcDbEntity
  8
Smart Centers
 62
     0
440
 16777216
 48
0.75
100
AcDbLine
 10
-8.65
 20
0.0
 30
0.0
 11
-2.678906
 21
0.0
 31
0.0
  0
LINE
  5
50E
330
509
100
AcDbEntity
  8
Smart Centers
 62
     0
440
 16777216
 48
0.75
100
AcDbLine
 10
2.678906
 20
0.0
 30
0.0
 11
8.65
 21
0.0
 31
0.0
  0
LINE
  5
50F
330
509
100
AcDbEntity
  8
Smart Centers
 62
     0
440
 16777216
 48
0.75
100
AcDbLine
 10
0.0
 20
-8.65
 30
0.0
 11
0.0
 21
-2.678906
 31
0.0
  0
LINE
  5
510
330
509
100
AcDbEntity
  8
Smart Centers
 62
     0
440
 16777216
 48
0.75
100
AcDbLine
 10
0.0
 20
2.678906
 30
0.0
 11
0.0
 21
8.65
 31
0.0
  0
ENDBLK
  5
511
330
509
100
AcDbEntity
  8
0
100
AcDbBlockEnd
  0
BLOCK
  5
514
330
513
100
AcDbEntity
  8
0
100
AcDbBlockBegin
  2
*U57
 70
     1
 10
0.0
 20
0.0
 30
0.0
  3
*U57
  1

  0
LINE
  5
515
330
513
100
AcDbEntity
  8
Smart Centers
  6
Continuous
 62
     0
440
 16777216
 48
0.75
100
AcDbLine
 10
-0.892969
 20
0.0
 30
0.0
 11
0.892969
 21
0.0
 31
0.0
  0
LINE
  5
516
330
513
100
AcDbEntity
  8
Smart Centers
  6
Continuous
 62
     0
440
 16777216
 48
0.75
100
AcDbLine
 10
0.0
 20
-0.892969
 30
0.0
 11
0.0
 21
0.892969
 31
0.0
  0
LINE
  5
517
330
513
100
AcDbEntity
  8
Smart Centers
 62
     0
440
 16777216
 48
0.75
100
AcDbLine
 10
-8.65
 20
0.0
 30
0.0
 11
-2.678906
 21
0.0
 31
0.0
  0
LINE
  5
518
330
513
100
AcDbEntity
  8
Smart Centers
 62
     0
440
 16777216
 48
0.75
100
AcDbLine
 10
2.678906
 20
0.0
 30
0.0
 11
8.65
 21
0.0
 31
0.0
  0
LINE
  5
519
330
513
100
AcDbEntity
  8
Smart Centers
 62
     0
440
 16777216
 48
0.75
100
AcDbLine
 10
0.0
 20
-8.65
 30
0.0
 11
0.0
 21
-2.678906
 31
0.0
  0
LINE
  5
51A
330
513
100
AcDbEntity
  8
Smart Centers
 62
     0
440
 16777216
 48
0.75
100
AcDbLine
 10
0.0
 20
2.678906
 30
0.0
 11
0.0
 21
8.65
 31
0.0
  0
ENDBLK
  5
51B
330
513
100
AcDbEntity
  8
0
100
AcDbBlockEnd
  0
BLOCK
  5
51E
330
51D
100
AcDbEntity
  8
0
100
AcDbBlockBegin
  2
*U58
 70
     1
 10
0.0
 20
0.0
 30
0.0
  3
*U58
  1

  0
LINE
  5
51F
330
51D
100
AcDbEntity
  8
Smart Centers
  6
Continuous
 62
     0
440
 16777216
 48
0.75
100
AcDbLine
 10
-0.892969
 20
0.0
 30
0.0
 11
0.892969
 21
0.0
 31
0.0
  0
LINE
  5
520
330
51D
100
AcDbEntity
  8
Smart Centers
  6
Continuous
 62
     0
440
 16777216
 48
0.75
100
AcDbLine
 10
0.0
 20
-0.892969
 30
0.0
 11
0.0
 21
0.892969
 31
0.0
  0
LINE
  5
521
330
51D
100
AcDbEntity
  8
Smart Centers
 62
     0
440
 16777216
 48
0.75
100
AcDbLine
 10
-8.65
 20
0.0
 30
0.0
 11
-2.678906
 21
0.0
 31
0.0
  0
LINE
  5
522
330
51D
100
AcDbEntity
  8
Smart Centers
 62
     0
440
 16777216
 48
0.75
100
AcDbLine
 10
2.678906
 20
0.0
 30
0.0
 11
8.65
 21
0.0
 31
0.0
  0
LINE
  5
523
330
51D
100
AcDbEntity
  8
Smart Centers
 62
     0
440
 16777216
 48
0.75
100
AcDbLine
 10
0.0
 20
-8.65
 30
0.0
 11
0.0
 21
-2.678906
 31
0.0
  0
LINE
  5
524
330
51D
100
AcDbEntity
  8
Smart Centers
 62
     0
440
 16777216
 48
0.75
100
AcDbLine
 10
0.0
 20
2.678906
 30
0.0
 11
0.0
 21
8.65
 31
0.0
  0
ENDBLK
  5
525
330
51D
100
AcDbEntity
  8
0
100
AcDbBlockEnd
  0
BLOCK
  5
528
330
527
100
AcDbEntity
  8
0
100
AcDbBlockBegin
  2
*U59
 70
     1
 10
0.0
 20
0.0
 30
0.0
  3
*U59
  1

  0
LINE
  5
529
330
527
100
AcDbEntity
  8
Smart Centers
  6
Continuous
 62
     0
440
 16777216
 48
0.75
100
AcDbLine
 10
-0.892969
 20
0.0
 30
0.0
 11
0.892969
 21
0.0
 31
0.0
  0
LINE
  5
52A
330
527
100
AcDbEntity
  8
Smart Centers
  6
Continuous
 62
     0
440
 16777216
 48
0.75
100
AcDbLine
 10
0.0
 20
-0.892969
 30
0.0
 11
0.0
 21
0.892969
 31
0.0
  0
LINE
  5
52B
330
527
100
AcDbEntity
  8
Smart Centers
 62
     0
440
 16777216
 48
0.75
100
AcDbLine
 10
-8.65
 20
0.0
 30
0.0
 11
-2.678906
 21
0.0
 31
0.0
  0
LINE
  5
52C
330
527
100
AcDbEntity
  8
Smart Centers
 62
     0
440
 16777216
 48
0.75
100
AcDbLine
 10
2.678906
 20
0.0
 30
0.0
 11
8.65
 21
0.0
 31
0.0
  0
LINE
  5
52D
330
527
100
AcDbEntity
  8
Smart Centers
 62
     0
440
 16777216
 48
0.75
100
AcDbLine
 10
0.0
 20
-8.65
 30
0.0
 11
0.0
 21
-2.678906
 31
0.0
  0
LINE
  5
52E
330
527
100
AcDbEntity
  8
Smart Centers
 62
     0
440
 16777216
 48
0.75
100
AcDbLine
 10
0.0
 20
2.678906
 30
0.0
 11
0.0
 21
8.65
 31
0.0
  0
ENDBLK
  5
52F
330
527
100
AcDbEntity
  8
0
100
AcDbBlockEnd
  0
BLOCK
  5
532
330
531
100
AcDbEntity
  8
0
100
AcDbBlockBegin
  2
*U60
 70
     1
 10
0.0
 20
0.0
 30
0.0
  3
*U60
  1

  0
LINE
  5
533
330
531
100
AcDbEntity
  8
Smart Centers
  6
Continuous
 62
     0
440
 16777216
 48
0.75
100
AcDbLine
 10
-0.892969
 20
0.0
 30
0.0
 11
0.892969
 21
0.0
 31
0.0
  0
LINE
  5
534
330
531
100
AcDbEntity
  8
Smart Centers
  6
Continuous
 62
     0
440
 16777216
 48
0.75
100
AcDbLine
 10
0.0
 20
-0.892969
 30
0.0
 11
0.0
 21
0.892969
 31
0.0
  0
LINE
  5
535
330
531
100
AcDbEntity
  8
Smart Centers
 62
     0
440
 16777216
 48
0.75
100
AcDbLine
 10
-8.65
 20
0.0
 30
0.0
 11
-2.678906
 21
0.0
 31
0.0
  0
LINE
  5
536
330
531
100
AcDbEntity
  8
Smart Centers
 62
     0
440
 16777216
 48
0.75
100
AcDbLine
 10
2.678906
 20
0.0
 30
0.0
 11
8.65
 21
0.0
 31
0.0
  0
LINE
  5
537
330
531
100
AcDbEntity
  8
Smart Centers
 62
     0
440
 16777216
 48
0.75
100
AcDbLine
 10
0.0
 20
-8.65
 30
0.0
 11
0.0
 21
-2.678906
 31
0.0
  0
LINE
  5
538
330
531
100
AcDbEntity
  8
Smart Centers
 62
     0
440
 16777216
 48
0.75
100
AcDbLine
 10
0.0
 20
2.678906
 30
0.0
 11
0.0
 21
8.65
 31
0.0
  0
ENDBLK
  5
539
330
531
100
AcDbEntity
  8
0
100
AcDbBlockEnd
  0
BLOCK
  5
53C
330
53B
100
AcDbEntity
  8
0
100
AcDbBlockBegin
  2
*U61
 70
     1
 10
0.0
 20
0.0
 30
0.0
  3
*U61
  1

  0
LINE
  5
53D
330
53B
100
AcDbEntity
  8
Smart Centers
  6
Continuous
 62
     0
440
 16777216
 48
0.75
100
AcDbLine
 10
-0.892969
 20
0.0
 30
0.0
 11
0.892969
 21
0.0
 31
0.0
  0
LINE
  5
53E
330
53B
100
AcDbEntity
  8
Smart Centers
  6
Continuous
 62
     0
440
 16777216
 48
0.75
100
AcDbLine
 10
0.0
 20
-0.892969
 30
0.0
 11
0.0
 21
0.892969
 31
0.0
  0
LINE
  5
53F
330
53B
100
AcDbEntity
  8
Smart Centers
 62
     0
440
 16777216
 48
0.75
100
AcDbLine
 10
-8.65
 20
0.0
 30
0.0
 11
-2.678906
 21
0.0
 31
0.0
  0
LINE
  5
540
330
53B
100
AcDbEntity
  8
Smart Centers
 62
     0
440
 16777216
 48
0.75
100
AcDbLine
 10
2.678906
 20
0.0
 30
0.0
 11
8.65
 21
0.0
 31
0.0
  0
LINE
  5
541
330
53B
100
AcDbEntity
  8
Smart Centers
 62
     0
440
 16777216
 48
0.75
100
AcDbLine
 10
0.0
 20
-8.65
 30
0.0
 11
0.0
 21
-2.678906
 31
0.0
  0
LINE
  5
542
330
53B
100
AcDbEntity
  8
Smart Centers
 62
     0
440
 16777216
 48
0.75
100
AcDbLine
 10
0.0
 20
2.678906
 30
0.0
 11
0.0
 21
8.65
 31
0.0
  0
ENDBLK
  5
543
330
53B
100
AcDbEntity
  8
0
100
AcDbBlockEnd
  0
BLOCK
  5
546
330
545
100
AcDbEntity
  8
0
100
AcDbBlockBegin
  2
*U62
 70
     1
 10
0.0
 20
0.0
 30
0.0
  3
*U62
  1

  0
LINE
  5
547
330
545
100
AcDbEntity
  8
Smart Centers
  6
Continuous
 62
     0
440
 16777216
 48
0.75
100
AcDbLine
 10
-0.892969
 20
0.0
 30
0.0
 11
0.892969
 21
0.0
 31
0.0
  0
LINE
  5
548
330
545
100
AcDbEntity
  8
Smart Centers
  6
Continuous
 62
     0
440
 16777216
 48
0.75
100
AcDbLine
 10
0.0
 20
-0.892969
 30
0.0
 11
0.0
 21
0.892969
 31
0.0
  0
LINE
  5
549
330
545
100
AcDbEntity
  8
Smart Centers
 62
     0
440
 16777216
 48
0.75
100
AcDbLine
 10
-8.65
 20
0.0
 30
0.0
 11
-2.678906
 21
0.0
 31
0.0
  0
LINE
  5
54A
330
545
100
AcDbEntity
  8
Smart Centers
 62
     0
440
 16777216
 48
0.75
100
AcDbLine
 10
2.678906
 20
0.0
 30
0.0
 11
8.65
 21
0.0
 31
0.0
  0
LINE
  5
54B
330
545
100
AcDbEntity
  8
Smart Centers
 62
     0
440
 16777216
 48
0.75
100
AcDbLine
 10
0.0
 20
-8.65
 30
0.0
 11
0.0
 21
-2.678906
 31
0.0
  0
LINE
  5
54C
330
545
100
AcDbEntity
  8
Smart Centers
 62
     0
440
 16777216
 48
0.75
100
AcDbLine
 10
0.0
 20
2.678906
 30
0.0
 11
0.0
 21
8.65
 31
0.0
  0
ENDBLK
  5
54D
330
545
100
AcDbEntity
  8
0
100
AcDbBlockEnd
  0
BLOCK
  5
550
330
54F
100
AcDbEntity
  8
0
100
AcDbBlockBegin
  2
*U63
 70
     1
 10
0.0
 20
0.0
 30
0.0
  3
*U63
  1

  0
LINE
  5
551
330
54F
100
AcDbEntity
  8
Smart Centers
  6
Continuous
 62
     0
440
 16777216
 48
0.75
100
AcDbLine
 10
-0.892969
 20
0.0
 30
0.0
 11
0.892969
 21
0.0
 31
0.0
  0
LINE
  5
552
330
54F
100
AcDbEntity
  8
Smart Centers
  6
Continuous
 62
     0
440
 16777216
 48
0.75
100
AcDbLine
 10
0.0
 20
-0.892969
 30
0.0
 11
0.0
 21
0.892969
 31
0.0
  0
LINE
  5
553
330
54F
100
AcDbEntity
  8
Smart Centers
 62
     0
440
 16777216
 48
0.75
100
AcDbLine
 10
-8.65
 20
0.0
 30
0.0
 11
-2.678906
 21
0.0
 31
0.0
  0
LINE
  5
554
330
54F
100
AcDbEntity
  8
Smart Centers
 62
     0
440
 16777216
 48
0.75
100
AcDbLine
 10
2.678906
 20
0.0
 30
0.0
 11
8.65
 21
0.0
 31
0.0
  0
LINE
  5
555
330
54F
100
AcDbEntity
  8
Smart Centers
 62
     0
440
 16777216
 48
0.75
100
AcDbLine
 10
0.0
 20
-8.65
 30
0.0
 11
0.0
 21
-2.678906
 31
0.0
  0
LINE
  5
556
330
54F
100
AcDbEntity
  8
Smart Centers
 62
     0
440
 16777216
 48
0.75
100
AcDbLine
 10
0.0
 20
2.678906
 30
0.0
 11
0.0
 21
8.65
 31
0.0
  0
ENDBLK
  5
557
330
54F
100
AcDbEntity
  8
0
100
AcDbBlockEnd
  0
BLOCK
  5
55A
330
559
100
AcDbEntity
  8
0
100
AcDbBlockBegin
  2
*U64
 70
     1
 10
0.0
 20
0.0
 30
0.0
  3
*U64
  1

  0
LINE
  5
55B
330
559
100
AcDbEntity
  8
Smart Centers
  6
Continuous
 62
     0
440
 16777216
 48
0.75
100
AcDbLine
 10
-0.892969
 20
0.0
 30
0.0
 11
0.892969
 21
0.0
 31
0.0
  0
LINE
  5
55C
330
559
100
AcDbEntity
  8
Smart Centers
  6
Continuous
 62
     0
440
 16777216
 48
0.75
100
AcDbLine
 10
0.0
 20
-0.892969
 30
0.0
 11
0.0
 21
0.892969
 31
0.0
  0
LINE
  5
55D
330
559
100
AcDbEntity
  8
Smart Centers
 62
     0
440
 16777216
 48
0.75
100
AcDbLine
 10
-8.65
 20
0.0
 30
0.0
 11
-2.678906
 21
0.0
 31
0.0
  0
LINE
  5
55E
330
559
100
AcDbEntity
  8
Smart Centers
 62
     0
440
 16777216
 48
0.75
100
AcDbLine
 10
2.678906
 20
0.0
 30
0.0
 11
8.65
 21
0.0
 31
0.0
  0
LINE
  5
55F
330
559
100
AcDbEntity
  8
Smart Centers
 62
     0
440
 16777216
 48
0.75
100
AcDbLine
 10
0.0
 20
-8.65
 30
0.0
 11
0.0
 21
-2.678906
 31
0.0
  0
LINE
  5
560
330
559
100
AcDbEntity
  8
Smart Centers
 62
     0
440
 16777216
 48
0.75
100
AcDbLine
 10
0.0
 20
2.678906
 30
0.0
 11
0.0
 21
8.65
 31
0.0
  0
ENDBLK
  5
561
330
559
100
AcDbEntity
  8
0
100
AcDbBlockEnd
  0
BLOCK
  5
564
330
563
100
AcDbEntity
  8
0
100
AcDbBlockBegin
  2
*U65
 70
     1
 10
0.0
 20
0.0
 30
0.0
  3
*U65
  1

  0
LINE
  5
565
330
563
100
AcDbEntity
  8
Smart Centers
  6
Continuous
 62
     0
440
 16777216
 48
0.75
100
AcDbLine
 10
-0.892969
 20
0.0
 30
0.0
 11
0.892969
 21
0.0
 31
0.0
  0
LINE
  5
566
330
563
100
AcDbEntity
  8
Smart Centers
  6
Continuous
 62
     0
440
 16777216
 48
0.75
100
AcDbLine
 10
0.0
 20
-0.892969
 30
0.0
 11
0.0
 21
0.892969
 31
0.0
  0
LINE
  5
567
330
563
100
AcDbEntity
  8
Smart Centers
 62
     0
440
 16777216
 48
0.75
100
AcDbLine
 10
-8.65
 20
0.0
 30
0.0
 11
-2.678906
 21
0.0
 31
0.0
  0
LINE
  5
568
330
563
100
AcDbEntity
  8
Smart Centers
 62
     0
440
 16777216
 48
0.75
100
AcDbLine
 10
2.678906
 20
0.0
 30
0.0
 11
8.65
 21
0.0
 31
0.0
  0
LINE
  5
569
330
563
100
AcDbEntity
  8
Smart Centers
 62
     0
440
 16777216
 48
0.75
100
AcDbLine
 10
0.0
 20
-8.65
 30
0.0
 11
0.0
 21
-2.678906
 31
0.0
  0
LINE
  5
56A
330
563
100
AcDbEntity
  8
Smart Centers
 62
     0
440
 16777216
 48
0.75
100
AcDbLine
 10
0.0
 20
2.678906
 30
0.0
 11
0.0
 21
8.65
 31
0.0
  0
ENDBLK
  5
56B
330
563
100
AcDbEntity
  8
0
100
AcDbBlockEnd
  0
BLOCK
  5
56E
330
56D
100
AcDbEntity
  8
0
100
AcDbBlockBegin
  2
*U66
 70
     1
 10
0.0
 20
0.0
 30
0.0
  3
*U66
  1

  0
LINE
  5
56F
330
56D
100
AcDbEntity
  8
Smart Centers
  6
Continuous
 62
     0
440
 16777216
 48
0.75
100
AcDbLine
 10
-0.892969
 20
0.0
 30
0.0
 11
0.892969
 21
0.0
 31
0.0
  0
LINE
  5
570
330
56D
100
AcDbEntity
  8
Smart Centers
  6
Continuous
 62
     0
440
 16777216
 48
0.75
100
AcDbLine
 10
0.0
 20
-0.892969
 30
0.0
 11
0.0
 21
0.892969
 31
0.0
  0
LINE
  5
571
330
56D
100
AcDbEntity
  8
Smart Centers
 62
     0
440
 16777216
 48
0.75
100
AcDbLine
 10
-8.65
 20
0.0
 30
0.0
 11
-2.678906
 21
0.0
 31
0.0
  0
LINE
  5
572
330
56D
100
AcDbEntity
  8
Smart Centers
 62
     0
440
 16777216
 48
0.75
100
AcDbLine
 10
2.678906
 20
0.0
 30
0.0
 11
8.65
 21
0.0
 31
0.0
  0
LINE
  5
573
330
56D
100
AcDbEntity
  8
Smart Centers
 62
     0
440
 16777216
 48
0.75
100
AcDbLine
 10
0.0
 20
-8.65
 30
0.0
 11
0.0
 21
-2.678906
 31
0.0
  0
LINE
  5
574
330
56D
100
AcDbEntity
  8
Smart Centers
 62
     0
440
 16777216
 48
0.75
100
AcDbLine
 10
0.0
 20
2.678906
 30
0.0
 11
0.0
 21
8.65
 31
0.0
  0
ENDBLK
  5
575
330
56D
100
AcDbEntity
  8
0
100
AcDbBlockEnd
  0
BLOCK
  5
578
330
577
100
AcDbEntity
  8
0
100
AcDbBlockBegin
  2
*U67
 70
     1
 10
0.0
 20
0.0
 30
0.0
  3
*U67
  1

  0
LINE
  5
579
330
577
100
AcDbEntity
  8
Smart Centers
  6
Continuous
 62
     0
440
 16777216
 48
0.75
100
AcDbLine
 10
-0.892969
 20
0.0
 30
0.0
 11
0.892969
 21
0.0
 31
0.0
  0
LINE
  5
57A
330
577
100
AcDbEntity
  8
Smart Centers
  6
Continuous
 62
     0
440
 16777216
 48
0.75
100
AcDbLine
 10
0.0
 20
-0.892969
 30
0.0
 11
0.0
 21
0.892969
 31
0.0
  0
LINE
  5
57B
330
577
100
AcDbEntity
  8
Smart Centers
 62
     0
440
 16777216
 48
0.75
100
AcDbLine
 10
-8.65
 20
0.0
 30
0.0
 11
-2.678906
 21
0.0
 31
0.0
  0
LINE
  5
57C
330
577
100
AcDbEntity
  8
Smart Centers
 62
     0
440
 16777216
 48
0.75
100
AcDbLine
 10
2.678906
 20
0.0
 30
0.0
 11
8.65
 21
0.0
 31
0.0
  0
LINE
  5
57D
330
577
100
AcDbEntity
  8
Smart Centers
 62
     0
440
 16777216
 48
0.75
100
AcDbLine
 10
0.0
 20
-8.65
 30
0.0
 11
0.0
 21
-2.678906
 31
0.0
  0
LINE
  5
57E
330
577
100
AcDbEntity
  8
Smart Centers
 62
     0
440
 16777216
 48
0.75
100
AcDbLine
 10
0.0
 20
2.678906
 30
0.0
 11
0.0
 21
8.65
 31
0.0
  0
ENDBLK
  5
57F
330
577
100
AcDbEntity
  8
0
100
AcDbBlockEnd
  0
BLOCK
  5
582
330
581
100
AcDbEntity
  8
0
100
AcDbBlockBegin
  2
*U68
 70
     1
 10
0.0
 20
0.0
 30
0.0
  3
*U68
  1

  0
LINE
  5
583
330
581
100
AcDbEntity
  8
Smart Centers
  6
Continuous
 62
     0
440
 16777216
 48
0.75
100
AcDbLine
 10
-0.892969
 20
0.0
 30
0.0
 11
0.892969
 21
0.0
 31
0.0
  0
LINE
  5
584
330
581
100
AcDbEntity
  8
Smart Centers
  6
Continuous
 62
     0
440
 16777216
 48
0.75
100
AcDbLine
 10
0.0
 20
-0.892969
 30
0.0
 11
0.0
 21
0.892969
 31
0.0
  0
LINE
  5
585
330
581
100
AcDbEntity
  8
Smart Centers
 62
     0
440
 16777216
 48
0.75
100
AcDbLine
 10
-8.65
 20
0.0
 30
0.0
 11
-2.678906
 21
0.0
 31
0.0
  0
LINE
  5
586
330
581
100
AcDbEntity
  8
Smart Centers
 62
     0
440
 16777216
 48
0.75
100
AcDbLine
 10
2.678906
 20
0.0
 30
0.0
 11
8.65
 21
0.0
 31
0.0
  0
LINE
  5
587
330
581
100
AcDbEntity
  8
Smart Centers
 62
     0
440
 16777216
 48
0.75
100
AcDbLine
 10
0.0
 20
-8.65
 30
0.0
 11
0.0
 21
-2.678906
 31
0.0
  0
LINE
  5
588
330
581
100
AcDbEntity
  8
Smart Centers
 62
     0
440
 16777216
 48
0.75
100
AcDbLine
 10
0.0
 20
2.678906
 30
0.0
 11
0.0
 21
8.65
 31
0.0
  0
ENDBLK
  5
589
330
581
100
AcDbEntity
  8
0
100
AcDbBlockEnd
  0
BLOCK
  5
58C
330
58B
100
AcDbEntity
  8
0
100
AcDbBlockBegin
  2
*U69
 70
     1
 10
0.0
 20
0.0
 30
0.0
  3
*U69
  1

  0
LINE
  5
58D
330
58B
100
AcDbEntity
  8
Smart Centers
  6
Continuous
 62
     0
440
 16777216
 48
0.75
100
AcDbLine
 10
-0.892969
 20
0.0
 30
0.0
 11
0.892969
 21
0.0
 31
0.0
  0
LINE
  5
58E
330
58B
100
AcDbEntity
  8
Smart Centers
  6
Continuous
 62
     0
440
 16777216
 48
0.75
100
AcDbLine
 10
0.0
 20
-0.892969
 30
0.0
 11
0.0
 21
0.892969
 31
0.0
  0
LINE
  5
58F
330
58B
100
AcDbEntity
  8
Smart Centers
 62
     0
440
 16777216
 48
0.75
100
AcDbLine
 10
-8.65
 20
0.0
 30
0.0
 11
-2.678906
 21
0.0
 31
0.0
  0
LINE
  5
590
330
58B
100
AcDbEntity
  8
Smart Centers
 62
     0
440
 16777216
 48
0.75
100
AcDbLine
 10
2.678906
 20
0.0
 30
0.0
 11
8.65
 21
0.0
 31
0.0
  0
LINE
  5
591
330
58B
100
AcDbEntity
  8
Smart Centers
 62
     0
440
 16777216
 48
0.75
100
AcDbLine
 10
0.0
 20
-8.65
 30
0.0
 11
0.0
 21
-2.678906
 31
0.0
  0
LINE
  5
592
330
58B
100
AcDbEntity
  8
Smart Centers
 62
     0
440
 16777216
 48
0.75
100
AcDbLine
 10
0.0
 20
2.678906
 30
0.0
 11
0.0
 21
8.65
 31
0.0
  0
ENDBLK
  5
593
330
58B
100
AcDbEntity
  8
0
100
AcDbBlockEnd
  0
BLOCK
  5
596
330
595
100
AcDbEntity
  8
0
100
AcDbBlockBegin
  2
*U70
 70
     1
 10
0.0
 20
0.0
 30
0.0
  3
*U70
  1

  0
LINE
  5
597
330
595
100
AcDbEntity
  8
Smart Centers
  6
Continuous
 62
     0
440
 16777216
 48
0.75
100
AcDbLine
 10
-0.892969
 20
0.0
 30
0.0
 11
0.892969
 21
0.0
 31
0.0
  0
LINE
  5
598
330
595
100
AcDbEntity
  8
Smart Centers
  6
Continuous
 62
     0
440
 16777216
 48
0.75
100
AcDbLine
 10
0.0
 20
-0.892969
 30
0.0
 11
0.0
 21
0.892969
 31
0.0
  0
LINE
  5
599
330
595
100
AcDbEntity
  8
Smart Centers
 62
     0
440
 16777216
 48
0.75
100
AcDbLine
 10
-8.65
 20
0.0
 30
0.0
 11
-2.678906
 21
0.0
 31
0.0
  0
LINE
  5
59A
330
595
100
AcDbEntity
  8
Smart Centers
 62
     0
440
 16777216
 48
0.75
100
AcDbLine
 10
2.678906
 20
0.0
 30
0.0
 11
8.65
 21
0.0
 31
0.0
  0
LINE
  5
59B
330
595
100
AcDbEntity
  8
Smart Centers
 62
     0
440
 16777216
 48
0.75
100
AcDbLine
 10
0.0
 20
-8.65
 30
0.0
 11
0.0
 21
-2.678906
 31
0.0
  0
LINE
  5
59C
330
595
100
AcDbEntity
  8
Smart Centers
 62
     0
440
 16777216
 48
0.75
100
AcDbLine
 10
0.0
 20
2.678906
 30
0.0
 11
0.0
 21
8.65
 31
0.0
  0
ENDBLK
  5
59D
330
595
100
AcDbEntity
  8
0
100
AcDbBlockEnd
  0
BLOCK
  5
5A0
330
59F
100
AcDbEntity
  8
0
100
AcDbBlockBegin
  2
*U71
 70
     1
 10
0.0
 20
0.0
 30
0.0
  3
*U71
  1

  0
LINE
  5
5A1
330
59F
100
AcDbEntity
  8
Smart Centers
  6
Continuous
 62
     0
440
 16777216
 48
0.75
100
AcDbLine
 10
-0.892969
 20
0.0
 30
0.0
 11
0.892969
 21
0.0
 31
0.0
  0
LINE
  5
5A2
330
59F
100
AcDbEntity
  8
Smart Centers
  6
Continuous
 62
     0
440
 16777216
 48
0.75
100
AcDbLine
 10
0.0
 20
-0.892969
 30
0.0
 11
0.0
 21
0.892969
 31
0.0
  0
LINE
  5
5A3
330
59F
100
AcDbEntity
  8
Smart Centers
 62
     0
440
 16777216
 48
0.75
100
AcDbLine
 10
-8.65
 20
0.0
 30
0.0
 11
-2.678906
 21
0.0
 31
0.0
  0
LINE
  5
5A4
330
59F
100
AcDbEntity
  8
Smart Centers
 62
     0
440
 16777216
 48
0.75
100
AcDbLine
 10
2.678906
 20
0.0
 30
0.0
 11
8.65
 21
0.0
 31
0.0
  0
LINE
  5
5A5
330
59F
100
AcDbEntity
  8
Smart Centers
 62
     0
440
 16777216
 48
0.75
100
AcDbLine
 10
0.0
 20
-8.65
 30
0.0
 11
0.0
 21
-2.678906
 31
0.0
  0
LINE
  5
5A6
330
59F
100
AcDbEntity
  8
Smart Centers
 62
     0
440
 16777216
 48
0.75
100
AcDbLine
 10
0.0
 20
2.678906
 30
0.0
 11
0.0
 21
8.65
 31
0.0
  0
ENDBLK
  5
5A7
330
59F
100
AcDbEntity
  8
0
100
AcDbBlockEnd
  0
BLOCK
  5
5AA
330
5A9
100
AcDbEntity
  8
0
100
AcDbBlockBegin
  2
*U72
 70
     1
 10
0.0
 20
0.0
 30
0.0
  3
*U72
  1

  0
LINE
  5
5AB
330
5A9
100
AcDbEntity
  8
Smart Centers
  6
Continuous
 62
     0
440
 16777216
 48
0.75
100
AcDbLine
 10
-0.892969
 20
0.0
 30
0.0
 11
0.892969
 21
0.0
 31
0.0
  0
LINE
  5
5AC
330
5A9
100
AcDbEntity
  8
Smart Centers
  6
Continuous
 62
     0
440
 16777216
 48
0.75
100
AcDbLine
 10
0.0
 20
-0.892969
 30
0.0
 11
0.0
 21
0.892969
 31
0.0
  0
LINE
  5
5AD
330
5A9
100
AcDbEntity
  8
Smart Centers
 62
     0
440
 16777216
 48
0.75
100
AcDbLine
 10
-8.65
 20
0.0
 30
0.0
 11
-2.678906
 21
0.0
 31
0.0
  0
LINE
  5
5AE
330
5A9
100
AcDbEntity
  8
Smart Centers
 62
     0
440
 16777216
 48
0.75
100
AcDbLine
 10
2.678906
 20
0.0
 30
0.0
 11
8.65
 21
0.0
 31
0.0
  0
LINE
  5
5AF
330
5A9
100
AcDbEntity
  8
Smart Centers
 62
     0
440
 16777216
 48
0.75
100
AcDbLine
 10
0.0
 20
-8.65
 30
0.0
 11
0.0
 21
-2.678906
 31
0.0
  0
LINE
  5
5B0
330
5A9
100
AcDbEntity
  8
Smart Centers
 62
     0
440
 16777216
 48
0.75
100
AcDbLine
 10
0.0
 20
2.678906
 30
0.0
 11
0.0
 21
8.65
 31
0.0
  0
ENDBLK
  5
5B1
330
5A9
100
AcDbEntity
  8
0
100
AcDbBlockEnd
  0
BLOCK
  5
5B4
330
5B3
100
AcDbEntity
  8
0
100
AcDbBlockBegin
  2
*U73
 70
     1
 10
0.0
 20
0.0
 30
0.0
  3
*U73
  1

  0
LINE
  5
5B5
330
5B3
100
AcDbEntity
  8
Smart Centers
  6
Continuous
 62
     0
440
 16777216
 48
0.75
100
AcDbLine
 10
-0.892969
 20
0.0
 30
0.0
 11
0.892969
 21
0.0
 31
0.0
  0
LINE
  5
5B6
330
5B3
100
AcDbEntity
  8
Smart Centers
  6
Continuous
 62
     0
440
 16777216
 48
0.75
100
AcDbLine
 10
0.0
 20
-0.892969
 30
0.0
 11
0.0
 21
0.892969
 31
0.0
  0
LINE
  5
5B7
330
5B3
100
AcDbEntity
  8
Smart Centers
 62
     0
440
 16777216
 48
0.75
100
AcDbLine
 10
-8.65
 20
0.0
 30
0.0
 11
-2.678906
 21
0.0
 31
0.0
  0
LINE
  5
5B8
330
5B3
100
AcDbEntity
  8
Smart Centers
 62
     0
440
 16777216
 48
0.75
100
AcDbLine
 10
2.678906
 20
0.0
 30
0.0
 11
8.65
 21
0.0
 31
0.0
  0
LINE
  5
5B9
330
5B3
100
AcDbEntity
  8
Smart Centers
 62
     0
440
 16777216
 48
0.75
100
AcDbLine
 10
0.0
 20
-8.65
 30
0.0
 11
0.0
 21
-2.678906
 31
0.0
  0
LINE
  5
5BA
330
5B3
100
AcDbEntity
  8
Smart Centers
 62
     0
440
 16777216
 48
0.75
100
AcDbLine
 10
0.0
 20
2.678906
 30
0.0
 11
0.0
 21
8.65
 31
0.0
  0
ENDBLK
  5
5BB
330
5B3
100
AcDbEntity
  8
0
100
AcDbBlockEnd
  0
BLOCK
  5
5BE
330
5BD
100
AcDbEntity
  8
0
100
AcDbBlockBegin
  2
*U74
 70
     1
 10
0.0
 20
0.0
 30
0.0
  3
*U74
  1

  0
LINE
  5
5BF
330
5BD
100
AcDbEntity
  8
Smart Centers
  6
Continuous
 62
     0
440
 16777216
 48
0.75
100
AcDbLine
 10
-0.892969
 20
0.0
 30
0.0
 11
0.892969
 21
0.0
 31
0.0
  0
LINE
  5
5C0
330
5BD
100
AcDbEntity
  8
Smart Centers
  6
Continuous
 62
     0
440
 16777216
 48
0.75
100
AcDbLine
 10
0.0
 20
-0.892969
 30
0.0
 11
0.0
 21
0.892969
 31
0.0
  0
LINE
  5
5C1
330
5BD
100
AcDbEntity
  8
Smart Centers
 62
     0
440
 16777216
 48
0.75
100
AcDbLine
 10
-8.65
 20
0.0
 30
0.0
 11
-2.678906
 21
0.0
 31
0.0
  0
LINE
  5
5C2
330
5BD
100
AcDbEntity
  8
Smart Centers
 62
     0
440
 16777216
 48
0.75
100
AcDbLine
 10
2.678906
 20
0.0
 30
0.0
 11
8.65
 21
0.0
 31
0.0
  0
LINE
  5
5C3
330
5BD
100
AcDbEntity
  8
Smart Centers
 62
     0
440
 16777216
 48
0.75
100
AcDbLine
 10
0.0
 20
-8.65
 30
0.0
 11
0.0
 21
-2.678906
 31
0.0
  0
LINE
  5
5C4
330
5BD
100
AcDbEntity
  8
Smart Centers
 62
     0
440
 16777216
 48
0.75
100
AcDbLine
 10
0.0
 20
2.678906
 30
0.0
 11
0.0
 21
8.65
 31
0.0
  0
ENDBLK
  5
5C5
330
5BD
100
AcDbEntity
  8
0
100
AcDbBlockEnd
  0
BLOCK
  5
5C8
330
5C7
100
AcDbEntity
  8
0
100
AcDbBlockBegin
  2
*U75
 70
     1
 10
0.0
 20
0.0
 30
0.0
  3
*U75
  1

  0
LINE
  5
5C9
330
5C7
100
AcDbEntity
  8
Smart Centers
  6
Continuous
 62
     0
440
 16777216
 48
0.75
100
AcDbLine
 10
-0.892969
 20
0.0
 30
0.0
 11
0.892969
 21
0.0
 31
0.0
  0
LINE
  5
5CA
330
5C7
100
AcDbEntity
  8
Smart Centers
  6
Continuous
 62
     0
440
 16777216
 48
0.75
100
AcDbLine
 10
0.0
 20
-0.892969
 30
0.0
 11
0.0
 21
0.892969
 31
0.0
  0
LINE
  5
5CB
330
5C7
100
AcDbEntity
  8
Smart Centers
 62
     0
440
 16777216
 48
0.75
100
AcDbLine
 10
-8.65
 20
0.0
 30
0.0
 11
-2.678906
 21
0.0
 31
0.0
  0
LINE
  5
5CC
330
5C7
100
AcDbEntity
  8
Smart Centers
 62
     0
440
 16777216
 48
0.75
100
AcDbLine
 10
2.678906
 20
0.0
 30
0.0
 11
8.65
 21
0.0
 31
0.0
  0
LINE
  5
5CD
330
5C7
100
AcDbEntity
  8
Smart Centers
 62
     0
440
 16777216
 48
0.75
100
AcDbLine
 10
0.0
 20
-8.65
 30
0.0
 11
0.0
 21
-2.678906
 31
0.0
  0
LINE
  5
5CE
330
5C7
100
AcDbEntity
  8
Smart Centers
 62
     0
440
 16777216
 48
0.75
100
AcDbLine
 10
0.0
 20
2.678906
 30
0.0
 11
0.0
 21
8.65
 31
0.0
  0
ENDBLK
  5
5CF
330
5C7
100
AcDbEntity
  8
0
100
AcDbBlockEnd
  0
BLOCK
  5
5D2
330
5D1
100
AcDbEntity
  8
0
100
AcDbBlockBegin
  2
*U76
 70
     1
 10
0.0
 20
0.0
 30
0.0
  3
*U76
  1

  0
LINE
  5
5D3
330
5D1
100
AcDbEntity
  8
Smart Centers
  6
Continuous
 62
     0
440
 16777216
 48
0.75
100
AcDbLine
 10
-0.892969
 20
0.0
 30
0.0
 11
0.892969
 21
0.0
 31
0.0
  0
LINE
  5
5D4
330
5D1
100
AcDbEntity
  8
Smart Centers
  6
Continuous
 62
     0
440
 16777216
 48
0.75
100
AcDbLine
 10
0.0
 20
-0.892969
 30
0.0
 11
0.0
 21
0.892969
 31
0.0
  0
LINE
  5
5D5
330
5D1
100
AcDbEntity
  8
Smart Centers
 62
     0
440
 16777216
 48
0.75
100
AcDbLine
 10
-8.65
 20
0.0
 30
0.0
 11
-2.678906
 21
0.0
 31
0.0
  0
LINE
  5
5D6
330
5D1
100
AcDbEntity
  8
Smart Centers
 62
     0
440
 16777216
 48
0.75
100
AcDbLine
 10
2.678906
 20
0.0
 30
0.0
 11
8.65
 21
0.0
 31
0.0
  0
LINE
  5
5D7
330
5D1
100
AcDbEntity
  8
Smart Centers
 62
     0
440
 16777216
 48
0.75
100
AcDbLine
 10
0.0
 20
-8.65
 30
0.0
 11
0.0
 21
-2.678906
 31
0.0
  0
LINE
  5
5D8
330
5D1
100
AcDbEntity
  8
Smart Centers
 62
     0
440
 16777216
 48
0.75
100
AcDbLine
 10
0.0
 20
2.678906
 30
0.0
 11
0.0
 21
8.65
 31
0.0
  0
ENDBLK
  5
5D9
330
5D1
100
AcDbEntity
  8
0
100
AcDbBlockEnd
  0
BLOCK
  5
5DC
330
5DB
100
AcDbEntity
  8
0
100
AcDbBlockBegin
  2
*U77
 70
     1
 10
0.0
 20
0.0
 30
0.0
  3
*U77
  1

  0
LINE
  5
5DD
330
5DB
100
AcDbEntity
  8
Smart Centers
  6
Continuous
 62
     0
440
 16777216
 48
0.75
100
AcDbLine
 10
-0.892969
 20
0.0
 30
0.0
 11
0.892969
 21
0.0
 31
0.0
  0
LINE
  5
5DE
330
5DB
100
AcDbEntity
  8
Smart Centers
  6
Continuous
 62
     0
440
 16777216
 48
0.75
100
AcDbLine
 10
0.0
 20
-0.892969
 30
0.0
 11
0.0
 21
0.892969
 31
0.0
  0
LINE
  5
5DF
330
5DB
100
AcDbEntity
  8
Smart Centers
 62
     0
440
 16777216
 48
0.75
100
AcDbLine
 10
-8.65
 20
0.0
 30
0.0
 11
-2.678906
 21
0.0
 31
0.0
  0
LINE
  5
5E0
330
5DB
100
AcDbEntity
  8
Smart Centers
 62
     0
440
 16777216
 48
0.75
100
AcDbLine
 10
2.678906
 20
0.0
 30
0.0
 11
8.65
 21
0.0
 31
0.0
  0
LINE
  5
5E1
330
5DB
100
AcDbEntity
  8
Smart Centers
 62
     0
440
 16777216
 48
0.75
100
AcDbLine
 10
0.0
 20
-8.65
 30
0.0
 11
0.0
 21
-2.678906
 31
0.0
  0
LINE
  5
5E2
330
5DB
100
AcDbEntity
  8
Smart Centers
 62
     0
440
 16777216
 48
0.75
100
AcDbLine
 10
0.0
 20
2.678906
 30
0.0
 11
0.0
 21
8.65
 31
0.0
  0
ENDBLK
  5
5E3
330
5DB
100
AcDbEntity
  8
0
100
AcDbBlockEnd
  0
BLOCK
  5
5E6
330
5E5
100
AcDbEntity
  8
0
100
AcDbBlockBegin
  2
*U78
 70
     1
 10
0.0
 20
0.0
 30
0.0
  3
*U78
  1

  0
LINE
  5
5E7
330
5E5
100
AcDbEntity
  8
Smart Centers
  6
Continuous
 62
     0
440
 16777216
 48
0.75
100
AcDbLine
 10
-0.892969
 20
0.0
 30
0.0
 11
0.892969
 21
0.0
 31
0.0
  0
LINE
  5
5E8
330
5E5
100
AcDbEntity
  8
Smart Centers
  6
Continuous
 62
     0
440
 16777216
 48
0.75
100
AcDbLine
 10
0.0
 20
-0.892969
 30
0.0
 11
0.0
 21
0.892969
 31
0.0
  0
LINE
  5
5E9
330
5E5
100
AcDbEntity
  8
Smart Centers
 62
     0
440
 16777216
 48
0.75
100
AcDbLine
 10
-8.65
 20
0.0
 30
0.0
 11
-2.678906
 21
0.0
 31
0.0
  0
LINE
  5
5EA
330
5E5
100
AcDbEntity
  8
Smart Centers
 62
     0
440
 16777216
 48
0.75
100
AcDbLine
 10
2.678906
 20
0.0
 30
0.0
 11
8.65
 21
0.0
 31
0.0
  0
LINE
  5
5EB
330
5E5
100
AcDbEntity
  8
Smart Centers
 62
     0
440
 16777216
 48
0.75
100
AcDbLine
 10
0.0
 20
-8.65
 30
0.0
 11
0.0
 21
-2.678906
 31
0.0
  0
LINE
  5
5EC
330
5E5
100
AcDbEntity
  8
Smart Centers
 62
     0
440
 16777216
 48
0.75
100
AcDbLine
 10
0.0
 20
2.678906
 30
0.0
 11
0.0
 21
8.65
 31
0.0
  0
ENDBLK
  5
5ED
330
5E5
100
AcDbEntity
  8
0
100
AcDbBlockEnd
  0
BLOCK
  5
5F0
330
5EF
100
AcDbEntity
  8
0
100
AcDbBlockBegin
  2
*U79
 70
     1
 10
0.0
 20
0.0
 30
0.0
  3
*U79
  1

  0
LINE
  5
5F1
330
5EF
100
AcDbEntity
  8
Smart Centers
  6
Continuous
 62
     0
440
 16777216
 48
0.75
100
AcDbLine
 10
-0.892969
 20
0.0
 30
0.0
 11
0.892969
 21
0.0
 31
0.0
  0
LINE
  5
5F2
330
5EF
100
AcDbEntity
  8
Smart Centers
  6
Continuous
 62
     0
440
 16777216
 48
0.75
100
AcDbLine
 10
0.0
 20
-0.892969
 30
0.0
 11
0.0
 21
0.892969
 31
0.0
  0
LINE
  5
5F3
330
5EF
100
AcDbEntity
  8
Smart Centers
 62
     0
440
 16777216
 48
0.75
100
AcDbLine
 10
-8.65
 20
0.0
 30
0.0
 11
-2.678906
 21
0.0
 31
0.0
  0
LINE
  5
5F4
330
5EF
100
AcDbEntity
  8
Smart Centers
 62
     0
440
 16777216
 48
0.75
100
AcDbLine
 10
2.678906
 20
0.0
 30
0.0
 11
8.65
 21
0.0
 31
0.0
  0
LINE
  5
5F5
330
5EF
100
AcDbEntity
  8
Smart Centers
 62
     0
440
 16777216
 48
0.75
100
AcDbLine
 10
0.0
 20
-8.65
 30
0.0
 11
0.0
 21
-2.678906
 31
0.0
  0
LINE
  5
5F6
330
5EF
100
AcDbEntity
  8
Smart Centers
 62
     0
440
 16777216
 48
0.75
100
AcDbLine
 10
0.0
 20
2.678906
 30
0.0
 11
0.0
 21
8.65
 31
0.0
  0
ENDBLK
  5
5F7
330
5EF
100
AcDbEntity
  8
0
100
AcDbBlockEnd
  0
BLOCK
  5
5FA
330
5F9
100
AcDbEntity
  8
0
100
AcDbBlockBegin
  2
*U80
 70
     1
 10
0.0
 20
0.0
 30
0.0
  3
*U80
  1

  0
LINE
  5
5FB
330
5F9
100
AcDbEntity
  8
Smart Centers
  6
Continuous
 62
     0
440
 16777216
 48
0.75
100
AcDbLine
 10
-0.892969
 20
0.0
 30
0.0
 11
0.892969
 21
0.0
 31
0.0
  0
LINE
  5
5FC
330
5F9
100
AcDbEntity
  8
Smart Centers
  6
Continuous
 62
     0
440
 16777216
 48
0.75
100
AcDbLine
 10
0.0
 20
-0.892969
 30
0.0
 11
0.0
 21
0.892969
 31
0.0
  0
LINE
  5
5FD
330
5F9
100
AcDbEntity
  8
Smart Centers
 62
     0
440
 16777216
 48
0.75
100
AcDbLine
 10
-8.65
 20
0.0
 30
0.0
 11
-2.678906
 21
0.0
 31
0.0
  0
LINE
  5
5FE
330
5F9
100
AcDbEntity
  8
Smart Centers
 62
     0
440
 16777216
 48
0.75
100
AcDbLine
 10
2.678906
 20
0.0
 30
0.0
 11
8.65
 21
0.0
 31
0.0
  0
LINE
  5
5FF
330
5F9
100
AcDbEntity
  8
Smart Centers
 62
     0
440
 16777216
 48
0.75
100
AcDbLine
 10
0.0
 20
-8.65
 30
0.0
 11
0.0
 21
-2.678906
 31
0.0
  0
LINE
  5
600
330
5F9
100
AcDbEntity
  8
Smart Centers
 62
     0
440
 16777216
 48
0.75
100
AcDbLine
 10
0.0
 20
2.678906
 30
0.0
 11
0.0
 21
8.65
 31
0.0
  0
ENDBLK
  5
601
330
5F9
100
AcDbEntity
  8
0
100
AcDbBlockEnd
  0
BLOCK
  5
604
330
603
100
AcDbEntity
  8
0
100
AcDbBlockBegin
  2
*U81
 70
     1
 10
0.0
 20
0.0
 30
0.0
  3
*U81
  1

  0
LINE
  5
605
330
603
100
AcDbEntity
  8
Smart Centers
  6
Continuous
 62
     0
440
 16777216
 48
0.75
100
AcDbLine
 10
-0.892969
 20
0.0
 30
0.0
 11
0.892969
 21
0.0
 31
0.0
  0
LINE
  5
606
330
603
100
AcDbEntity
  8
Smart Centers
  6
Continuous
 62
     0
440
 16777216
 48
0.75
100
AcDbLine
 10
0.0
 20
-0.892969
 30
0.0
 11
0.0
 21
0.892969
 31
0.0
  0
LINE
  5
607
330
603
100
AcDbEntity
  8
Smart Centers
 62
     0
440
 16777216
 48
0.75
100
AcDbLine
 10
-8.65
 20
0.0
 30
0.0
 11
-2.678906
 21
0.0
 31
0.0
  0
LINE
  5
608
330
603
100
AcDbEntity
  8
Smart Centers
 62
     0
440
 16777216
 48
0.75
100
AcDbLine
 10
2.678906
 20
0.0
 30
0.0
 11
8.65
 21
0.0
 31
0.0
  0
LINE
  5
609
330
603
100
AcDbEntity
  8
Smart Centers
 62
     0
440
 16777216
 48
0.75
100
AcDbLine
 10
0.0
 20
-8.65
 30
0.0
 11
0.0
 21
-2.678906
 31
0.0
  0
LINE
  5
60A
330
603
100
AcDbEntity
  8
Smart Centers
 62
     0
440
 16777216
 48
0.75
100
AcDbLine
 10
0.0
 20
2.678906
 30
0.0
 11
0.0
 21
8.65
 31
0.0
  0
ENDBLK
  5
60B
330
603
100
AcDbEntity
  8
0
100
AcDbBlockEnd
  0
BLOCK
  5
60E
330
60D
100
AcDbEntity
  8
0
100
AcDbBlockBegin
  2
*U82
 70
     1
 10
0.0
 20
0.0
 30
0.0
  3
*U82
  1

  0
LINE
  5
60F
330
60D
100
AcDbEntity
  8
Smart Centers
  6
Continuous
 62
     0
440
 16777216
 48
0.75
100
AcDbLine
 10
-0.892969
 20
0.0
 30
0.0
 11
0.892969
 21
0.0
 31
0.0
  0
LINE
  5
610
330
60D
100
AcDbEntity
  8
Smart Centers
  6
Continuous
 62
     0
440
 16777216
 48
0.75
100
AcDbLine
 10
0.0
 20
-0.892969
 30
0.0
 11
0.0
 21
0.892969
 31
0.0
  0
LINE
  5
611
330
60D
100
AcDbEntity
  8
Smart Centers
 62
     0
440
 16777216
 48
0.75
100
AcDbLine
 10
-8.65
 20
0.0
 30
0.0
 11
-2.678906
 21
0.0
 31
0.0
  0
LINE
  5
612
330
60D
100
AcDbEntity
  8
Smart Centers
 62
     0
440
 16777216
 48
0.75
100
AcDbLine
 10
2.678906
 20
0.0
 30
0.0
 11
8.65
 21
0.0
 31
0.0
  0
LINE
  5
613
330
60D
100
AcDbEntity
  8
Smart Centers
 62
     0
440
 16777216
 48
0.75
100
AcDbLine
 10
0.0
 20
-8.65
 30
0.0
 11
0.0
 21
-2.678906
 31
0.0
  0
LINE
  5
614
330
60D
100
AcDbEntity
  8
Smart Centers
 62
     0
440
 16777216
 48
0.75
100
AcDbLine
 10
0.0
 20
2.678906
 30
0.0
 11
0.0
 21
8.65
 31
0.0
  0
ENDBLK
  5
615
330
60D
100
AcDbEntity
  8
0
100
AcDbBlockEnd
  0
BLOCK
  5
618
330
617
100
AcDbEntity
  8
0
100
AcDbBlockBegin
  2
*U83
 70
     1
 10
0.0
 20
0.0
 30
0.0
  3
*U83
  1

  0
LINE
  5
619
330
617
100
AcDbEntity
  8
Smart Centers
  6
Continuous
 62
     0
440
 16777216
 48
0.75
100
AcDbLine
 10
-0.892969
 20
0.0
 30
0.0
 11
0.892969
 21
0.0
 31
0.0
  0
LINE
  5
61A
330
617
100
AcDbEntity
  8
Smart Centers
  6
Continuous
 62
     0
440
 16777216
 48
0.75
100
AcDbLine
 10
0.0
 20
-0.892969
 30
0.0
 11
0.0
 21
0.892969
 31
0.0
  0
LINE
  5
61B
330
617
100
AcDbEntity
  8
Smart Centers
 62
     0
440
 16777216
 48
0.75
100
AcDbLine
 10
-8.65
 20
0.0
 30
0.0
 11
-2.678906
 21
0.0
 31
0.0
  0
LINE
  5
61C
330
617
100
AcDbEntity
  8
Smart Centers
 62
     0
440
 16777216
 48
0.75
100
AcDbLine
 10
2.678906
 20
0.0
 30
0.0
 11
8.65
 21
0.0
 31
0.0
  0
LINE
  5
61D
330
617
100
AcDbEntity
  8
Smart Centers
 62
     0
440
 16777216
 48
0.75
100
AcDbLine
 10
0.0
 20
-8.65
 30
0.0
 11
0.0
 21
-2.678906
 31
0.0
  0
LINE
  5
61E
330
617
100
AcDbEntity
  8
Smart Centers
 62
     0
440
 16777216
 48
0.75
100
AcDbLine
 10
0.0
 20
2.678906
 30
0.0
 11
0.0
 21
8.65
 31
0.0
  0
ENDBLK
  5
61F
330
617
100
AcDbEntity
  8
0
100
AcDbBlockEnd
  0
BLOCK
  5
622
330
621
100
AcDbEntity
  8
0
100
AcDbBlockBegin
  2
*U84
 70
     1
 10
0.0
 20
0.0
 30
0.0
  3
*U84
  1

  0
LINE
  5
623
330
621
100
AcDbEntity
  8
Smart Centers
  6
Continuous
 62
     0
440
 16777216
 48
0.75
100
AcDbLine
 10
-0.892969
 20
0.0
 30
0.0
 11
0.892969
 21
0.0
 31
0.0
  0
LINE
  5
624
330
621
100
AcDbEntity
  8
Smart Centers
  6
Continuous
 62
     0
440
 16777216
 48
0.75
100
AcDbLine
 10
0.0
 20
-0.892969
 30
0.0
 11
0.0
 21
0.892969
 31
0.0
  0
LINE
  5
625
330
621
100
AcDbEntity
  8
Smart Centers
 62
     0
440
 16777216
 48
0.75
100
AcDbLine
 10
-8.65
 20
0.0
 30
0.0
 11
-2.678906
 21
0.0
 31
0.0
  0
LINE
  5
626
330
621
100
AcDbEntity
  8
Smart Centers
 62
     0
440
 16777216
 48
0.75
100
AcDbLine
 10
2.678906
 20
0.0
 30
0.0
 11
8.65
 21
0.0
 31
0.0
  0
LINE
  5
627
330
621
100
AcDbEntity
  8
Smart Centers
 62
     0
440
 16777216
 48
0.75
100
AcDbLine
 10
0.0
 20
-8.65
 30
0.0
 11
0.0
 21
-2.678906
 31
0.0
  0
LINE
  5
628
330
621
100
AcDbEntity
  8
Smart Centers
 62
     0
440
 16777216
 48
0.75
100
AcDbLine
 10
0.0
 20
2.678906
 30
0.0
 11
0.0
 21
8.65
 31
0.0
  0
ENDBLK
  5
629
330
621
100
AcDbEntity
  8
0
100
AcDbBlockEnd
  0
BLOCK
  5
62C
330
62B
100
AcDbEntity
  8
0
100
AcDbBlockBegin
  2
*U85
 70
     1
 10
0.0
 20
0.0
 30
0.0
  3
*U85
  1

  0
LINE
  5
62D
330
62B
100
AcDbEntity
  8
Smart Centers
  6
Continuous
 62
     0
440
 16777216
 48
0.75
100
AcDbLine
 10
-0.892969
 20
0.0
 30
0.0
 11
0.892969
 21
0.0
 31
0.0
  0
LINE
  5
62E
330
62B
100
AcDbEntity
  8
Smart Centers
  6
Continuous
 62
     0
440
 16777216
 48
0.75
100
AcDbLine
 10
0.0
 20
-0.892969
 30
0.0
 11
0.0
 21
0.892969
 31
0.0
  0
LINE
  5
62F
330
62B
100
AcDbEntity
  8
Smart Centers
 62
     0
440
 16777216
 48
0.75
100
AcDbLine
 10
-8.65
 20
0.0
 30
0.0
 11
-2.678906
 21
0.0
 31
0.0
  0
LINE
  5
630
330
62B
100
AcDbEntity
  8
Smart Centers
 62
     0
440
 16777216
 48
0.75
100
AcDbLine
 10
2.678906
 20
0.0
 30
0.0
 11
8.65
 21
0.0
 31
0.0
  0
LINE
  5
631
330
62B
100
AcDbEntity
  8
Smart Centers
 62
     0
440
 16777216
 48
0.75
100
AcDbLine
 10
0.0
 20
-8.65
 30
0.0
 11
0.0
 21
-2.678906
 31
0.0
  0
LINE
  5
632
330
62B
100
AcDbEntity
  8
Smart Centers
 62
     0
440
 16777216
 48
0.75
100
AcDbLine
 10
0.0
 20
2.678906
 30
0.0
 11
0.0
 21
8.65
 31
0.0
  0
ENDBLK
  5
633
330
62B
100
AcDbEntity
  8
0
100
AcDbBlockEnd
  0
BLOCK
  5
636
330
635
100
AcDbEntity
  8
0
100
AcDbBlockBegin
  2
*U86
 70
     1
 10
0.0
 20
0.0
 30
0.0
  3
*U86
  1

  0
LINE
  5
637
330
635
100
AcDbEntity
  8
Smart Centers
  6
Continuous
 62
     0
440
 16777216
 48
0.75
100
AcDbLine
 10
-0.892969
 20
0.0
 30
0.0
 11
0.892969
 21
0.0
 31
0.0
  0
LINE
  5
638
330
635
100
AcDbEntity
  8
Smart Centers
  6
Continuous
 62
     0
440
 16777216
 48
0.75
100
AcDbLine
 10
0.0
 20
-0.892969
 30
0.0
 11
0.0
 21
0.892969
 31
0.0
  0
LINE
  5
639
330
635
100
AcDbEntity
  8
Smart Centers
 62
     0
440
 16777216
 48
0.75
100
AcDbLine
 10
-8.65
 20
0.0
 30
0.0
 11
-2.678906
 21
0.0
 31
0.0
  0
LINE
  5
63A
330
635
100
AcDbEntity
  8
Smart Centers
 62
     0
440
 16777216
 48
0.75
100
AcDbLine
 10
2.678906
 20
0.0
 30
0.0
 11
8.65
 21
0.0
 31
0.0
  0
LINE
  5
63B
330
635
100
AcDbEntity
  8
Smart Centers
 62
     0
440
 16777216
 48
0.75
100
AcDbLine
 10
0.0
 20
-8.65
 30
0.0
 11
0.0
 21
-2.678906
 31
0.0
  0
LINE
  5
63C
330
635
100
AcDbEntity
  8
Smart Centers
 62
     0
440
 16777216
 48
0.75
100
AcDbLine
 10
0.0
 20
2.678906
 30
0.0
 11
0.0
 21
8.65
 31
0.0
  0
ENDBLK
  5
63D
330
635
100
AcDbEntity
  8
0
100
AcDbBlockEnd
  0
BLOCK
  5
640
330
63F
100
AcDbEntity
  8
0
100
AcDbBlockBegin
  2
*U87
 70
     1
 10
0.0
 20
0.0
 30
0.0
  3
*U87
  1

  0
LINE
  5
641
330
63F
100
AcDbEntity
  8
Smart Centers
  6
Continuous
 62
     0
440
 16777216
 48
0.75
100
AcDbLine
 10
-0.892969
 20
0.0
 30
0.0
 11
0.892969
 21
0.0
 31
0.0
  0
LINE
  5
642
330
63F
100
AcDbEntity
  8
Smart Centers
  6
Continuous
 62
     0
440
 16777216
 48
0.75
100
AcDbLine
 10
0.0
 20
-0.892969
 30
0.0
 11
0.0
 21
0.892969
 31
0.0
  0
LINE
  5
643
330
63F
100
AcDbEntity
  8
Smart Centers
 62
     0
440
 16777216
 48
0.75
100
AcDbLine
 10
-8.65
 20
0.0
 30
0.0
 11
-2.678906
 21
0.0
 31
0.0
  0
LINE
  5
644
330
63F
100
AcDbEntity
  8
Smart Centers
 62
     0
440
 16777216
 48
0.75
100
AcDbLine
 10
2.678906
 20
0.0
 30
0.0
 11
8.65
 21
0.0
 31
0.0
  0
LINE
  5
645
330
63F
100
AcDbEntity
  8
Smart Centers
 62
     0
440
 16777216
 48
0.75
100
AcDbLine
 10
0.0
 20
-8.65
 30
0.0
 11
0.0
 21
-2.678906
 31
0.0
  0
LINE
  5
646
330
63F
100
AcDbEntity
  8
Smart Centers
 62
     0
440
 16777216
 48
0.75
100
AcDbLine
 10
0.0
 20
2.678906
 30
0.0
 11
0.0
 21
8.65
 31
0.0
  0
ENDBLK
  5
647
330
63F
100
AcDbEntity
  8
0
100
AcDbBlockEnd
  0
BLOCK
  5
64A
330
649
100
AcDbEntity
  8
0
100
AcDbBlockBegin
  2
*U88
 70
     1
 10
0.0
 20
0.0
 30
0.0
  3
*U88
  1

  0
LINE
  5
64B
330
649
100
AcDbEntity
  8
Smart Centers
  6
Continuous
 62
     0
440
 16777216
 48
0.75
100
AcDbLine
 10
-0.892969
 20
0.0
 30
0.0
 11
0.892969
 21
0.0
 31
0.0
  0
LINE
  5
64C
330
649
100
AcDbEntity
  8
Smart Centers
  6
Continuous
 62
     0
440
 16777216
 48
0.75
100
AcDbLine
 10
0.0
 20
-0.892969
 30
0.0
 11
0.0
 21
0.892969
 31
0.0
  0
LINE
  5
64D
330
649
100
AcDbEntity
  8
Smart Centers
 62
     0
440
 16777216
 48
0.75
100
AcDbLine
 10
-8.65
 20
0.0
 30
0.0
 11
-2.678906
 21
0.0
 31
0.0
  0
LINE
  5
64E
330
649
100
AcDbEntity
  8
Smart Centers
 62
     0
440
 16777216
 48
0.75
100
AcDbLine
 10
2.678906
 20
0.0
 30
0.0
 11
8.65
 21
0.0
 31
0.0
  0
LINE
  5
64F
330
649
100
AcDbEntity
  8
Smart Centers
 62
     0
440
 16777216
 48
0.75
100
AcDbLine
 10
0.0
 20
-8.65
 30
0.0
 11
0.0
 21
-2.678906
 31
0.0
  0
LINE
  5
650
330
649
100
AcDbEntity
  8
Smart Centers
 62
     0
440
 16777216
 48
0.75
100
AcDbLine
 10
0.0
 20
2.678906
 30
0.0
 11
0.0
 21
8.65
 31
0.0
  0
ENDBLK
  5
651
330
649
100
AcDbEntity
  8
0
100
AcDbBlockEnd
  0
BLOCK
  5
654
330
653
100
AcDbEntity
  8
0
100
AcDbBlockBegin
  2
*U89
 70
     1
 10
0.0
 20
0.0
 30
0.0
  3
*U89
  1

  0
LINE
  5
655
330
653
100
AcDbEntity
  8
Smart Centers
  6
Continuous
 62
     0
440
 16777216
 48
0.75
100
AcDbLine
 10
-0.892969
 20
0.0
 30
0.0
 11
0.892969
 21
0.0
 31
0.0
  0
LINE
  5
656
330
653
100
AcDbEntity
  8
Smart Centers
  6
Continuous
 62
     0
440
 16777216
 48
0.75
100
AcDbLine
 10
0.0
 20
-0.892969
 30
0.0
 11
0.0
 21
0.892969
 31
0.0
  0
LINE
  5
657
330
653
100
AcDbEntity
  8
Smart Centers
 62
     0
440
 16777216
 48
0.75
100
AcDbLine
 10
-8.65
 20
0.0
 30
0.0
 11
-2.678906
 21
0.0
 31
0.0
  0
LINE
  5
658
330
653
100
AcDbEntity
  8
Smart Centers
 62
     0
440
 16777216
 48
0.75
100
AcDbLine
 10
2.678906
 20
0.0
 30
0.0
 11
8.65
 21
0.0
 31
0.0
  0
LINE
  5
659
330
653
100
AcDbEntity
  8
Smart Centers
 62
     0
440
 16777216
 48
0.75
100
AcDbLine
 10
0.0
 20
-8.65
 30
0.0
 11
0.0
 21
-2.678906
 31
0.0
  0
LINE
  5
65A
330
653
100
AcDbEntity
  8
Smart Centers
 62
     0
440
 16777216
 48
0.75
100
AcDbLine
 10
0.0
 20
2.678906
 30
0.0
 11
0.0
 21
8.65
 31
0.0
  0
ENDBLK
  5
65B
330
653
100
AcDbEntity
  8
0
100
AcDbBlockEnd
  0
BLOCK
  5
65E
330
65D
100
AcDbEntity
  8
0
100
AcDbBlockBegin
  2
*U90
 70
     1
 10
0.0
 20
0.0
 30
0.0
  3
*U90
  1

  0
LINE
  5
65F
330
65D
100
AcDbEntity
  8
Smart Centers
  6
Continuous
 62
     0
440
 16777216
 48
0.75
100
AcDbLine
 10
-0.892969
 20
0.0
 30
0.0
 11
0.892969
 21
0.0
 31
0.0
  0
LINE
  5
660
330
65D
100
AcDbEntity
  8
Smart Centers
  6
Continuous
 62
     0
440
 16777216
 48
0.75
100
AcDbLine
 10
0.0
 20
-0.892969
 30
0.0
 11
0.0
 21
0.892969
 31
0.0
  0
LINE
  5
661
330
65D
100
AcDbEntity
  8
Smart Centers
 62
     0
440
 16777216
 48
0.75
100
AcDbLine
 10
-8.65
 20
0.0
 30
0.0
 11
-2.678906
 21
0.0
 31
0.0
  0
LINE
  5
662
330
65D
100
AcDbEntity
  8
Smart Centers
 62
     0
440
 16777216
 48
0.75
100
AcDbLine
 10
2.678906
 20
0.0
 30
0.0
 11
8.65
 21
0.0
 31
0.0
  0
LINE
  5
663
330
65D
100
AcDbEntity
  8
Smart Centers
 62
     0
440
 16777216
 48
0.75
100
AcDbLine
 10
0.0
 20
-8.65
 30
0.0
 11
0.0
 21
-2.678906
 31
0.0
  0
LINE
  5
664
330
65D
100
AcDbEntity
  8
Smart Centers
 62
     0
440
 16777216
 48
0.75
100
AcDbLine
 10
0.0
 20
2.678906
 30
0.0
 11
0.0
 21
8.65
 31
0.0
  0
ENDBLK
  5
665
330
65D
100
AcDbEntity
  8
0
100
AcDbBlockEnd
  0
BLOCK
  5
668
330
667
100
AcDbEntity
  8
0
100
AcDbBlockBegin
  2
*U91
 70
     1
 10
0.0
 20
0.0
 30
0.0
  3
*U91
  1

  0
LINE
  5
669
330
667
100
AcDbEntity
  8
Smart Centers
  6
Continuous
 62
     0
440
 16777216
 48
0.75
100
AcDbLine
 10
-0.892969
 20
0.0
 30
0.0
 11
0.892969
 21
0.0
 31
0.0
  0
LINE
  5
66A
330
667
100
AcDbEntity
  8
Smart Centers
  6
Continuous
 62
     0
440
 16777216
 48
0.75
100
AcDbLine
 10
0.0
 20
-0.892969
 30
0.0
 11
0.0
 21
0.892969
 31
0.0
  0
LINE
  5
66B
330
667
100
AcDbEntity
  8
Smart Centers
 62
     0
440
 16777216
 48
0.75
100
AcDbLine
 10
-8.65
 20
0.0
 30
0.0
 11
-2.678906
 21
0.0
 31
0.0
  0
LINE
  5
66C
330
667
100
AcDbEntity
  8
Smart Centers
 62
     0
440
 16777216
 48
0.75
100
AcDbLine
 10
2.678906
 20
0.0
 30
0.0
 11
8.65
 21
0.0
 31
0.0
  0
LINE
  5
66D
330
667
100
AcDbEntity
  8
Smart Centers
 62
     0
440
 16777216
 48
0.75
100
AcDbLine
 10
0.0
 20
-8.65
 30
0.0
 11
0.0
 21
-2.678906
 31
0.0
  0
LINE
  5
66E
330
667
100
AcDbEntity
  8
Smart Centers
 62
     0
440
 16777216
 48
0.75
100
AcDbLine
 10
0.0
 20
2.678906
 30
0.0
 11
0.0
 21
8.65
 31
0.0
  0
ENDBLK
  5
66F
330
667
100
AcDbEntity
  8
0
100
AcDbBlockEnd
  0
BLOCK
  5
672
330
671
100
AcDbEntity
  8
0
100
AcDbBlockBegin
  2
*U92
 70
     1
 10
0.0
 20
0.0
 30
0.0
  3
*U92
  1

  0
LINE
  5
673
330
671
100
AcDbEntity
  8
Smart Centers
  6
Continuous
 62
     0
440
 16777216
 48
0.75
100
AcDbLine
 10
-0.892969
 20
0.0
 30
0.0
 11
0.892969
 21
0.0
 31
0.0
  0
LINE
  5
674
330
671
100
AcDbEntity
  8
Smart Centers
  6
Continuous
 62
     0
440
 16777216
 48
0.75
100
AcDbLine
 10
0.0
 20
-0.892969
 30
0.0
 11
0.0
 21
0.892969
 31
0.0
  0
LINE
  5
675
330
671
100
AcDbEntity
  8
Smart Centers
 62
     0
440
 16777216
 48
0.75
100
AcDbLine
 10
-8.65
 20
0.0
 30
0.0
 11
-2.678906
 21
0.0
 31
0.0
  0
LINE
  5
676
330
671
100
AcDbEntity
  8
Smart Centers
 62
     0
440
 16777216
 48
0.75
100
AcDbLine
 10
2.678906
 20
0.0
 30
0.0
 11
8.65
 21
0.0
 31
0.0
  0
LINE
  5
677
330
671
100
AcDbEntity
  8
Smart Centers
 62
     0
440
 16777216
 48
0.75
100
AcDbLine
 10
0.0
 20
-8.65
 30
0.0
 11
0.0
 21
-2.678906
 31
0.0
  0
LINE
  5
678
330
671
100
AcDbEntity
  8
Smart Centers
 62
     0
440
 16777216
 48
0.75
100
AcDbLine
 10
0.0
 20
2.678906
 30
0.0
 11
0.0
 21
8.65
 31
0.0
  0
ENDBLK
  5
679
330
671
100
AcDbEntity
  8
0
100
AcDbBlockEnd
  0
BLOCK
  5
67C
330
67B
100
AcDbEntity
  8
0
100
AcDbBlockBegin
  2
*U93
 70
     1
 10
0.0
 20
0.0
 30
0.0
  3
*U93
  1

  0
LINE
  5
67D
330
67B
100
AcDbEntity
  8
Smart Centers
  6
Continuous
 62
     0
440
 16777216
 48
0.75
100
AcDbLine
 10
-0.892969
 20
0.0
 30
0.0
 11
0.892969
 21
0.0
 31
0.0
  0
LINE
  5
67E
330
67B
100
AcDbEntity
  8
Smart Centers
  6
Continuous
 62
     0
440
 16777216
 48
0.75
100
AcDbLine
 10
0.0
 20
-0.892969
 30
0.0
 11
0.0
 21
0.892969
 31
0.0
  0
LINE
  5
67F
330
67B
100
AcDbEntity
  8
Smart Centers
 62
     0
440
 16777216
 48
0.75
100
AcDbLine
 10
-8.65
 20
0.0
 30
0.0
 11
-2.678906
 21
0.0
 31
0.0
  0
LINE
  5
680
330
67B
100
AcDbEntity
  8
Smart Centers
 62
     0
440
 16777216
 48
0.75
100
AcDbLine
 10
2.678906
 20
0.0
 30
0.0
 11
8.65
 21
0.0
 31
0.0
  0
LINE
  5
681
330
67B
100
AcDbEntity
  8
Smart Centers
 62
     0
440
 16777216
 48
0.75
100
AcDbLine
 10
0.0
 20
-8.65
 30
0.0
 11
0.0
 21
-2.678906
 31
0.0
  0
LINE
  5
682
330
67B
100
AcDbEntity
  8
Smart Centers
 62
     0
440
 16777216
 48
0.75
100
AcDbLine
 10
0.0
 20
2.678906
 30
0.0
 11
0.0
 21
8.65
 31
0.0
  0
ENDBLK
  5
683
330
67B
100
AcDbEntity
  8
0
100
AcDbBlockEnd
  0
BLOCK
  5
686
330
685
100
AcDbEntity
  8
0
100
AcDbBlockBegin
  2
*U94
 70
     1
 10
0.0
 20
0.0
 30
0.0
  3
*U94
  1

  0
LINE
  5
687
330
685
100
AcDbEntity
  8
Smart Centers
  6
Continuous
 62
     0
440
 16777216
 48
0.75
100
AcDbLine
 10
-0.892969
 20
0.0
 30
0.0
 11
0.892969
 21
0.0
 31
0.0
  0
LINE
  5
688
330
685
100
AcDbEntity
  8
Smart Centers
  6
Continuous
 62
     0
440
 16777216
 48
0.75
100
AcDbLine
 10
0.0
 20
-0.892969
 30
0.0
 11
0.0
 21
0.892969
 31
0.0
  0
LINE
  5
689
330
685
100
AcDbEntity
  8
Smart Centers
 62
     0
440
 16777216
 48
0.75
100
AcDbLine
 10
-8.65
 20
0.0
 30
0.0
 11
-2.678906
 21
0.0
 31
0.0
  0
LINE
  5
68A
330
685
100
AcDbEntity
  8
Smart Centers
 62
     0
440
 16777216
 48
0.75
100
AcDbLine
 10
2.678906
 20
0.0
 30
0.0
 11
8.65
 21
0.0
 31
0.0
  0
LINE
  5
68B
330
685
100
AcDbEntity
  8
Smart Centers
 62
     0
440
 16777216
 48
0.75
100
AcDbLine
 10
0.0
 20
-8.65
 30
0.0
 11
0.0
 21
-2.678906
 31
0.0
  0
LINE
  5
68C
330
685
100
AcDbEntity
  8
Smart Centers
 62
     0
440
 16777216
 48
0.75
100
AcDbLine
 10
0.0
 20
2.678906
 30
0.0
 11
0.0
 21
8.65
 31
0.0
  0
ENDBLK
  5
68D
330
685
100
AcDbEntity
  8
0
100
AcDbBlockEnd
  0
BLOCK
  5
690
330
68F
100
AcDbEntity
  8
0
100
AcDbBlockBegin
  2
*U95
 70
     1
 10
0.0
 20
0.0
 30
0.0
  3
*U95
  1

  0
LINE
  5
691
330
68F
100
AcDbEntity
  8
Smart Centers
  6
Continuous
 62
     0
440
 16777216
 48
0.75
100
AcDbLine
 10
-0.892969
 20
0.0
 30
0.0
 11
0.892969
 21
0.0
 31
0.0
  0
LINE
  5
692
330
68F
100
AcDbEntity
  8
Smart Centers
  6
Continuous
 62
     0
440
 16777216
 48
0.75
100
AcDbLine
 10
0.0
 20
-0.892969
 30
0.0
 11
0.0
 21
0.892969
 31
0.0
  0
LINE
  5
693
330
68F
100
AcDbEntity
  8
Smart Centers
 62
     0
440
 16777216
 48
0.75
100
AcDbLine
 10
-8.65
 20
0.0
 30
0.0
 11
-2.678906
 21
0.0
 31
0.0
  0
LINE
  5
694
330
68F
100
AcDbEntity
  8
Smart Centers
 62
     0
440
 16777216
 48
0.75
100
AcDbLine
 10
2.678906
 20
0.0
 30
0.0
 11
8.65
 21
0.0
 31
0.0
  0
LINE
  5
695
330
68F
100
AcDbEntity
  8
Smart Centers
 62
     0
440
 16777216
 48
0.75
100
AcDbLine
 10
0.0
 20
-8.65
 30
0.0
 11
0.0
 21
-2.678906
 31
0.0
  0
LINE
  5
696
330
68F
100
AcDbEntity
  8
Smart Centers
 62
     0
440
 16777216
 48
0.75
100
AcDbLine
 10
0.0
 20
2.678906
 30
0.0
 11
0.0
 21
8.65
 31
0.0
  0
ENDBLK
  5
697
330
68F
100
AcDbEntity
  8
0
100
AcDbBlockEnd
  0
BLOCK
  5
69A
330
699
100
AcDbEntity
  8
0
100
AcDbBlockBegin
  2
*U96
 70
     1
 10
0.0
 20
0.0
 30
0.0
  3
*U96
  1

  0
LINE
  5
69B
330
699
100
AcDbEntity
  8
Smart Centers
  6
Continuous
 62
     0
440
 16777216
 48
0.75
100
AcDbLine
 10
-0.892969
 20
0.0
 30
0.0
 11
0.892969
 21
0.0
 31
0.0
  0
LINE
  5
69C
330
699
100
AcDbEntity
  8
Smart Centers
  6
Continuous
 62
     0
440
 16777216
 48
0.75
100
AcDbLine
 10
0.0
 20
-0.892969
 30
0.0
 11
0.0
 21
0.892969
 31
0.0
  0
LINE
  5
69D
330
699
100
AcDbEntity
  8
Smart Centers
 62
     0
440
 16777216
 48
0.75
100
AcDbLine
 10
-8.65
 20
0.0
 30
0.0
 11
-2.678906
 21
0.0
 31
0.0
  0
LINE
  5
69E
330
699
100
AcDbEntity
  8
Smart Centers
 62
     0
440
 16777216
 48
0.75
100
AcDbLine
 10
2.678906
 20
0.0
 30
0.0
 11
8.65
 21
0.0
 31
0.0
  0
LINE
  5
69F
330
699
100
AcDbEntity
  8
Smart Centers
 62
     0
440
 16777216
 48
0.75
100
AcDbLine
 10
0.0
 20
-8.65
 30
0.0
 11
0.0
 21
-2.678906
 31
0.0
  0
LINE
  5
6A0
330
699
100
AcDbEntity
  8
Smart Centers
 62
     0
440
 16777216
 48
0.75
100
AcDbLine
 10
0.0
 20
2.678906
 30
0.0
 11
0.0
 21
8.65
 31
0.0
  0
ENDBLK
  5
6A1
330
699
100
AcDbEntity
  8
0
100
AcDbBlockEnd
  0
BLOCK
  5
6A4
330
6A3
100
AcDbEntity
  8
0
100
AcDbBlockBegin
  2
*U97
 70
     1
 10
0.0
 20
0.0
 30
0.0
  3
*U97
  1

  0
LINE
  5
6A5
330
6A3
100
AcDbEntity
  8
Smart Centers
  6
Continuous
 62
     0
440
 16777216
 48
0.75
100
AcDbLine
 10
-0.892969
 20
0.0
 30
0.0
 11
0.892969
 21
0.0
 31
0.0
  0
LINE
  5
6A6
330
6A3
100
AcDbEntity
  8
Smart Centers
  6
Continuous
 62
     0
440
 16777216
 48
0.75
100
AcDbLine
 10
0.0
 20
-0.892969
 30
0.0
 11
0.0
 21
0.892969
 31
0.0
  0
LINE
  5
6A7
330
6A3
100
AcDbEntity
  8
Smart Centers
 62
     0
440
 16777216
 48
0.75
100
AcDbLine
 10
-8.65
 20
0.0
 30
0.0
 11
-2.678906
 21
0.0
 31
0.0
  0
LINE
  5
6A8
330
6A3
100
AcDbEntity
  8
Smart Centers
 62
     0
440
 16777216
 48
0.75
100
AcDbLine
 10
2.678906
 20
0.0
 30
0.0
 11
8.65
 21
0.0
 31
0.0
  0
LINE
  5
6A9
330
6A3
100
AcDbEntity
  8
Smart Centers
 62
     0
440
 16777216
 48
0.75
100
AcDbLine
 10
0.0
 20
-8.65
 30
0.0
 11
0.0
 21
-2.678906
 31
0.0
  0
LINE
  5
6AA
330
6A3
100
AcDbEntity
  8
Smart Centers
 62
     0
440
 16777216
 48
0.75
100
AcDbLine
 10
0.0
 20
2.678906
 30
0.0
 11
0.0
 21
8.65
 31
0.0
  0
ENDBLK
  5
6AB
330
6A3
100
AcDbEntity
  8
0
100
AcDbBlockEnd
  0
BLOCK
  5
6AE
330
6AD
100
AcDbEntity
  8
0
100
AcDbBlockBegin
  2
*U98
 70
     1
 10
0.0
 20
0.0
 30
0.0
  3
*U98
  1

  0
LINE
  5
6AF
330
6AD
100
AcDbEntity
  8
Smart Centers
  6
Continuous
 62
     0
440
 16777216
 48
0.75
100
AcDbLine
 10
-0.892969
 20
0.0
 30
0.0
 11
0.892969
 21
0.0
 31
0.0
  0
LINE
  5
6B0
330
6AD
100
AcDbEntity
  8
Smart Centers
  6
Continuous
 62
     0
440
 16777216
 48
0.75
100
AcDbLine
 10
0.0
 20
-0.892969
 30
0.0
 11
0.0
 21
0.892969
 31
0.0
  0
LINE
  5
6B1
330
6AD
100
AcDbEntity
  8
Smart Centers
 62
     0
440
 16777216
 48
0.75
100
AcDbLine
 10
-8.65
 20
0.0
 30
0.0
 11
-2.678906
 21
0.0
 31
0.0
  0
LINE
  5
6B2
330
6AD
100
AcDbEntity
  8
Smart Centers
 62
     0
440
 16777216
 48
0.75
100
AcDbLine
 10
2.678906
 20
0.0
 30
0.0
 11
8.65
 21
0.0
 31
0.0
  0
LINE
  5
6B3
330
6AD
100
AcDbEntity
  8
Smart Centers
 62
     0
440
 16777216
 48
0.75
100
AcDbLine
 10
0.0
 20
-8.65
 30
0.0
 11
0.0
 21
-2.678906
 31
0.0
  0
LINE
  5
6B4
330
6AD
100
AcDbEntity
  8
Smart Centers
 62
     0
440
 16777216
 48
0.75
100
AcDbLine
 10
0.0
 20
2.678906
 30
0.0
 11
0.0
 21
8.65
 31
0.0
  0
ENDBLK
  5
6B5
330
6AD
100
AcDbEntity
  8
0
100
AcDbBlockEnd
  0
BLOCK
  5
6B8
330
6B7
100
AcDbEntity
  8
0
100
AcDbBlockBegin
  2
*U99
 70
     1
 10
0.0
 20
0.0
 30
0.0
  3
*U99
  1

  0
LINE
  5
6B9
330
6B7
100
AcDbEntity
  8
Smart Centers
  6
Continuous
 62
     0
440
 16777216
 48
0.75
100
AcDbLine
 10
-0.892969
 20
0.0
 30
0.0
 11
0.892969
 21
0.0
 31
0.0
  0
LINE
  5
6BA
330
6B7
100
AcDbEntity
  8
Smart Centers
  6
Continuous
 62
     0
440
 16777216
 48
0.75
100
AcDbLine
 10
0.0
 20
-0.892969
 30
0.0
 11
0.0
 21
0.892969
 31
0.0
  0
LINE
  5
6BB
330
6B7
100
AcDbEntity
  8
Smart Centers
 62
     0
440
 16777216
 48
0.75
100
AcDbLine
 10
-8.65
 20
0.0
 30
0.0
 11
-2.678906
 21
0.0
 31
0.0
  0
LINE
  5
6BC
330
6B7
100
AcDbEntity
  8
Smart Centers
 62
     0
440
 16777216
 48
0.75
100
AcDbLine
 10
2.678906
 20
0.0
 30
0.0
 11
8.65
 21
0.0
 31
0.0
  0
LINE
  5
6BD
330
6B7
100
AcDbEntity
  8
Smart Centers
 62
     0
440
 16777216
 48
0.75
100
AcDbLine
 10
0.0
 20
-8.65
 30
0.0
 11
0.0
 21
-2.678906
 31
0.0
  0
LINE
  5
6BE
330
6B7
100
AcDbEntity
  8
Smart Centers
 62
     0
440
 16777216
 48
0.75
100
AcDbLine
 10
0.0
 20
2.678906
 30
0.0
 11
0.0
 21
8.65
 31
0.0
  0
ENDBLK
  5
6BF
330
6B7
100
AcDbEntity
  8
0
100
AcDbBlockEnd
  0
BLOCK
  5
6C2
330
6C1
100
AcDbEntity
  8
0
100
AcDbBlockBegin
  2
*U100
 70
     1
 10
0.0
 20
0.0
 30
0.0
  3
*U100
  1

  0
LINE
  5
6C3
330
6C1
100
AcDbEntity
  8
Smart Centers
  6
Continuous
 62
     0
440
 16777216
 48
0.75
100
AcDbLine
 10
-0.892969
 20
0.0
 30
0.0
 11
0.892969
 21
0.0
 31
0.0
  0
LINE
  5
6C4
330
6C1
100
AcDbEntity
  8
Smart Centers
  6
Continuous
 62
     0
440
 16777216
 48
0.75
100
AcDbLine
 10
0.0
 20
-0.892969
 30
0.0
 11
0.0
 21
0.892969
 31
0.0
  0
LINE
  5
6C5
330
6C1
100
AcDbEntity
  8
Smart Centers
 62
     0
440
 16777216
 48
0.75
100
AcDbLine
 10
-8.65
 20
0.0
 30
0.0
 11
-2.678906
 21
0.0
 31
0.0
  0
LINE
  5
6C6
330
6C1
100
AcDbEntity
  8
Smart Centers
 62
     0
440
 16777216
 48
0.75
100
AcDbLine
 10
2.678906
 20
0.0
 30
0.0
 11
8.65
 21
0.0
 31
0.0
  0
LINE
  5
6C7
330
6C1
100
AcDbEntity
  8
Smart Centers
 62
     0
440
 16777216
 48
0.75
100
AcDbLine
 10
0.0
 20
-8.65
 30
0.0
 11
0.0
 21
-2.678906
 31
0.0
  0
LINE
  5
6C8
330
6C1
100
AcDbEntity
  8
Smart Centers
 62
     0
440
 16777216
 48
0.75
100
AcDbLine
 10
0.0
 20
2.678906
 30
0.0
 11
0.0
 21
8.65
 31
0.0
  0
ENDBLK
  5
6C9
330
6C1
100
AcDbEntity
  8
0
100
AcDbBlockEnd
  0
BLOCK
  5
6CC
330
6CB
100
AcDbEntity
  8
0
100
AcDbBlockBegin
  2
*U101
 70
     1
 10
0.0
 20
0.0
 30
0.0
  3
*U101
  1

  0
LINE
  5
6CD
330
6CB
100
AcDbEntity
  8
Smart Centers
  6
Continuous
 62
     0
440
 16777216
 48
0.75
100
AcDbLine
 10
-0.892969
 20
0.0
 30
0.0
 11
0.892969
 21
0.0
 31
0.0
  0
LINE
  5
6CE
330
6CB
100
AcDbEntity
  8
Smart Centers
  6
Continuous
 62
     0
440
 16777216
 48
0.75
100
AcDbLine
 10
0.0
 20
-0.892969
 30
0.0
 11
0.0
 21
0.892969
 31
0.0
  0
LINE
  5
6CF
330
6CB
100
AcDbEntity
  8
Smart Centers
 62
     0
440
 16777216
 48
0.75
100
AcDbLine
 10
-8.65
 20
0.0
 30
0.0
 11
-2.678906
 21
0.0
 31
0.0
  0
LINE
  5
6D0
330
6CB
100
AcDbEntity
  8
Smart Centers
 62
     0
440
 16777216
 48
0.75
100
AcDbLine
 10
2.678906
 20
0.0
 30
0.0
 11
8.65
 21
0.0
 31
0.0
  0
LINE
  5
6D1
330
6CB
100
AcDbEntity
  8
Smart Centers
 62
     0
440
 16777216
 48
0.75
100
AcDbLine
 10
0.0
 20
-8.65
 30
0.0
 11
0.0
 21
-2.678906
 31
0.0
  0
LINE
  5
6D2
330
6CB
100
AcDbEntity
  8
Smart Centers
 62
     0
440
 16777216
 48
0.75
100
AcDbLine
 10
0.0
 20
2.678906
 30
0.0
 11
0.0
 21
8.65
 31
0.0
  0
ENDBLK
  5
6D3
330
6CB
100
AcDbEntity
  8
0
100
AcDbBlockEnd
  0
BLOCK
  5
6D6
330
6D5
100
AcDbEntity
  8
0
100
AcDbBlockBegin
  2
*U102
 70
     1
 10
0.0
 20
0.0
 30
0.0
  3
*U102
  1

  0
LINE
  5
6D7
330
6D5
100
AcDbEntity
  8
Smart Centers
  6
Continuous
 62
     0
440
 16777216
 48
0.75
100
AcDbLine
 10
-0.892969
 20
0.0
 30
0.0
 11
0.892969
 21
0.0
 31
0.0
  0
LINE
  5
6D8
330
6D5
100
AcDbEntity
  8
Smart Centers
  6
Continuous
 62
     0
440
 16777216
 48
0.75
100
AcDbLine
 10
0.0
 20
-0.892969
 30
0.0
 11
0.0
 21
0.892969
 31
0.0
  0
LINE
  5
6D9
330
6D5
100
AcDbEntity
  8
Smart Centers
 62
     0
440
 16777216
 48
0.75
100
AcDbLine
 10
-8.65
 20
0.0
 30
0.0
 11
-2.678906
 21
0.0
 31
0.0
  0
LINE
  5
6DA
330
6D5
100
AcDbEntity
  8
Smart Centers
 62
     0
440
 16777216
 48
0.75
100
AcDbLine
 10
2.678906
 20
0.0
 30
0.0
 11
8.65
 21
0.0
 31
0.0
  0
LINE
  5
6DB
330
6D5
100
AcDbEntity
  8
Smart Centers
 62
     0
440
 16777216
 48
0.75
100
AcDbLine
 10
0.0
 20
-8.65
 30
0.0
 11
0.0
 21
-2.678906
 31
0.0
  0
LINE
  5
6DC
330
6D5
100
AcDbEntity
  8
Smart Centers
 62
     0
440
 16777216
 48
0.75
100
AcDbLine
 10
0.0
 20
2.678906
 30
0.0
 11
0.0
 21
8.65
 31
0.0
  0
ENDBLK
  5
6DD
330
6D5
100
AcDbEntity
  8
0
100
AcDbBlockEnd
  0
BLOCK
  5
6E0
330
6DF
100
AcDbEntity
  8
0
100
AcDbBlockBegin
  2
*U103
 70
     1
 10
0.0
 20
0.0
 30
0.0
  3
*U103
  1

  0
LINE
  5
6E1
330
6DF
100
AcDbEntity
  8
Smart Centers
  6
Continuous
 62
     0
440
 16777216
 48
0.75
100
AcDbLine
 10
-0.892969
 20
0.0
 30
0.0
 11
0.892969
 21
0.0
 31
0.0
  0
LINE
  5
6E2
330
6DF
100
AcDbEntity
  8
Smart Centers
  6
Continuous
 62
     0
440
 16777216
 48
0.75
100
AcDbLine
 10
0.0
 20
-0.892969
 30
0.0
 11
0.0
 21
0.892969
 31
0.0
  0
LINE
  5
6E3
330
6DF
100
AcDbEntity
  8
Smart Centers
 62
     0
440
 16777216
 48
0.75
100
AcDbLine
 10
-8.65
 20
0.0
 30
0.0
 11
-2.678906
 21
0.0
 31
0.0
  0
LINE
  5
6E4
330
6DF
100
AcDbEntity
  8
Smart Centers
 62
     0
440
 16777216
 48
0.75
100
AcDbLine
 10
2.678906
 20
0.0
 30
0.0
 11
8.65
 21
0.0
 31
0.0
  0
LINE
  5
6E5
330
6DF
100
AcDbEntity
  8
Smart Centers
 62
     0
440
 16777216
 48
0.75
100
AcDbLine
 10
0.0
 20
-8.65
 30
0.0
 11
0.0
 21
-2.678906
 31
0.0
  0
LINE
  5
6E6
330
6DF
100
AcDbEntity
  8
Smart Centers
 62
     0
440
 16777216
 48
0.75
100
AcDbLine
 10
0.0
 20
2.678906
 30
0.0
 11
0.0
 21
8.65
 31
0.0
  0
ENDBLK
  5
6E7
330
6DF
100
AcDbEntity
  8
0
100
AcDbBlockEnd
  0
BLOCK
  5
6EA
330
6E9
100
AcDbEntity
  8
0
100
AcDbBlockBegin
  2
*U104
 70
     1
 10
0.0
 20
0.0
 30
0.0
  3
*U104
  1

  0
LINE
  5
6EB
330
6E9
100
AcDbEntity
  8
Smart Centers
  6
Continuous
 62
     0
440
 16777216
 48
0.75
100
AcDbLine
 10
-0.892969
 20
0.0
 30
0.0
 11
0.892969
 21
0.0
 31
0.0
  0
LINE
  5
6EC
330
6E9
100
AcDbEntity
  8
Smart Centers
  6
Continuous
 62
     0
440
 16777216
 48
0.75
100
AcDbLine
 10
0.0
 20
-0.892969
 30
0.0
 11
0.0
 21
0.892969
 31
0.0
  0
LINE
  5
6ED
330
6E9
100
AcDbEntity
  8
Smart Centers
 62
     0
440
 16777216
 48
0.75
100
AcDbLine
 10
-8.65
 20
0.0
 30
0.0
 11
-2.678906
 21
0.0
 31
0.0
  0
LINE
  5
6EE
330
6E9
100
AcDbEntity
  8
Smart Centers
 62
     0
440
 16777216
 48
0.75
100
AcDbLine
 10
2.678906
 20
0.0
 30
0.0
 11
8.65
 21
0.0
 31
0.0
  0
LINE
  5
6EF
330
6E9
100
AcDbEntity
  8
Smart Centers
 62
     0
440
 16777216
 48
0.75
100
AcDbLine
 10
0.0
 20
-8.65
 30
0.0
 11
0.0
 21
-2.678906
 31
0.0
  0
LINE
  5
6F0
330
6E9
100
AcDbEntity
  8
Smart Centers
 62
     0
440
 16777216
 48
0.75
100
AcDbLine
 10
0.0
 20
2.678906
 30
0.0
 11
0.0
 21
8.65
 31
0.0
  0
ENDBLK
  5
6F1
330
6E9
100
AcDbEntity
  8
0
100
AcDbBlockEnd
  0
BLOCK
  5
6F4
330
6F3
100
AcDbEntity
  8
0
100
AcDbBlockBegin
  2
*U105
 70
     1
 10
0.0
 20
0.0
 30
0.0
  3
*U105
  1

  0
LINE
  5
6F5
330
6F3
100
AcDbEntity
  8
Smart Centers
  6
Continuous
 62
     0
440
 16777216
 48
0.75
100
AcDbLine
 10
-0.892969
 20
0.0
 30
0.0
 11
0.892969
 21
0.0
 31
0.0
  0
LINE
  5
6F6
330
6F3
100
AcDbEntity
  8
Smart Centers
  6
Continuous
 62
     0
440
 16777216
 48
0.75
100
AcDbLine
 10
0.0
 20
-0.892969
 30
0.0
 11
0.0
 21
0.892969
 31
0.0
  0
LINE
  5
6F7
330
6F3
100
AcDbEntity
  8
Smart Centers
 62
     0
440
 16777216
 48
0.75
100
AcDbLine
 10
-8.65
 20
0.0
 30
0.0
 11
-2.678906
 21
0.0
 31
0.0
  0
LINE
  5
6F8
330
6F3
100
AcDbEntity
  8
Smart Centers
 62
     0
440
 16777216
 48
0.75
100
AcDbLine
 10
2.678906
 20
0.0
 30
0.0
 11
8.65
 21
0.0
 31
0.0
  0
LINE
  5
6F9
330
6F3
100
AcDbEntity
  8
Smart Centers
 62
     0
440
 16777216
 48
0.75
100
AcDbLine
 10
0.0
 20
-8.65
 30
0.0
 11
0.0
 21
-2.678906
 31
0.0
  0
LINE
  5
6FA
330
6F3
100
AcDbEntity
  8
Smart Centers
 62
     0
440
 16777216
 48
0.75
100
AcDbLine
 10
0.0
 20
2.678906
 30
0.0
 11
0.0
 21
8.65
 31
0.0
  0
ENDBLK
  5
6FB
330
6F3
100
AcDbEntity
  8
0
100
AcDbBlockEnd
  0
BLOCK
  5
6FE
330
6FD
100
AcDbEntity
  8
0
100
AcDbBlockBegin
  2
*U106
 70
     1
 10
0.0
 20
0.0
 30
0.0
  3
*U106
  1

  0
LINE
  5
6FF
330
6FD
100
AcDbEntity
  8
Smart Centers
  6
Continuous
 62
     0
440
 16777216
 48
0.75
100
AcDbLine
 10
-0.892969
 20
0.0
 30
0.0
 11
0.892969
 21
0.0
 31
0.0
  0
LINE
  5
700
330
6FD
100
AcDbEntity
  8
Smart Centers
  6
Continuous
 62
     0
440
 16777216
 48
0.75
100
AcDbLine
 10
0.0
 20
-0.892969
 30
0.0
 11
0.0
 21
0.892969
 31
0.0
  0
LINE
  5
701
330
6FD
100
AcDbEntity
  8
Smart Centers
 62
     0
440
 16777216
 48
0.75
100
AcDbLine
 10
-8.65
 20
0.0
 30
0.0
 11
-2.678906
 21
0.0
 31
0.0
  0
LINE
  5
702
330
6FD
100
AcDbEntity
  8
Smart Centers
 62
     0
440
 16777216
 48
0.75
100
AcDbLine
 10
2.678906
 20
0.0
 30
0.0
 11
8.65
 21
0.0
 31
0.0
  0
LINE
  5
703
330
6FD
100
AcDbEntity
  8
Smart Centers
 62
     0
440
 16777216
 48
0.75
100
AcDbLine
 10
0.0
 20
-8.65
 30
0.0
 11
0.0
 21
-2.678906
 31
0.0
  0
LINE
  5
704
330
6FD
100
AcDbEntity
  8
Smart Centers
 62
     0
440
 16777216
 48
0.75
100
AcDbLine
 10
0.0
 20
2.678906
 30
0.0
 11
0.0
 21
8.65
 31
0.0
  0
ENDBLK
  5
705
330
6FD
100
AcDbEntity
  8
0
100
AcDbBlockEnd
  0
BLOCK
  5
708
330
707
100
AcDbEntity
  8
0
100
AcDbBlockBegin
  2
*U107
 70
     1
 10
0.0
 20
0.0
 30
0.0
  3
*U107
  1

  0
LINE
  5
709
330
707
100
AcDbEntity
  8
Smart Centers
  6
Continuous
 62
     0
440
 16777216
 48
0.75
100
AcDbLine
 10
-0.892969
 20
0.0
 30
0.0
 11
0.892969
 21
0.0
 31
0.0
  0
LINE
  5
70A
330
707
100
AcDbEntity
  8
Smart Centers
  6
Continuous
 62
     0
440
 16777216
 48
0.75
100
AcDbLine
 10
0.0
 20
-0.892969
 30
0.0
 11
0.0
 21
0.892969
 31
0.0
  0
LINE
  5
70B
330
707
100
AcDbEntity
  8
Smart Centers
 62
     0
440
 16777216
 48
0.75
100
AcDbLine
 10
-8.65
 20
0.0
 30
0.0
 11
-2.678906
 21
0.0
 31
0.0
  0
LINE
  5
70C
330
707
100
AcDbEntity
  8
Smart Centers
 62
     0
440
 16777216
 48
0.75
100
AcDbLine
 10
2.678906
 20
0.0
 30
0.0
 11
8.65
 21
0.0
 31
0.0
  0
LINE
  5
70D
330
707
100
AcDbEntity
  8
Smart Centers
 62
     0
440
 16777216
 48
0.75
100
AcDbLine
 10
0.0
 20
-8.65
 30
0.0
 11
0.0
 21
-2.678906
 31
0.0
  0
LINE
  5
70E
330
707
100
AcDbEntity
  8
Smart Centers
 62
     0
440
 16777216
 48
0.75
100
AcDbLine
 10
0.0
 20
2.678906
 30
0.0
 11
0.0
 21
8.65
 31
0.0
  0
ENDBLK
  5
70F
330
707
100
AcDbEntity
  8
0
100
AcDbBlockEnd
  0
BLOCK
  5
712
330
711
100
AcDbEntity
  8
0
100
AcDbBlockBegin
  2
*U108
 70
     1
 10
0.0
 20
0.0
 30
0.0
  3
*U108
  1

  0
LINE
  5
713
330
711
100
AcDbEntity
  8
Smart Centers
  6
Continuous
 62
     0
440
 16777216
 48
0.75
100
AcDbLine
 10
-0.892969
 20
0.0
 30
0.0
 11
0.892969
 21
0.0
 31
0.0
  0
LINE
  5
714
330
711
100
AcDbEntity
  8
Smart Centers
  6
Continuous
 62
     0
440
 16777216
 48
0.75
100
AcDbLine
 10
0.0
 20
-0.892969
 30
0.0
 11
0.0
 21
0.892969
 31
0.0
  0
LINE
  5
715
330
711
100
AcDbEntity
  8
Smart Centers
 62
     0
440
 16777216
 48
0.75
100
AcDbLine
 10
-8.65
 20
0.0
 30
0.0
 11
-2.678906
 21
0.0
 31
0.0
  0
LINE
  5
716
330
711
100
AcDbEntity
  8
Smart Centers
 62
     0
440
 16777216
 48
0.75
100
AcDbLine
 10
2.678906
 20
0.0
 30
0.0
 11
8.65
 21
0.0
 31
0.0
  0
LINE
  5
717
330
711
100
AcDbEntity
  8
Smart Centers
 62
     0
440
 16777216
 48
0.75
100
AcDbLine
 10
0.0
 20
-8.65
 30
0.0
 11
0.0
 21
-2.678906
 31
0.0
  0
LINE
  5
718
330
711
100
AcDbEntity
  8
Smart Centers
 62
     0
440
 16777216
 48
0.75
100
AcDbLine
 10
0.0
 20
2.678906
 30
0.0
 11
0.0
 21
8.65
 31
0.0
  0
ENDBLK
  5
719
330
711
100
AcDbEntity
  8
0
100
AcDbBlockEnd
  0
BLOCK
  5
71C
330
71B
100
AcDbEntity
  8
0
100
AcDbBlockBegin
  2
*U109
 70
     1
 10
0.0
 20
0.0
 30
0.0
  3
*U109
  1

  0
LINE
  5
71D
330
71B
100
AcDbEntity
  8
Smart Centers
  6
Continuous
 62
     0
440
 16777216
 48
0.75
100
AcDbLine
 10
-0.892969
 20
0.0
 30
0.0
 11
0.892969
 21
0.0
 31
0.0
  0
LINE
  5
71E
330
71B
100
AcDbEntity
  8
Smart Centers
  6
Continuous
 62
     0
440
 16777216
 48
0.75
100
AcDbLine
 10
0.0
 20
-0.892969
 30
0.0
 11
0.0
 21
0.892969
 31
0.0
  0
LINE
  5
71F
330
71B
100
AcDbEntity
  8
Smart Centers
 62
     0
440
 16777216
 48
0.75
100
AcDbLine
 10
-8.65
 20
0.0
 30
0.0
 11
-2.678906
 21
0.0
 31
0.0
  0
LINE
  5
720
330
71B
100
AcDbEntity
  8
Smart Centers
 62
     0
440
 16777216
 48
0.75
100
AcDbLine
 10
2.678906
 20
0.0
 30
0.0
 11
8.65
 21
0.0
 31
0.0
  0
LINE
  5
721
330
71B
100
AcDbEntity
  8
Smart Centers
 62
     0
440
 16777216
 48
0.75
100
AcDbLine
 10
0.0
 20
-8.65
 30
0.0
 11
0.0
 21
-2.678906
 31
0.0
  0
LINE
  5
722
330
71B
100
AcDbEntity
  8
Smart Centers
 62
     0
440
 16777216
 48
0.75
100
AcDbLine
 10
0.0
 20
2.678906
 30
0.0
 11
0.0
 21
8.65
 31
0.0
  0
ENDBLK
  5
723
330
71B
100
AcDbEntity
  8
0
100
AcDbBlockEnd
  0
BLOCK
  5
726
330
725
100
AcDbEntity
  8
0
100
AcDbBlockBegin
  2
*U110
 70
     1
 10
0.0
 20
0.0
 30
0.0
  3
*U110
  1

  0
LINE
  5
727
330
725
100
AcDbEntity
  8
Smart Centers
  6
Continuous
 62
     0
440
 16777216
 48
0.75
100
AcDbLine
 10
-0.892969
 20
0.0
 30
0.0
 11
0.892969
 21
0.0
 31
0.0
  0
LINE
  5
728
330
725
100
AcDbEntity
  8
Smart Centers
  6
Continuous
 62
     0
440
 16777216
 48
0.75
100
AcDbLine
 10
0.0
 20
-0.892969
 30
0.0
 11
0.0
 21
0.892969
 31
0.0
  0
LINE
  5
729
330
725
100
AcDbEntity
  8
Smart Centers
 62
     0
440
 16777216
 48
0.75
100
AcDbLine
 10
-8.65
 20
0.0
 30
0.0
 11
-2.678906
 21
0.0
 31
0.0
  0
LINE
  5
72A
330
725
100
AcDbEntity
  8
Smart Centers
 62
     0
440
 16777216
 48
0.75
100
AcDbLine
 10
2.678906
 20
0.0
 30
0.0
 11
8.65
 21
0.0
 31
0.0
  0
LINE
  5
72B
330
725
100
AcDbEntity
  8
Smart Centers
 62
     0
440
 16777216
 48
0.75
100
AcDbLine
 10
0.0
 20
-8.65
 30
0.0
 11
0.0
 21
-2.678906
 31
0.0
  0
LINE
  5
72C
330
725
100
AcDbEntity
  8
Smart Centers
 62
     0
440
 16777216
 48
0.75
100
AcDbLine
 10
0.0
 20
2.678906
 30
0.0
 11
0.0
 21
8.65
 31
0.0
  0
ENDBLK
  5
72D
330
725
100
AcDbEntity
  8
0
100
AcDbBlockEnd
  0
BLOCK
  5
730
330
72F
100
AcDbEntity
  8
0
100
AcDbBlockBegin
  2
*U111
 70
     1
 10
0.0
 20
0.0
 30
0.0
  3
*U111
  1

  0
LINE
  5
731
330
72F
100
AcDbEntity
  8
Smart Centers
  6
Continuous
 62
     0
440
 16777216
 48
0.75
100
AcDbLine
 10
-0.892969
 20
0.0
 30
0.0
 11
0.892969
 21
0.0
 31
0.0
  0
LINE
  5
732
330
72F
100
AcDbEntity
  8
Smart Centers
  6
Continuous
 62
     0
440
 16777216
 48
0.75
100
AcDbLine
 10
0.0
 20
-0.892969
 30
0.0
 11
0.0
 21
0.892969
 31
0.0
  0
LINE
  5
733
330
72F
100
AcDbEntity
  8
Smart Centers
 62
     0
440
 16777216
 48
0.75
100
AcDbLine
 10
-8.65
 20
0.0
 30
0.0
 11
-2.678906
 21
0.0
 31
0.0
  0
LINE
  5
734
330
72F
100
AcDbEntity
  8
Smart Centers
 62
     0
440
 16777216
 48
0.75
100
AcDbLine
 10
2.678906
 20
0.0
 30
0.0
 11
8.65
 21
0.0
 31
0.0
  0
LINE
  5
735
330
72F
100
AcDbEntity
  8
Smart Centers
 62
     0
440
 16777216
 48
0.75
100
AcDbLine
 10
0.0
 20
-8.65
 30
0.0
 11
0.0
 21
-2.678906
 31
0.0
  0
LINE
  5
736
330
72F
100
AcDbEntity
  8
Smart Centers
 62
     0
440
 16777216
 48
0.75
100
AcDbLine
 10
0.0
 20
2.678906
 30
0.0
 11
0.0
 21
8.65
 31
0.0
  0
ENDBLK
  5
737
330
72F
100
AcDbEntity
  8
0
100
AcDbBlockEnd
  0
BLOCK
  5
73A
330
739
100
AcDbEntity
  8
0
100
AcDbBlockBegin
  2
*U112
 70
     1
 10
0.0
 20
0.0
 30
0.0
  3
*U112
  1

  0
LINE
  5
73B
330
739
100
AcDbEntity
  8
Smart Centers
  6
Continuous
 62
     0
440
 16777216
 48
0.75
100
AcDbLine
 10
-0.892969
 20
0.0
 30
0.0
 11
0.892969
 21
0.0
 31
0.0
  0
LINE
  5
73C
330
739
100
AcDbEntity
  8
Smart Centers
  6
Continuous
 62
     0
440
 16777216
 48
0.75
100
AcDbLine
 10
0.0
 20
-0.892969
 30
0.0
 11
0.0
 21
0.892969
 31
0.0
  0
LINE
  5
73D
330
739
100
AcDbEntity
  8
Smart Centers
 62
     0
440
 16777216
 48
0.75
100
AcDbLine
 10
-8.65
 20
0.0
 30
0.0
 11
-2.678906
 21
0.0
 31
0.0
  0
LINE
  5
73E
330
739
100
AcDbEntity
  8
Smart Centers
 62
     0
440
 16777216
 48
0.75
100
AcDbLine
 10
2.678906
 20
0.0
 30
0.0
 11
8.65
 21
0.0
 31
0.0
  0
LINE
  5
73F
330
739
100
AcDbEntity
  8
Smart Centers
 62
     0
440
 16777216
 48
0.75
100
AcDbLine
 10
0.0
 20
-8.65
 30
0.0
 11
0.0
 21
-2.678906
 31
0.0
  0
LINE
  5
740
330
739
100
AcDbEntity
  8
Smart Centers
 62
     0
440
 16777216
 48
0.75
100
AcDbLine
 10
0.0
 20
2.678906
 30
0.0
 11
0.0
 21
8.65
 31
0.0
  0
ENDBLK
  5
741
330
739
100
AcDbEntity
  8
0
100
AcDbBlockEnd
  0
BLOCK
  5
744
330
743
100
AcDbEntity
  8
0
100
AcDbBlockBegin
  2
*U113
 70
     1
 10
0.0
 20
0.0
 30
0.0
  3
*U113
  1

  0
LINE
  5
745
330
743
100
AcDbEntity
  8
Smart Centers
  6
Continuous
 62
     0
440
 16777216
 48
0.75
100
AcDbLine
 10
-0.892969
 20
0.0
 30
0.0
 11
0.892969
 21
0.0
 31
0.0
  0
LINE
  5
746
330
743
100
AcDbEntity
  8
Smart Centers
  6
Continuous
 62
     0
440
 16777216
 48
0.75
100
AcDbLine
 10
0.0
 20
-0.892969
 30
0.0
 11
0.0
 21
0.892969
 31
0.0
  0
LINE
  5
747
330
743
100
AcDbEntity
  8
Smart Centers
 62
     0
440
 16777216
 48
0.75
100
AcDbLine
 10
-8.65
 20
0.0
 30
0.0
 11
-2.678906
 21
0.0
 31
0.0
  0
LINE
  5
748
330
743
100
AcDbEntity
  8
Smart Centers
 62
     0
440
 16777216
 48
0.75
100
AcDbLine
 10
2.678906
 20
0.0
 30
0.0
 11
8.65
 21
0.0
 31
0.0
  0
LINE
  5
749
330
743
100
AcDbEntity
  8
Smart Centers
 62
     0
440
 16777216
 48
0.75
100
AcDbLine
 10
0.0
 20
-8.65
 30
0.0
 11
0.0
 21
-2.678906
 31
0.0
  0
LINE
  5
74A
330
743
100
AcDbEntity
  8
Smart Centers
 62
     0
440
 16777216
 48
0.75
100
AcDbLine
 10
0.0
 20
2.678906
 30
0.0
 11
0.0
 21
8.65
 31
0.0
  0
ENDBLK
  5
74B
330
743
100
AcDbEntity
  8
0
100
AcDbBlockEnd
  0
BLOCK
  5
74E
330
74D
100
AcDbEntity
  8
0
100
AcDbBlockBegin
  2
*U114
 70
     1
 10
0.0
 20
0.0
 30
0.0
  3
*U114
  1

  0
LINE
  5
74F
330
74D
100
AcDbEntity
  8
Smart Centers
  6
Continuous
 62
     0
440
 16777216
 48
0.75
100
AcDbLine
 10
-0.892969
 20
0.0
 30
0.0
 11
0.892969
 21
0.0
 31
0.0
  0
LINE
  5
750
330
74D
100
AcDbEntity
  8
Smart Centers
  6
Continuous
 62
     0
440
 16777216
 48
0.75
100
AcDbLine
 10
0.0
 20
-0.892969
 30
0.0
 11
0.0
 21
0.892969
 31
0.0
  0
LINE
  5
751
330
74D
100
AcDbEntity
  8
Smart Centers
 62
     0
440
 16777216
 48
0.75
100
AcDbLine
 10
-8.65
 20
0.0
 30
0.0
 11
-2.678906
 21
0.0
 31
0.0
  0
LINE
  5
752
330
74D
100
AcDbEntity
  8
Smart Centers
 62
     0
440
 16777216
 48
0.75
100
AcDbLine
 10
2.678906
 20
0.0
 30
0.0
 11
8.65
 21
0.0
 31
0.0
  0
LINE
  5
753
330
74D
100
AcDbEntity
  8
Smart Centers
 62
     0
440
 16777216
 48
0.75
100
AcDbLine
 10
0.0
 20
-8.65
 30
0.0
 11
0.0
 21
-2.678906
 31
0.0
  0
LINE
  5
754
330
74D
100
AcDbEntity
  8
Smart Centers
 62
     0
440
 16777216
 48
0.75
100
AcDbLine
 10
0.0
 20
2.678906
 30
0.0
 11
0.0
 21
8.65
 31
0.0
  0
ENDBLK
  5
755
330
74D
100
AcDbEntity
  8
0
100
AcDbBlockEnd
  0
BLOCK
  5
758
330
757
100
AcDbEntity
  8
0
100
AcDbBlockBegin
  2
*U115
 70
     1
 10
0.0
 20
0.0
 30
0.0
  3
*U115
  1

  0
LINE
  5
759
330
757
100
AcDbEntity
  8
Smart Centers
  6
Continuous
 62
     0
440
 16777216
 48
0.75
100
AcDbLine
 10
-0.892969
 20
0.0
 30
0.0
 11
0.892969
 21
0.0
 31
0.0
  0
LINE
  5
75A
330
757
100
AcDbEntity
  8
Smart Centers
  6
Continuous
 62
     0
440
 16777216
 48
0.75
100
AcDbLine
 10
0.0
 20
-0.892969
 30
0.0
 11
0.0
 21
0.892969
 31
0.0
  0
LINE
  5
75B
330
757
100
AcDbEntity
  8
Smart Centers
 62
     0
440
 16777216
 48
0.75
100
AcDbLine
 10
-8.65
 20
0.0
 30
0.0
 11
-2.678906
 21
0.0
 31
0.0
  0
LINE
  5
75C
330
757
100
AcDbEntity
  8
Smart Centers
 62
     0
440
 16777216
 48
0.75
100
AcDbLine
 10
2.678906
 20
0.0
 30
0.0
 11
8.65
 21
0.0
 31
0.0
  0
LINE
  5
75D
330
757
100
AcDbEntity
  8
Smart Centers
 62
     0
440
 16777216
 48
0.75
100
AcDbLine
 10
0.0
 20
-8.65
 30
0.0
 11
0.0
 21
-2.678906
 31
0.0
  0
LINE
  5
75E
330
757
100
AcDbEntity
  8
Smart Centers
 62
     0
440
 16777216
 48
0.75
100
AcDbLine
 10
0.0
 20
2.678906
 30
0.0
 11
0.0
 21
8.65
 31
0.0
  0
ENDBLK
  5
75F
330
757
100
AcDbEntity
  8
0
100
AcDbBlockEnd
  0
BLOCK
  5
762
330
761
100
AcDbEntity
  8
0
100
AcDbBlockBegin
  2
*U116
 70
     1
 10
0.0
 20
0.0
 30
0.0
  3
*U116
  1

  0
LINE
  5
763
330
761
100
AcDbEntity
  8
Smart Centers
  6
Continuous
 62
     0
440
 16777216
 48
0.75
100
AcDbLine
 10
-0.892969
 20
0.0
 30
0.0
 11
0.892969
 21
0.0
 31
0.0
  0
LINE
  5
764
330
761
100
AcDbEntity
  8
Smart Centers
  6
Continuous
 62
     0
440
 16777216
 48
0.75
100
AcDbLine
 10
0.0
 20
-0.892969
 30
0.0
 11
0.0
 21
0.892969
 31
0.0
  0
LINE
  5
765
330
761
100
AcDbEntity
  8
Smart Centers
 62
     0
440
 16777216
 48
0.75
100
AcDbLine
 10
-8.65
 20
0.0
 30
0.0
 11
-2.678906
 21
0.0
 31
0.0
  0
LINE
  5
766
330
761
100
AcDbEntity
  8
Smart Centers
 62
     0
440
 16777216
 48
0.75
100
AcDbLine
 10
2.678906
 20
0.0
 30
0.0
 11
8.65
 21
0.0
 31
0.0
  0
LINE
  5
767
330
761
100
AcDbEntity
  8
Smart Centers
 62
     0
440
 16777216
 48
0.75
100
AcDbLine
 10
0.0
 20
-8.65
 30
0.0
 11
0.0
 21
-2.678906
 31
0.0
  0
LINE
  5
768
330
761
100
AcDbEntity
  8
Smart Centers
 62
     0
440
 16777216
 48
0.75
100
AcDbLine
 10
0.0
 20
2.678906
 30
0.0
 11
0.0
 21
8.65
 31
0.0
  0
ENDBLK
  5
769
330
761
100
AcDbEntity
  8
0
100
AcDbBlockEnd
  0
BLOCK
  5
76C
330
76B
100
AcDbEntity
  8
0
100
AcDbBlockBegin
  2
*U117
 70
     1
 10
0.0
 20
0.0
 30
0.0
  3
*U117
  1

  0
LINE
  5
76D
330
76B
100
AcDbEntity
  8
Smart Centers
  6
Continuous
 62
     0
440
 16777216
 48
0.75
100
AcDbLine
 10
-0.892969
 20
0.0
 30
0.0
 11
0.892969
 21
0.0
 31
0.0
  0
LINE
  5
76E
330
76B
100
AcDbEntity
  8
Smart Centers
  6
Continuous
 62
     0
440
 16777216
 48
0.75
100
AcDbLine
 10
0.0
 20
-0.892969
 30
0.0
 11
0.0
 21
0.892969
 31
0.0
  0
LINE
  5
76F
330
76B
100
AcDbEntity
  8
Smart Centers
 62
     0
440
 16777216
 48
0.75
100
AcDbLine
 10
-8.65
 20
0.0
 30
0.0
 11
-2.678906
 21
0.0
 31
0.0
  0
LINE
  5
770
330
76B
100
AcDbEntity
  8
Smart Centers
 62
     0
440
 16777216
 48
0.75
100
AcDbLine
 10
2.678906
 20
0.0
 30
0.0
 11
8.65
 21
0.0
 31
0.0
  0
LINE
  5
771
330
76B
100
AcDbEntity
  8
Smart Centers
 62
     0
440
 16777216
 48
0.75
100
AcDbLine
 10
0.0
 20
-8.65
 30
0.0
 11
0.0
 21
-2.678906
 31
0.0
  0
LINE
  5
772
330
76B
100
AcDbEntity
  8
Smart Centers
 62
     0
440
 16777216
 48
0.75
100
AcDbLine
 10
0.0
 20
2.678906
 30
0.0
 11
0.0
 21
8.65
 31
0.0
  0
ENDBLK
  5
773
330
76B
100
AcDbEntity
  8
0
100
AcDbBlockEnd
  0
BLOCK
  5
776
330
775
100
AcDbEntity
  8
0
100
AcDbBlockBegin
  2
*U118
 70
     1
 10
0.0
 20
0.0
 30
0.0
  3
*U118
  1

  0
LINE
  5
777
330
775
100
AcDbEntity
  8
Smart Centers
  6
Continuous
 62
     0
440
 16777216
 48
0.75
100
AcDbLine
 10
-0.892969
 20
0.0
 30
0.0
 11
0.892969
 21
0.0
 31
0.0
  0
LINE
  5
778
330
775
100
AcDbEntity
  8
Smart Centers
  6
Continuous
 62
     0
440
 16777216
 48
0.75
100
AcDbLine
 10
0.0
 20
-0.892969
 30
0.0
 11
0.0
 21
0.892969
 31
0.0
  0
LINE
  5
779
330
775
100
AcDbEntity
  8
Smart Centers
 62
     0
440
 16777216
 48
0.75
100
AcDbLine
 10
-8.65
 20
0.0
 30
0.0
 11
-2.678906
 21
0.0
 31
0.0
  0
LINE
  5
77A
330
775
100
AcDbEntity
  8
Smart Centers
 62
     0
440
 16777216
 48
0.75
100
AcDbLine
 10
2.678906
 20
0.0
 30
0.0
 11
8.65
 21
0.0
 31
0.0
  0
LINE
  5
77B
330
775
100
AcDbEntity
  8
Smart Centers
 62
     0
440
 16777216
 48
0.75
100
AcDbLine
 10
0.0
 20
-8.65
 30
0.0
 11
0.0
 21
-2.678906
 31
0.0
  0
LINE
  5
77C
330
775
100
AcDbEntity
  8
Smart Centers
 62
     0
440
 16777216
 48
0.75
100
AcDbLine
 10
0.0
 20
2.678906
 30
0.0
 11
0.0
 21
8.65
 31
0.0
  0
ENDBLK
  5
77D
330
775
100
AcDbEntity
  8
0
100
AcDbBlockEnd
  0
BLOCK
  5
780
330
77F
100
AcDbEntity
  8
0
100
AcDbBlockBegin
  2
*U119
 70
     1
 10
0.0
 20
0.0
 30
0.0
  3
*U119
  1

  0
LINE
  5
781
330
77F
100
AcDbEntity
  8
Smart Centers
  6
Continuous
 62
     0
440
 16777216
 48
0.75
100
AcDbLine
 10
-0.892969
 20
0.0
 30
0.0
 11
0.892969
 21
0.0
 31
0.0
  0
LINE
  5
782
330
77F
100
AcDbEntity
  8
Smart Centers
  6
Continuous
 62
     0
440
 16777216
 48
0.75
100
AcDbLine
 10
0.0
 20
-0.892969
 30
0.0
 11
0.0
 21
0.892969
 31
0.0
  0
LINE
  5
783
330
77F
100
AcDbEntity
  8
Smart Centers
 62
     0
440
 16777216
 48
0.75
100
AcDbLine
 10
-8.65
 20
0.0
 30
0.0
 11
-2.678906
 21
0.0
 31
0.0
  0
LINE
  5
784
330
77F
100
AcDbEntity
  8
Smart Centers
 62
     0
440
 16777216
 48
0.75
100
AcDbLine
 10
2.678906
 20
0.0
 30
0.0
 11
8.65
 21
0.0
 31
0.0
  0
LINE
  5
785
330
77F
100
AcDbEntity
  8
Smart Centers
 62
     0
440
 16777216
 48
0.75
100
AcDbLine
 10
0.0
 20
-8.65
 30
0.0
 11
0.0
 21
-2.678906
 31
0.0
  0
LINE
  5
786
330
77F
100
AcDbEntity
  8
Smart Centers
 62
     0
440
 16777216
 48
0.75
100
AcDbLine
 10
0.0
 20
2.678906
 30
0.0
 11
0.0
 21
8.65
 31
0.0
  0
ENDBLK
  5
787
330
77F
100
AcDbEntity
  8
0
100
AcDbBlockEnd
  0
BLOCK
  5
78A
330
789
100
AcDbEntity
  8
0
100
AcDbBlockBegin
  2
*U120
 70
     1
 10
0.0
 20
0.0
 30
0.0
  3
*U120
  1

  0
LINE
  5
78B
330
789
100
AcDbEntity
  8
Smart Centers
  6
Continuous
 62
     0
440
 16777216
 48
0.75
100
AcDbLine
 10
-0.892969
 20
0.0
 30
0.0
 11
0.892969
 21
0.0
 31
0.0
  0
LINE
  5
78C
330
789
100
AcDbEntity
  8
Smart Centers
  6
Continuous
 62
     0
440
 16777216
 48
0.75
100
AcDbLine
 10
0.0
 20
-0.892969
 30
0.0
 11
0.0
 21
0.892969
 31
0.0
  0
LINE
  5
78D
330
789
100
AcDbEntity
  8
Smart Centers
 62
     0
440
 16777216
 48
0.75
100
AcDbLine
 10
-8.65
 20
0.0
 30
0.0
 11
-2.678906
 21
0.0
 31
0.0
  0
LINE
  5
78E
330
789
100
AcDbEntity
  8
Smart Centers
 62
     0
440
 16777216
 48
0.75
100
AcDbLine
 10
2.678906
 20
0.0
 30
0.0
 11
8.65
 21
0.0
 31
0.0
  0
LINE
  5
78F
330
789
100
AcDbEntity
  8
Smart Centers
 62
     0
440
 16777216
 48
0.75
100
AcDbLine
 10
0.0
 20
-8.65
 30
0.0
 11
0.0
 21
-2.678906
 31
0.0
  0
LINE
  5
790
330
789
100
AcDbEntity
  8
Smart Centers
 62
     0
440
 16777216
 48
0.75
100
AcDbLine
 10
0.0
 20
2.678906
 30
0.0
 11
0.0
 21
8.65
 31
0.0
  0
ENDBLK
  5
791
330
789
100
AcDbEntity
  8
0
100
AcDbBlockEnd
  0
BLOCK
  5
794
330
793
100
AcDbEntity
  8
0
100
AcDbBlockBegin
  2
*U121
 70
     1
 10
0.0
 20
0.0
 30
0.0
  3
*U121
  1

  0
LINE
  5
795
330
793
100
AcDbEntity
  8
Smart Centers
  6
Continuous
 62
     0
440
 16777216
 48
0.75
100
AcDbLine
 10
-0.892969
 20
0.0
 30
0.0
 11
0.892969
 21
0.0
 31
0.0
  0
LINE
  5
796
330
793
100
AcDbEntity
  8
Smart Centers
  6
Continuous
 62
     0
440
 16777216
 48
0.75
100
AcDbLine
 10
0.0
 20
-0.892969
 30
0.0
 11
0.0
 21
0.892969
 31
0.0
  0
LINE
  5
797
330
793
100
AcDbEntity
  8
Smart Centers
 62
     0
440
 16777216
 48
0.75
100
AcDbLine
 10
-8.65
 20
0.0
 30
0.0
 11
-2.678906
 21
0.0
 31
0.0
  0
LINE
  5
798
330
793
100
AcDbEntity
  8
Smart Centers
 62
     0
440
 16777216
 48
0.75
100
AcDbLine
 10
2.678906
 20
0.0
 30
0.0
 11
8.65
 21
0.0
 31
0.0
  0
LINE
  5
799
330
793
100
AcDbEntity
  8
Smart Centers
 62
     0
440
 16777216
 48
0.75
100
AcDbLine
 10
0.0
 20
-8.65
 30
0.0
 11
0.0
 21
-2.678906
 31
0.0
  0
LINE
  5
79A
330
793
100
AcDbEntity
  8
Smart Centers
 62
     0
440
 16777216
 48
0.75
100
AcDbLine
 10
0.0
 20
2.678906
 30
0.0
 11
0.0
 21
8.65
 31
0.0
  0
ENDBLK
  5
79B
330
793
100
AcDbEntity
  8
0
100
AcDbBlockEnd
  0
BLOCK
  5
79E
330
79D
100
AcDbEntity
  8
0
100
AcDbBlockBegin
  2
*U122
 70
     1
 10
0.0
 20
0.0
 30
0.0
  3
*U122
  1

  0
LINE
  5
79F
330
79D
100
AcDbEntity
  8
Smart Centers
  6
Continuous
 62
     0
440
 16777216
 48
0.75
100
AcDbLine
 10
-0.892969
 20
0.0
 30
0.0
 11
0.892969
 21
0.0
 31
0.0
  0
LINE
  5
7A0
330
79D
100
AcDbEntity
  8
Smart Centers
  6
Continuous
 62
     0
440
 16777216
 48
0.75
100
AcDbLine
 10
0.0
 20
-0.892969
 30
0.0
 11
0.0
 21
0.892969
 31
0.0
  0
LINE
  5
7A1
330
79D
100
AcDbEntity
  8
Smart Centers
 62
     0
440
 16777216
 48
0.75
100
AcDbLine
 10
-8.65
 20
0.0
 30
0.0
 11
-2.678906
 21
0.0
 31
0.0
  0
LINE
  5
7A2
330
79D
100
AcDbEntity
  8
Smart Centers
 62
     0
440
 16777216
 48
0.75
100
AcDbLine
 10
2.678906
 20
0.0
 30
0.0
 11
8.65
 21
0.0
 31
0.0
  0
LINE
  5
7A3
330
79D
100
AcDbEntity
  8
Smart Centers
 62
     0
440
 16777216
 48
0.75
100
AcDbLine
 10
0.0
 20
-8.65
 30
0.0
 11
0.0
 21
-2.678906
 31
0.0
  0
LINE
  5
7A4
330
79D
100
AcDbEntity
  8
Smart Centers
 62
     0
440
 16777216
 48
0.75
100
AcDbLine
 10
0.0
 20
2.678906
 30
0.0
 11
0.0
 21
8.65
 31
0.0
  0
ENDBLK
  5
7A5
330
79D
100
AcDbEntity
  8
0
100
AcDbBlockEnd
  0
BLOCK
  5
7A8
330
7A7
100
AcDbEntity
  8
0
100
AcDbBlockBegin
  2
*U123
 70
     1
 10
0.0
 20
0.0
 30
0.0
  3
*U123
  1

  0
LINE
  5
7A9
330
7A7
100
AcDbEntity
  8
Smart Centers
  6
Continuous
 62
     0
440
 16777216
 48
0.75
100
AcDbLine
 10
-0.892969
 20
0.0
 30
0.0
 11
0.892969
 21
0.0
 31
0.0
  0
LINE
  5
7AA
330
7A7
100
AcDbEntity
  8
Smart Centers
  6
Continuous
 62
     0
440
 16777216
 48
0.75
100
AcDbLine
 10
0.0
 20
-0.892969
 30
0.0
 11
0.0
 21
0.892969
 31
0.0
  0
LINE
  5
7AB
330
7A7
100
AcDbEntity
  8
Smart Centers
 62
     0
440
 16777216
 48
0.75
100
AcDbLine
 10
-8.65
 20
0.0
 30
0.0
 11
-2.678906
 21
0.0
 31
0.0
  0
LINE
  5
7AC
330
7A7
100
AcDbEntity
  8
Smart Centers
 62
     0
440
 16777216
 48
0.75
100
AcDbLine
 10
2.678906
 20
0.0
 30
0.0
 11
8.65
 21
0.0
 31
0.0
  0
LINE
  5
7AD
330
7A7
100
AcDbEntity
  8
Smart Centers
 62
     0
440
 16777216
 48
0.75
100
AcDbLine
 10
0.0
 20
-8.65
 30
0.0
 11
0.0
 21
-2.678906
 31
0.0
  0
LINE
  5
7AE
330
7A7
100
AcDbEntity
  8
Smart Centers
 62
     0
440
 16777216
 48
0.75
100
AcDbLine
 10
0.0
 20
2.678906
 30
0.0
 11
0.0
 21
8.65
 31
0.0
  0
ENDBLK
  5
7AF
330
7A7
100
AcDbEntity
  8
0
100
AcDbBlockEnd
  0
BLOCK
  5
7B2
330
7B1
100
AcDbEntity
  8
0
100
AcDbBlockBegin
  2
*U124
 70
     1
 10
0.0
 20
0.0
 30
0.0
  3
*U124
  1

  0
LINE
  5
7B3
330
7B1
100
AcDbEntity
  8
Smart Centers
  6
Continuous
 62
     0
440
 16777216
 48
0.75
100
AcDbLine
 10
-0.892969
 20
0.0
 30
0.0
 11
0.892969
 21
0.0
 31
0.0
  0
LINE
  5
7B4
330
7B1
100
AcDbEntity
  8
Smart Centers
  6
Continuous
 62
     0
440
 16777216
 48
0.75
100
AcDbLine
 10
0.0
 20
-0.892969
 30
0.0
 11
0.0
 21
0.892969
 31
0.0
  0
LINE
  5
7B5
330
7B1
100
AcDbEntity
  8
Smart Centers
 62
     0
440
 16777216
 48
0.75
100
AcDbLine
 10
-8.65
 20
0.0
 30
0.0
 11
-2.678906
 21
0.0
 31
0.0
  0
LINE
  5
7B6
330
7B1
100
AcDbEntity
  8
Smart Centers
 62
     0
440
 16777216
 48
0.75
100
AcDbLine
 10
2.678906
 20
0.0
 30
0.0
 11
8.65
 21
0.0
 31
0.0
  0
LINE
  5
7B7
330
7B1
100
AcDbEntity
  8
Smart Centers
 62
     0
440
 16777216
 48
0.75
100
AcDbLine
 10
0.0
 20
-8.65
 30
0.0
 11
0.0
 21
-2.678906
 31
0.0
  0
LINE
  5
7B8
330
7B1
100
AcDbEntity
  8
Smart Centers
 62
     0
440
 16777216
 48
0.75
100
AcDbLine
 10
0.0
 20
2.678906
 30
0.0
 11
0.0
 21
8.65
 31
0.0
  0
ENDBLK
  5
7B9
330
7B1
100
AcDbEntity
  8
0
100
AcDbBlockEnd
  0
BLOCK
  5
7BC
330
7BB
100
AcDbEntity
  8
0
100
AcDbBlockBegin
  2
*U125
 70
     1
 10
0.0
 20
0.0
 30
0.0
  3
*U125
  1

  0
LINE
  5
7BD
330
7BB
100
AcDbEntity
  8
Smart Centers
  6
Continuous
 62
     0
440
 16777216
 48
0.75
100
AcDbLine
 10
-0.892969
 20
0.0
 30
0.0
 11
0.892969
 21
0.0
 31
0.0
  0
LINE
  5
7BE
330
7BB
100
AcDbEntity
  8
Smart Centers
  6
Continuous
 62
     0
440
 16777216
 48
0.75
100
AcDbLine
 10
0.0
 20
-0.892969
 30
0.0
 11
0.0
 21
0.892969
 31
0.0
  0
LINE
  5
7BF
330
7BB
100
AcDbEntity
  8
Smart Centers
 62
     0
440
 16777216
 48
0.75
100
AcDbLine
 10
-8.65
 20
0.0
 30
0.0
 11
-2.678906
 21
0.0
 31
0.0
  0
LINE
  5
7C0
330
7BB
100
AcDbEntity
  8
Smart Centers
 62
     0
440
 16777216
 48
0.75
100
AcDbLine
 10
2.678906
 20
0.0
 30
0.0
 11
8.65
 21
0.0
 31
0.0
  0
LINE
  5
7C1
330
7BB
100
AcDbEntity
  8
Smart Centers
 62
     0
440
 16777216
 48
0.75
100
AcDbLine
 10
0.0
 20
-8.65
 30
0.0
 11
0.0
 21
-2.678906
 31
0.0
  0
LINE
  5
7C2
330
7BB
100
AcDbEntity
  8
Smart Centers
 62
     0
440
 16777216
 48
0.75
100
AcDbLine
 10
0.0
 20
2.678906
 30
0.0
 11
0.0
 21
8.65
 31
0.0
  0
ENDBLK
  5
7C3
330
7BB
100
AcDbEntity
  8
0
100
AcDbBlockEnd
  0
BLOCK
  5
7C6
330
7C5
100
AcDbEntity
  8
0
100
AcDbBlockBegin
  2
*U126
 70
     1
 10
0.0
 20
0.0
 30
0.0
  3
*U126
  1

  0
LINE
  5
7C7
330
7C5
100
AcDbEntity
  8
Smart Centers
  6
Continuous
 62
     0
440
 16777216
 48
0.75
100
AcDbLine
 10
-0.892969
 20
0.0
 30
0.0
 11
0.892969
 21
0.0
 31
0.0
  0
LINE
  5
7C8
330
7C5
100
AcDbEntity
  8
Smart Centers
  6
Continuous
 62
     0
440
 16777216
 48
0.75
100
AcDbLine
 10
0.0
 20
-0.892969
 30
0.0
 11
0.0
 21
0.892969
 31
0.0
  0
LINE
  5
7C9
330
7C5
100
AcDbEntity
  8
Smart Centers
 62
     0
440
 16777216
 48
0.75
100
AcDbLine
 10
-8.65
 20
0.0
 30
0.0
 11
-2.678906
 21
0.0
 31
0.0
  0
LINE
  5
7CA
330
7C5
100
AcDbEntity
  8
Smart Centers
 62
     0
440
 16777216
 48
0.75
100
AcDbLine
 10
2.678906
 20
0.0
 30
0.0
 11
8.65
 21
0.0
 31
0.0
  0
LINE
  5
7CB
330
7C5
100
AcDbEntity
  8
Smart Centers
 62
     0
440
 16777216
 48
0.75
100
AcDbLine
 10
0.0
 20
-8.65
 30
0.0
 11
0.0
 21
-2.678906
 31
0.0
  0
LINE
  5
7CC
330
7C5
100
AcDbEntity
  8
Smart Centers
 62
     0
440
 16777216
 48
0.75
100
AcDbLine
 10
0.0
 20
2.678906
 30
0.0
 11
0.0
 21
8.65
 31
0.0
  0
ENDBLK
  5
7CD
330
7C5
100
AcDbEntity
  8
0
100
AcDbBlockEnd
  0
BLOCK
  5
7D0
330
7CF
100
AcDbEntity
  8
0
100
AcDbBlockBegin
  2
*U127
 70
     1
 10
0.0
 20
0.0
 30
0.0
  3
*U127
  1

  0
LINE
  5
7D1
330
7CF
100
AcDbEntity
  8
Smart Centers
  6
Continuous
 62
     0
440
 16777216
 48
0.75
100
AcDbLine
 10
-0.892969
 20
0.0
 30
0.0
 11
0.892969
 21
0.0
 31
0.0
  0
LINE
  5
7D2
330
7CF
100
AcDbEntity
  8
Smart Centers
  6
Continuous
 62
     0
440
 16777216
 48
0.75
100
AcDbLine
 10
0.0
 20
-0.892969
 30
0.0
 11
0.0
 21
0.892969
 31
0.0
  0
LINE
  5
7D3
330
7CF
100
AcDbEntity
  8
Smart Centers
 62
     0
440
 16777216
 48
0.75
100
AcDbLine
 10
-8.65
 20
0.0
 30
0.0
 11
-2.678906
 21
0.0
 31
0.0
  0
LINE
  5
7D4
330
7CF
100
AcDbEntity
  8
Smart Centers
 62
     0
440
 16777216
 48
0.75
100
AcDbLine
 10
2.678906
 20
0.0
 30
0.0
 11
8.65
 21
0.0
 31
0.0
  0
LINE
  5
7D5
330
7CF
100
AcDbEntity
  8
Smart Centers
 62
     0
440
 16777216
 48
0.75
100
AcDbLine
 10
0.0
 20
-8.65
 30
0.0
 11
0.0
 21
-2.678906
 31
0.0
  0
LINE
  5
7D6
330
7CF
100
AcDbEntity
  8
Smart Centers
 62
     0
440
 16777216
 48
0.75
100
AcDbLine
 10
0.0
 20
2.678906
 30
0.0
 11
0.0
 21
8.65
 31
0.0
  0
ENDBLK
  5
7D7
330
7CF
100
AcDbEntity
  8
0
100
AcDbBlockEnd
  0
BLOCK
  5
7DA
330
7D9
100
AcDbEntity
  8
0
100
AcDbBlockBegin
  2
*U128
 70
     1
 10
0.0
 20
0.0
 30
0.0
  3
*U128
  1

  0
LINE
  5
7DB
330
7D9
100
AcDbEntity
  8
Smart Centers
  6
Continuous
 62
     0
440
 16777216
 48
0.75
100
AcDbLine
 10
-0.892969
 20
0.0
 30
0.0
 11
0.892969
 21
0.0
 31
0.0
  0
LINE
  5
7DC
330
7D9
100
AcDbEntity
  8
Smart Centers
  6
Continuous
 62
     0
440
 16777216
 48
0.75
100
AcDbLine
 10
0.0
 20
-0.892969
 30
0.0
 11
0.0
 21
0.892969
 31
0.0
  0
LINE
  5
7DD
330
7D9
100
AcDbEntity
  8
Smart Centers
 62
     0
440
 16777216
 48
0.75
100
AcDbLine
 10
-8.65
 20
0.0
 30
0.0
 11
-2.678906
 21
0.0
 31
0.0
  0
LINE
  5
7DE
330
7D9
100
AcDbEntity
  8
Smart Centers
 62
     0
440
 16777216
 48
0.75
100
AcDbLine
 10
2.678906
 20
0.0
 30
0.0
 11
8.65
 21
0.0
 31
0.0
  0
LINE
  5
7DF
330
7D9
100
AcDbEntity
  8
Smart Centers
 62
     0
440
 16777216
 48
0.75
100
AcDbLine
 10
0.0
 20
-8.65
 30
0.0
 11
0.0
 21
-2.678906
 31
0.0
  0
LINE
  5
7E0
330
7D9
100
AcDbEntity
  8
Smart Centers
 62
     0
440
 16777216
 48
0.75
100
AcDbLine
 10
0.0
 20
2.678906
 30
0.0
 11
0.0
 21
8.65
 31
0.0
  0
ENDBLK
  5
7E1
330
7D9
100
AcDbEntity
  8
0
100
AcDbBlockEnd
  0
BLOCK
  5
7E4
330
7E3
100
AcDbEntity
  8
0
100
AcDbBlockBegin
  2
*U129
 70
     1
 10
0.0
 20
0.0
 30
0.0
  3
*U129
  1

  0
LINE
  5
7E5
330
7E3
100
AcDbEntity
  8
Smart Centers
  6
Continuous
 62
     0
440
 16777216
 48
0.75
100
AcDbLine
 10
-0.892969
 20
0.0
 30
0.0
 11
0.892969
 21
0.0
 31
0.0
  0
LINE
  5
7E6
330
7E3
100
AcDbEntity
  8
Smart Centers
  6
Continuous
 62
     0
440
 16777216
 48
0.75
100
AcDbLine
 10
0.0
 20
-0.892969
 30
0.0
 11
0.0
 21
0.892969
 31
0.0
  0
LINE
  5
7E7
330
7E3
100
AcDbEntity
  8
Smart Centers
 62
     0
440
 16777216
 48
0.75
100
AcDbLine
 10
-8.65
 20
0.0
 30
0.0
 11
-2.678906
 21
0.0
 31
0.0
  0
LINE
  5
7E8
330
7E3
100
AcDbEntity
  8
Smart Centers
 62
     0
440
 16777216
 48
0.75
100
AcDbLine
 10
2.678906
 20
0.0
 30
0.0
 11
8.65
 21
0.0
 31
0.0
  0
LINE
  5
7E9
330
7E3
100
AcDbEntity
  8
Smart Centers
 62
     0
440
 16777216
 48
0.75
100
AcDbLine
 10
0.0
 20
-8.65
 30
0.0
 11
0.0
 21
-2.678906
 31
0.0
  0
LINE
  5
7EA
330
7E3
100
AcDbEntity
  8
Smart Centers
 62
     0
440
 16777216
 48
0.75
100
AcDbLine
 10
0.0
 20
2.678906
 30
0.0
 11
0.0
 21
8.65
 31
0.0
  0
ENDBLK
  5
7EB
330
7E3
100
AcDbEntity
  8
0
100
AcDbBlockEnd
  0
BLOCK
  5
7EE
330
7ED
100
AcDbEntity
  8
0
100
AcDbBlockBegin
  2
*U130
 70
     1
 10
0.0
 20
0.0
 30
0.0
  3
*U130
  1

  0
LINE
  5
7EF
330
7ED
100
AcDbEntity
  8
Smart Centers
  6
Continuous
 62
     0
440
 16777216
 48
0.75
100
AcDbLine
 10
-0.892969
 20
0.0
 30
0.0
 11
0.892969
 21
0.0
 31
0.0
  0
LINE
  5
7F0
330
7ED
100
AcDbEntity
  8
Smart Centers
  6
Continuous
 62
     0
440
 16777216
 48
0.75
100
AcDbLine
 10
0.0
 20
-0.892969
 30
0.0
 11
0.0
 21
0.892969
 31
0.0
  0
LINE
  5
7F1
330
7ED
100
AcDbEntity
  8
Smart Centers
 62
     0
440
 16777216
 48
0.75
100
AcDbLine
 10
-8.65
 20
0.0
 30
0.0
 11
-2.678906
 21
0.0
 31
0.0
  0
LINE
  5
7F2
330
7ED
100
AcDbEntity
  8
Smart Centers
 62
     0
440
 16777216
 48
0.75
100
AcDbLine
 10
2.678906
 20
0.0
 30
0.0
 11
8.65
 21
0.0
 31
0.0
  0
LINE
  5
7F3
330
7ED
100
AcDbEntity
  8
Smart Centers
 62
     0
440
 16777216
 48
0.75
100
AcDbLine
 10
0.0
 20
-8.65
 30
0.0
 11
0.0
 21
-2.678906
 31
0.0
  0
LINE
  5
7F4
330
7ED
100
AcDbEntity
  8
Smart Centers
 62
     0
440
 16777216
 48
0.75
100
AcDbLine
 10
0.0
 20
2.678906
 30
0.0
 11
0.0
 21
8.65
 31
0.0
  0
ENDBLK
  5
7F5
330
7ED
100
AcDbEntity
  8
0
100
AcDbBlockEnd
  0
BLOCK
  5
7F8
330
7F7
100
AcDbEntity
  8
0
100
AcDbBlockBegin
  2
*U131
 70
     1
 10
0.0
 20
0.0
 30
0.0
  3
*U131
  1

  0
LINE
  5
7F9
330
7F7
100
AcDbEntity
  8
Smart Centers
  6
Continuous
 62
     0
440
 16777216
 48
0.75
100
AcDbLine
 10
-0.892969
 20
0.0
 30
0.0
 11
0.892969
 21
0.0
 31
0.0
  0
LINE
  5
7FA
330
7F7
100
AcDbEntity
  8
Smart Centers
  6
Continuous
 62
     0
440
 16777216
 48
0.75
100
AcDbLine
 10
0.0
 20
-0.892969
 30
0.0
 11
0.0
 21
0.892969
 31
0.0
  0
LINE
  5
7FB
330
7F7
100
AcDbEntity
  8
Smart Centers
 62
     0
440
 16777216
 48
0.75
100
AcDbLine
 10
-8.65
 20
0.0
 30
0.0
 11
-2.678906
 21
0.0
 31
0.0
  0
LINE
  5
7FC
330
7F7
100
AcDbEntity
  8
Smart Centers
 62
     0
440
 16777216
 48
0.75
100
AcDbLine
 10
2.678906
 20
0.0
 30
0.0
 11
8.65
 21
0.0
 31
0.0
  0
LINE
  5
7FD
330
7F7
100
AcDbEntity
  8
Smart Centers
 62
     0
440
 16777216
 48
0.75
100
AcDbLine
 10
0.0
 20
-8.65
 30
0.0
 11
0.0
 21
-2.678906
 31
0.0
  0
LINE
  5
7FE
330
7F7
100
AcDbEntity
  8
Smart Centers
 62
     0
440
 16777216
 48
0.75
100
AcDbLine
 10
0.0
 20
2.678906
 30
0.0
 11
0.0
 21
8.65
 31
0.0
  0
ENDBLK
  5
7FF
330
7F7
100
AcDbEntity
  8
0
100
AcDbBlockEnd
  0
BLOCK
  5
802
330
801
100
AcDbEntity
  8
0
100
AcDbBlockBegin
  2
*U132
 70
     1
 10
0.0
 20
0.0
 30
0.0
  3
*U132
  1

  0
LINE
  5
803
330
801
100
AcDbEntity
  8
Smart Centers
  6
Continuous
 62
     0
440
 16777216
 48
0.75
100
AcDbLine
 10
-0.892969
 20
0.0
 30
0.0
 11
0.892969
 21
0.0
 31
0.0
  0
LINE
  5
804
330
801
100
AcDbEntity
  8
Smart Centers
  6
Continuous
 62
     0
440
 16777216
 48
0.75
100
AcDbLine
 10
0.0
 20
-0.892969
 30
0.0
 11
0.0
 21
0.892969
 31
0.0
  0
LINE
  5
805
330
801
100
AcDbEntity
  8
Smart Centers
 62
     0
440
 16777216
 48
0.75
100
AcDbLine
 10
-8.65
 20
0.0
 30
0.0
 11
-2.678906
 21
0.0
 31
0.0
  0
LINE
  5
806
330
801
100
AcDbEntity
  8
Smart Centers
 62
     0
440
 16777216
 48
0.75
100
AcDbLine
 10
2.678906
 20
0.0
 30
0.0
 11
8.65
 21
0.0
 31
0.0
  0
LINE
  5
807
330
801
100
AcDbEntity
  8
Smart Centers
 62
     0
440
 16777216
 48
0.75
100
AcDbLine
 10
0.0
 20
-8.65
 30
0.0
 11
0.0
 21
-2.678906
 31
0.0
  0
LINE
  5
808
330
801
100
AcDbEntity
  8
Smart Centers
 62
     0
440
 16777216
 48
0.75
100
AcDbLine
 10
0.0
 20
2.678906
 30
0.0
 11
0.0
 21
8.65
 31
0.0
  0
ENDBLK
  5
809
330
801
100
AcDbEntity
  8
0
100
AcDbBlockEnd
  0
BLOCK
  5
80C
330
80B
100
AcDbEntity
  8
0
100
AcDbBlockBegin
  2
*U133
 70
     1
 10
0.0
 20
0.0
 30
0.0
  3
*U133
  1

  0
LINE
  5
80D
330
80B
100
AcDbEntity
  8
Smart Centers
  6
Continuous
 62
     0
440
 16777216
 48
0.75
100
AcDbLine
 10
-0.892969
 20
0.0
 30
0.0
 11
0.892969
 21
0.0
 31
0.0
  0
LINE
  5
80E
330
80B
100
AcDbEntity
  8
Smart Centers
  6
Continuous
 62
     0
440
 16777216
 48
0.75
100
AcDbLine
 10
0.0
 20
-0.892969
 30
0.0
 11
0.0
 21
0.892969
 31
0.0
  0
LINE
  5
80F
330
80B
100
AcDbEntity
  8
Smart Centers
 62
     0
440
 16777216
 48
0.75
100
AcDbLine
 10
-8.65
 20
0.0
 30
0.0
 11
-2.678906
 21
0.0
 31
0.0
  0
LINE
  5
810
330
80B
100
AcDbEntity
  8
Smart Centers
 62
     0
440
 16777216
 48
0.75
100
AcDbLine
 10
2.678906
 20
0.0
 30
0.0
 11
8.65
 21
0.0
 31
0.0
  0
LINE
  5
811
330
80B
100
AcDbEntity
  8
Smart Centers
 62
     0
440
 16777216
 48
0.75
100
AcDbLine
 10
0.0
 20
-8.65
 30
0.0
 11
0.0
 21
-2.678906
 31
0.0
  0
LINE
  5
812
330
80B
100
AcDbEntity
  8
Smart Centers
 62
     0
440
 16777216
 48
0.75
100
AcDbLine
 10
0.0
 20
2.678906
 30
0.0
 11
0.0
 21
8.65
 31
0.0
  0
ENDBLK
  5
813
330
80B
100
AcDbEntity
  8
0
100
AcDbBlockEnd
  0
BLOCK
  5
816
330
815
100
AcDbEntity
  8
0
100
AcDbBlockBegin
  2
*U134
 70
     1
 10
0.0
 20
0.0
 30
0.0
  3
*U134
  1

  0
LINE
  5
817
330
815
100
AcDbEntity
  8
Smart Centers
  6
Continuous
 62
     0
440
 16777216
 48
0.75
100
AcDbLine
 10
-0.892969
 20
0.0
 30
0.0
 11
0.892969
 21
0.0
 31
0.0
  0
LINE
  5
818
330
815
100
AcDbEntity
  8
Smart Centers
  6
Continuous
 62
     0
440
 16777216
 48
0.75
100
AcDbLine
 10
0.0
 20
-0.892969
 30
0.0
 11
0.0
 21
0.892969
 31
0.0
  0
LINE
  5
819
330
815
100
AcDbEntity
  8
Smart Centers
 62
     0
440
 16777216
 48
0.75
100
AcDbLine
 10
-8.65
 20
0.0
 30
0.0
 11
-2.678906
 21
0.0
 31
0.0
  0
LINE
  5
81A
330
815
100
AcDbEntity
  8
Smart Centers
 62
     0
440
 16777216
 48
0.75
100
AcDbLine
 10
2.678906
 20
0.0
 30
0.0
 11
8.65
 21
0.0
 31
0.0
  0
LINE
  5
81B
330
815
100
AcDbEntity
  8
Smart Centers
 62
     0
440
 16777216
 48
0.75
100
AcDbLine
 10
0.0
 20
-8.65
 30
0.0
 11
0.0
 21
-2.678906
 31
0.0
  0
LINE
  5
81C
330
815
100
AcDbEntity
  8
Smart Centers
 62
     0
440
 16777216
 48
0.75
100
AcDbLine
 10
0.0
 20
2.678906
 30
0.0
 11
0.0
 21
8.65
 31
0.0
  0
ENDBLK
  5
81D
330
815
100
AcDbEntity
  8
0
100
AcDbBlockEnd
  0
BLOCK
  5
820
330
81F
100
AcDbEntity
  8
0
100
AcDbBlockBegin
  2
*U135
 70
     1
 10
0.0
 20
0.0
 30
0.0
  3
*U135
  1

  0
LINE
  5
821
330
81F
100
AcDbEntity
  8
Smart Centers
  6
Continuous
 62
     0
440
 16777216
 48
0.75
100
AcDbLine
 10
-0.892969
 20
0.0
 30
0.0
 11
0.892969
 21
0.0
 31
0.0
  0
LINE
  5
822
330
81F
100
AcDbEntity
  8
Smart Centers
  6
Continuous
 62
     0
440
 16777216
 48
0.75
100
AcDbLine
 10
0.0
 20
-0.892969
 30
0.0
 11
0.0
 21
0.892969
 31
0.0
  0
LINE
  5
823
330
81F
100
AcDbEntity
  8
Smart Centers
 62
     0
440
 16777216
 48
0.75
100
AcDbLine
 10
-8.65
 20
0.0
 30
0.0
 11
-2.678906
 21
0.0
 31
0.0
  0
LINE
  5
824
330
81F
100
AcDbEntity
  8
Smart Centers
 62
     0
440
 16777216
 48
0.75
100
AcDbLine
 10
2.678906
 20
0.0
 30
0.0
 11
8.65
 21
0.0
 31
0.0
  0
LINE
  5
825
330
81F
100
AcDbEntity
  8
Smart Centers
 62
     0
440
 16777216
 48
0.75
100
AcDbLine
 10
0.0
 20
-8.65
 30
0.0
 11
0.0
 21
-2.678906
 31
0.0
  0
LINE
  5
826
330
81F
100
AcDbEntity
  8
Smart Centers
 62
     0
440
 16777216
 48
0.75
100
AcDbLine
 10
0.0
 20
2.678906
 30
0.0
 11
0.0
 21
8.65
 31
0.0
  0
ENDBLK
  5
827
330
81F
100
AcDbEntity
  8
0
100
AcDbBlockEnd
  0
BLOCK
  5
82A
330
829
100
AcDbEntity
  8
0
100
AcDbBlockBegin
  2
*U136
 70
     1
 10
0.0
 20
0.0
 30
0.0
  3
*U136
  1

  0
LINE
  5
82B
330
829
100
AcDbEntity
  8
Smart Centers
  6
Continuous
 62
     0
440
 16777216
 48
0.75
100
AcDbLine
 10
-0.892969
 20
0.0
 30
0.0
 11
0.892969
 21
0.0
 31
0.0
  0
LINE
  5
82C
330
829
100
AcDbEntity
  8
Smart Centers
  6
Continuous
 62
     0
440
 16777216
 48
0.75
100
AcDbLine
 10
0.0
 20
-0.892969
 30
0.0
 11
0.0
 21
0.892969
 31
0.0
  0
LINE
  5
82D
330
829
100
AcDbEntity
  8
Smart Centers
 62
     0
440
 16777216
 48
0.75
100
AcDbLine
 10
-8.65
 20
0.0
 30
0.0
 11
-2.678906
 21
0.0
 31
0.0
  0
LINE
  5
82E
330
829
100
AcDbEntity
  8
Smart Centers
 62
     0
440
 16777216
 48
0.75
100
AcDbLine
 10
2.678906
 20
0.0
 30
0.0
 11
8.65
 21
0.0
 31
0.0
  0
LINE
  5
82F
330
829
100
AcDbEntity
  8
Smart Centers
 62
     0
440
 16777216
 48
0.75
100
AcDbLine
 10
0.0
 20
-8.65
 30
0.0
 11
0.0
 21
-2.678906
 31
0.0
  0
LINE
  5
830
330
829
100
AcDbEntity
  8
Smart Centers
 62
     0
440
 16777216
 48
0.75
100
AcDbLine
 10
0.0
 20
2.678906
 30
0.0
 11
0.0
 21
8.65
 31
0.0
  0
ENDBLK
  5
831
330
829
100
AcDbEntity
  8
0
100
AcDbBlockEnd
  0
BLOCK
  5
834
330
833
100
AcDbEntity
  8
0
100
AcDbBlockBegin
  2
*U137
 70
     1
 10
0.0
 20
0.0
 30
0.0
  3
*U137
  1

  0
LINE
  5
835
330
833
100
AcDbEntity
  8
Smart Centers
  6
Continuous
 62
     0
440
 16777216
 48
0.75
100
AcDbLine
 10
-0.892969
 20
0.0
 30
0.0
 11
0.892969
 21
0.0
 31
0.0
  0
LINE
  5
836
330
833
100
AcDbEntity
  8
Smart Centers
  6
Continuous
 62
     0
440
 16777216
 48
0.75
100
AcDbLine
 10
0.0
 20
-0.892969
 30
0.0
 11
0.0
 21
0.892969
 31
0.0
  0
LINE
  5
837
330
833
100
AcDbEntity
  8
Smart Centers
 62
     0
440
 16777216
 48
0.75
100
AcDbLine
 10
-8.65
 20
0.0
 30
0.0
 11
-2.678906
 21
0.0
 31
0.0
  0
LINE
  5
838
330
833
100
AcDbEntity
  8
Smart Centers
 62
     0
440
 16777216
 48
0.75
100
AcDbLine
 10
2.678906
 20
0.0
 30
0.0
 11
8.65
 21
0.0
 31
0.0
  0
LINE
  5
839
330
833
100
AcDbEntity
  8
Smart Centers
 62
     0
440
 16777216
 48
0.75
100
AcDbLine
 10
0.0
 20
-8.65
 30
0.0
 11
0.0
 21
-2.678906
 31
0.0
  0
LINE
  5
83A
330
833
100
AcDbEntity
  8
Smart Centers
 62
     0
440
 16777216
 48
0.75
100
AcDbLine
 10
0.0
 20
2.678906
 30
0.0
 11
0.0
 21
8.65
 31
0.0
  0
ENDBLK
  5
83B
330
833
100
AcDbEntity
  8
0
100
AcDbBlockEnd
  0
BLOCK
  5
83E
330
83D
100
AcDbEntity
  8
0
100
AcDbBlockBegin
  2
*U138
 70
     1
 10
0.0
 20
0.0
 30
0.0
  3
*U138
  1

  0
LINE
  5
83F
330
83D
100
AcDbEntity
  8
Smart Centers
  6
Continuous
 62
     0
440
 16777216
 48
0.75
100
AcDbLine
 10
-0.892969
 20
0.0
 30
0.0
 11
0.892969
 21
0.0
 31
0.0
  0
LINE
  5
840
330
83D
100
AcDbEntity
  8
Smart Centers
  6
Continuous
 62
     0
440
 16777216
 48
0.75
100
AcDbLine
 10
0.0
 20
-0.892969
 30
0.0
 11
0.0
 21
0.892969
 31
0.0
  0
LINE
  5
841
330
83D
100
AcDbEntity
  8
Smart Centers
 62
     0
440
 16777216
 48
0.75
100
AcDbLine
 10
-8.65
 20
0.0
 30
0.0
 11
-2.678906
 21
0.0
 31
0.0
  0
LINE
  5
842
330
83D
100
AcDbEntity
  8
Smart Centers
 62
     0
440
 16777216
 48
0.75
100
AcDbLine
 10
2.678906
 20
0.0
 30
0.0
 11
8.65
 21
0.0
 31
0.0
  0
LINE
  5
843
330
83D
100
AcDbEntity
  8
Smart Centers
 62
     0
440
 16777216
 48
0.75
100
AcDbLine
 10
0.0
 20
-8.65
 30
0.0
 11
0.0
 21
-2.678906
 31
0.0
  0
LINE
  5
844
330
83D
100
AcDbEntity
  8
Smart Centers
 62
     0
440
 16777216
 48
0.75
100
AcDbLine
 10
0.0
 20
2.678906
 30
0.0
 11
0.0
 21
8.65
 31
0.0
  0
ENDBLK
  5
845
330
83D
100
AcDbEntity
  8
0
100
AcDbBlockEnd
  0
BLOCK
  5
848
330
847
100
AcDbEntity
  8
0
100
AcDbBlockBegin
  2
*U139
 70
     1
 10
0.0
 20
0.0
 30
0.0
  3
*U139
  1

  0
LINE
  5
849
330
847
100
AcDbEntity
  8
Smart Centers
  6
Continuous
 62
     0
440
 16777216
 48
0.75
100
AcDbLine
 10
-0.892969
 20
0.0
 30
0.0
 11
0.892969
 21
0.0
 31
0.0
  0
LINE
  5
84A
330
847
100
AcDbEntity
  8
Smart Centers
  6
Continuous
 62
     0
440
 16777216
 48
0.75
100
AcDbLine
 10
0.0
 20
-0.892969
 30
0.0
 11
0.0
 21
0.892969
 31
0.0
  0
LINE
  5
84B
330
847
100
AcDbEntity
  8
Smart Centers
 62
     0
440
 16777216
 48
0.75
100
AcDbLine
 10
-8.65
 20
0.0
 30
0.0
 11
-2.678906
 21
0.0
 31
0.0
  0
LINE
  5
84C
330
847
100
AcDbEntity
  8
Smart Centers
 62
     0
440
 16777216
 48
0.75
100
AcDbLine
 10
2.678906
 20
0.0
 30
0.0
 11
8.65
 21
0.0
 31
0.0
  0
LINE
  5
84D
330
847
100
AcDbEntity
  8
Smart Centers
 62
     0
440
 16777216
 48
0.75
100
AcDbLine
 10
0.0
 20
-8.65
 30
0.0
 11
0.0
 21
-2.678906
 31
0.0
  0
LINE
  5
84E
330
847
100
AcDbEntity
  8
Smart Centers
 62
     0
440
 16777216
 48
0.75
100
AcDbLine
 10
0.0
 20
2.678906
 30
0.0
 11
0.0
 21
8.65
 31
0.0
  0
ENDBLK
  5
84F
330
847
100
AcDbEntity
  8
0
100
AcDbBlockEnd
  0
BLOCK
  5
852
330
851
100
AcDbEntity
  8
0
100
AcDbBlockBegin
  2
*U140
 70
     1
 10
0.0
 20
0.0
 30
0.0
  3
*U140
  1

  0
LINE
  5
853
330
851
100
AcDbEntity
  8
Smart Centers
  6
Continuous
 62
     0
440
 16777216
 48
0.75
100
AcDbLine
 10
-0.892969
 20
0.0
 30
0.0
 11
0.892969
 21
0.0
 31
0.0
  0
LINE
  5
854
330
851
100
AcDbEntity
  8
Smart Centers
  6
Continuous
 62
     0
440
 16777216
 48
0.75
100
AcDbLine
 10
0.0
 20
-0.892969
 30
0.0
 11
0.0
 21
0.892969
 31
0.0
  0
LINE
  5
855
330
851
100
AcDbEntity
  8
Smart Centers
 62
     0
440
 16777216
 48
0.75
100
AcDbLine
 10
-8.65
 20
0.0
 30
0.0
 11
-2.678906
 21
0.0
 31
0.0
  0
LINE
  5
856
330
851
100
AcDbEntity
  8
Smart Centers
 62
     0
440
 16777216
 48
0.75
100
AcDbLine
 10
2.678906
 20
0.0
 30
0.0
 11
8.65
 21
0.0
 31
0.0
  0
LINE
  5
857
330
851
100
AcDbEntity
  8
Smart Centers
 62
     0
440
 16777216
 48
0.75
100
AcDbLine
 10
0.0
 20
-8.65
 30
0.0
 11
0.0
 21
-2.678906
 31
0.0
  0
LINE
  5
858
330
851
100
AcDbEntity
  8
Smart Centers
 62
     0
440
 16777216
 48
0.75
100
AcDbLine
 10
0.0
 20
2.678906
 30
0.0
 11
0.0
 21
8.65
 31
0.0
  0
ENDBLK
  5
859
330
851
100
AcDbEntity
  8
0
100
AcDbBlockEnd
  0
BLOCK
  5
85C
330
85B
100
AcDbEntity
  8
0
100
AcDbBlockBegin
  2
*U141
 70
     1
 10
0.0
 20
0.0
 30
0.0
  3
*U141
  1

  0
LINE
  5
85D
330
85B
100
AcDbEntity
  8
Smart Centers
  6
Continuous
 62
     0
440
 16777216
 48
0.75
100
AcDbLine
 10
-0.892969
 20
0.0
 30
0.0
 11
0.892969
 21
0.0
 31
0.0
  0
LINE
  5
85E
330
85B
100
AcDbEntity
  8
Smart Centers
  6
Continuous
 62
     0
440
 16777216
 48
0.75
100
AcDbLine
 10
0.0
 20
-0.892969
 30
0.0
 11
0.0
 21
0.892969
 31
0.0
  0
LINE
  5
85F
330
85B
100
AcDbEntity
  8
Smart Centers
 62
     0
440
 16777216
 48
0.75
100
AcDbLine
 10
-8.65
 20
0.0
 30
0.0
 11
-2.678906
 21
0.0
 31
0.0
  0
LINE
  5
860
330
85B
100
AcDbEntity
  8
Smart Centers
 62
     0
440
 16777216
 48
0.75
100
AcDbLine
 10
2.678906
 20
0.0
 30
0.0
 11
8.65
 21
0.0
 31
0.0
  0
LINE
  5
861
330
85B
100
AcDbEntity
  8
Smart Centers
 62
     0
440
 16777216
 48
0.75
100
AcDbLine
 10
0.0
 20
-8.65
 30
0.0
 11
0.0
 21
-2.678906
 31
0.0
  0
LINE
  5
862
330
85B
100
AcDbEntity
  8
Smart Centers
 62
     0
440
 16777216
 48
0.75
100
AcDbLine
 10
0.0
 20
2.678906
 30
0.0
 11
0.0
 21
8.65
 31
0.0
  0
ENDBLK
  5
863
330
85B
100
AcDbEntity
  8
0
100
AcDbBlockEnd
  0
BLOCK
  5
866
330
865
100
AcDbEntity
  8
0
100
AcDbBlockBegin
  2
*U142
 70
     1
 10
0.0
 20
0.0
 30
0.0
  3
*U142
  1

  0
LINE
  5
867
330
865
100
AcDbEntity
  8
Smart Centers
  6
Continuous
 62
     0
440
 16777216
 48
0.75
100
AcDbLine
 10
-0.892969
 20
0.0
 30
0.0
 11
0.892969
 21
0.0
 31
0.0
  0
LINE
  5
868
330
865
100
AcDbEntity
  8
Smart Centers
  6
Continuous
 62
     0
440
 16777216
 48
0.75
100
AcDbLine
 10
0.0
 20
-0.892969
 30
0.0
 11
0.0
 21
0.892969
 31
0.0
  0
LINE
  5
869
330
865
100
AcDbEntity
  8
Smart Centers
 62
     0
440
 16777216
 48
0.75
100
AcDbLine
 10
-8.65
 20
0.0
 30
0.0
 11
-2.678906
 21
0.0
 31
0.0
  0
LINE
  5
86A
330
865
100
AcDbEntity
  8
Smart Centers
 62
     0
440
 16777216
 48
0.75
100
AcDbLine
 10
2.678906
 20
0.0
 30
0.0
 11
8.65
 21
0.0
 31
0.0
  0
LINE
  5
86B
330
865
100
AcDbEntity
  8
Smart Centers
 62
     0
440
 16777216
 48
0.75
100
AcDbLine
 10
0.0
 20
-8.65
 30
0.0
 11
0.0
 21
-2.678906
 31
0.0
  0
LINE
  5
86C
330
865
100
AcDbEntity
  8
Smart Centers
 62
     0
440
 16777216
 48
0.75
100
AcDbLine
 10
0.0
 20
2.678906
 30
0.0
 11
0.0
 21
8.65
 31
0.0
  0
ENDBLK
  5
86D
330
865
100
AcDbEntity
  8
0
100
AcDbBlockEnd
  0
BLOCK
  5
870
330
86F
100
AcDbEntity
  8
0
100
AcDbBlockBegin
  2
*U143
 70
     1
 10
0.0
 20
0.0
 30
0.0
  3
*U143
  1

  0
LINE
  5
871
330
86F
100
AcDbEntity
  8
Smart Centers
  6
Continuous
 62
     0
440
 16777216
 48
0.75
100
AcDbLine
 10
-0.892969
 20
0.0
 30
0.0
 11
0.892969
 21
0.0
 31
0.0
  0
LINE
  5
872
330
86F
100
AcDbEntity
  8
Smart Centers
  6
Continuous
 62
     0
440
 16777216
 48
0.75
100
AcDbLine
 10
0.0
 20
-0.892969
 30
0.0
 11
0.0
 21
0.892969
 31
0.0
  0
LINE
  5
873
330
86F
100
AcDbEntity
  8
Smart Centers
 62
     0
440
 16777216
 48
0.75
100
AcDbLine
 10
-8.65
 20
0.0
 30
0.0
 11
-2.678906
 21
0.0
 31
0.0
  0
LINE
  5
874
330
86F
100
AcDbEntity
  8
Smart Centers
 62
     0
440
 16777216
 48
0.75
100
AcDbLine
 10
2.678906
 20
0.0
 30
0.0
 11
8.65
 21
0.0
 31
0.0
  0
LINE
  5
875
330
86F
100
AcDbEntity
  8
Smart Centers
 62
     0
440
 16777216
 48
0.75
100
AcDbLine
 10
0.0
 20
-8.65
 30
0.0
 11
0.0
 21
-2.678906
 31
0.0
  0
LINE
  5
876
330
86F
100
AcDbEntity
  8
Smart Centers
 62
     0
440
 16777216
 48
0.75
100
AcDbLine
 10
0.0
 20
2.678906
 30
0.0
 11
0.0
 21
8.65
 31
0.0
  0
ENDBLK
  5
877
330
86F
100
AcDbEntity
  8
0
100
AcDbBlockEnd
  0
BLOCK
  5
87A
330
879
100
AcDbEntity
  8
0
100
AcDbBlockBegin
  2
*U144
 70
     1
 10
0.0
 20
0.0
 30
0.0
  3
*U144
  1

  0
LINE
  5
87B
330
879
100
AcDbEntity
  8
Smart Centers
  6
Continuous
 62
     0
440
 16777216
 48
0.75
100
AcDbLine
 10
-0.892969
 20
0.0
 30
0.0
 11
0.892969
 21
0.0
 31
0.0
  0
LINE
  5
87C
330
879
100
AcDbEntity
  8
Smart Centers
  6
Continuous
 62
     0
440
 16777216
 48
0.75
100
AcDbLine
 10
0.0
 20
-0.892969
 30
0.0
 11
0.0
 21
0.892969
 31
0.0
  0
LINE
  5
87D
330
879
100
AcDbEntity
  8
Smart Centers
 62
     0
440
 16777216
 48
0.75
100
AcDbLine
 10
-8.65
 20
0.0
 30
0.0
 11
-2.678906
 21
0.0
 31
0.0
  0
LINE
  5
87E
330
879
100
AcDbEntity
  8
Smart Centers
 62
     0
440
 16777216
 48
0.75
100
AcDbLine
 10
2.678906
 20
0.0
 30
0.0
 11
8.65
 21
0.0
 31
0.0
  0
LINE
  5
87F
330
879
100
AcDbEntity
  8
Smart Centers
 62
     0
440
 16777216
 48
0.75
100
AcDbLine
 10
0.0
 20
-8.65
 30
0.0
 11
0.0
 21
-2.678906
 31
0.0
  0
LINE
  5
880
330
879
100
AcDbEntity
  8
Smart Centers
 62
     0
440
 16777216
 48
0.75
100
AcDbLine
 10
0.0
 20
2.678906
 30
0.0
 11
0.0
 21
8.65
 31
0.0
  0
ENDBLK
  5
881
330
879
100
AcDbEntity
  8
0
100
AcDbBlockEnd
  0
BLOCK
  5
884
330
883
100
AcDbEntity
  8
0
100
AcDbBlockBegin
  2
*U145
 70
     1
 10
0.0
 20
0.0
 30
0.0
  3
*U145
  1

  0
LINE
  5
885
330
883
100
AcDbEntity
  8
Smart Centers
  6
Continuous
 62
     0
440
 16777216
 48
0.75
100
AcDbLine
 10
-0.892969
 20
0.0
 30
0.0
 11
0.892969
 21
0.0
 31
0.0
  0
LINE
  5
886
330
883
100
AcDbEntity
  8
Smart Centers
  6
Continuous
 62
     0
440
 16777216
 48
0.75
100
AcDbLine
 10
0.0
 20
-0.892969
 30
0.0
 11
0.0
 21
0.892969
 31
0.0
  0
LINE
  5
887
330
883
100
AcDbEntity
  8
Smart Centers
 62
     0
440
 16777216
 48
0.75
100
AcDbLine
 10
-8.65
 20
0.0
 30
0.0
 11
-2.678906
 21
0.0
 31
0.0
  0
LINE
  5
888
330
883
100
AcDbEntity
  8
Smart Centers
 62
     0
440
 16777216
 48
0.75
100
AcDbLine
 10
2.678906
 20
0.0
 30
0.0
 11
8.65
 21
0.0
 31
0.0
  0
LINE
  5
889
330
883
100
AcDbEntity
  8
Smart Centers
 62
     0
440
 16777216
 48
0.75
100
AcDbLine
 10
0.0
 20
-8.65
 30
0.0
 11
0.0
 21
-2.678906
 31
0.0
  0
LINE
  5
88A
330
883
100
AcDbEntity
  8
Smart Centers
 62
     0
440
 16777216
 48
0.75
100
AcDbLine
 10
0.0
 20
2.678906
 30
0.0
 11
0.0
 21
8.65
 31
0.0
  0
ENDBLK
  5
88B
330
883
100
AcDbEntity
  8
0
100
AcDbBlockEnd
  0
BLOCK
  5
88E
330
88D
100
AcDbEntity
  8
0
100
AcDbBlockBegin
  2
*U146
 70
     1
 10
0.0
 20
0.0
 30
0.0
  3
*U146
  1

  0
LINE
  5
88F
330
88D
100
AcDbEntity
  8
Smart Centers
  6
Continuous
 62
     0
440
 16777216
 48
0.75
100
AcDbLine
 10
-0.892969
 20
0.0
 30
0.0
 11
0.892969
 21
0.0
 31
0.0
  0
LINE
  5
890
330
88D
100
AcDbEntity
  8
Smart Centers
  6
Continuous
 62
     0
440
 16777216
 48
0.75
100
AcDbLine
 10
0.0
 20
-0.892969
 30
0.0
 11
0.0
 21
0.892969
 31
0.0
  0
LINE
  5
891
330
88D
100
AcDbEntity
  8
Smart Centers
 62
     0
440
 16777216
 48
0.75
100
AcDbLine
 10
-8.65
 20
0.0
 30
0.0
 11
-2.678906
 21
0.0
 31
0.0
  0
LINE
  5
892
330
88D
100
AcDbEntity
  8
Smart Centers
 62
     0
440
 16777216
 48
0.75
100
AcDbLine
 10
2.678906
 20
0.0
 30
0.0
 11
8.65
 21
0.0
 31
0.0
  0
LINE
  5
893
330
88D
100
AcDbEntity
  8
Smart Centers
 62
     0
440
 16777216
 48
0.75
100
AcDbLine
 10
0.0
 20
-8.65
 30
0.0
 11
0.0
 21
-2.678906
 31
0.0
  0
LINE
  5
894
330
88D
100
AcDbEntity
  8
Smart Centers
 62
     0
440
 16777216
 48
0.75
100
AcDbLine
 10
0.0
 20
2.678906
 30
0.0
 11
0.0
 21
8.65
 31
0.0
  0
ENDBLK
  5
895
330
88D
100
AcDbEntity
  8
0
100
AcDbBlockEnd
  0
BLOCK
  5
898
330
897
100
AcDbEntity
  8
0
100
AcDbBlockBegin
  2
*U147
 70
     1
 10
0.0
 20
0.0
 30
0.0
  3
*U147
  1

  0
LINE
  5
899
330
897
100
AcDbEntity
  8
Smart Centers
  6
Continuous
 62
     0
440
 16777216
 48
0.75
100
AcDbLine
 10
-0.892969
 20
0.0
 30
0.0
 11
0.892969
 21
0.0
 31
0.0
  0
LINE
  5
89A
330
897
100
AcDbEntity
  8
Smart Centers
  6
Continuous
 62
     0
440
 16777216
 48
0.75
100
AcDbLine
 10
0.0
 20
-0.892969
 30
0.0
 11
0.0
 21
0.892969
 31
0.0
  0
LINE
  5
89B
330
897
100
AcDbEntity
  8
Smart Centers
 62
     0
440
 16777216
 48
0.75
100
AcDbLine
 10
-8.65
 20
0.0
 30
0.0
 11
-2.678906
 21
0.0
 31
0.0
  0
LINE
  5
89C
330
897
100
AcDbEntity
  8
Smart Centers
 62
     0
440
 16777216
 48
0.75
100
AcDbLine
 10
2.678906
 20
0.0
 30
0.0
 11
8.65
 21
0.0
 31
0.0
  0
LINE
  5
89D
330
897
100
AcDbEntity
  8
Smart Centers
 62
     0
440
 16777216
 48
0.75
100
AcDbLine
 10
0.0
 20
-8.65
 30
0.0
 11
0.0
 21
-2.678906
 31
0.0
  0
LINE
  5
89E
330
897
100
AcDbEntity
  8
Smart Centers
 62
     0
440
 16777216
 48
0.75
100
AcDbLine
 10
0.0
 20
2.678906
 30
0.0
 11
0.0
 21
8.65
 31
0.0
  0
ENDBLK
  5
89F
330
897
100
AcDbEntity
  8
0
100
AcDbBlockEnd
  0
BLOCK
  5
8A2
330
8A1
100
AcDbEntity
  8
0
100
AcDbBlockBegin
  2
*U148
 70
     1
 10
0.0
 20
0.0
 30
0.0
  3
*U148
  1

  0
LINE
  5
8A3
330
8A1
100
AcDbEntity
  8
Smart Centers
  6
Continuous
 62
     0
440
 16777216
 48
0.75
100
AcDbLine
 10
-0.892969
 20
0.0
 30
0.0
 11
0.892969
 21
0.0
 31
0.0
  0
LINE
  5
8A4
330
8A1
100
AcDbEntity
  8
Smart Centers
  6
Continuous
 62
     0
440
 16777216
 48
0.75
100
AcDbLine
 10
0.0
 20
-0.892969
 30
0.0
 11
0.0
 21
0.892969
 31
0.0
  0
LINE
  5
8A5
330
8A1
100
AcDbEntity
  8
Smart Centers
 62
     0
440
 16777216
 48
0.75
100
AcDbLine
 10
-8.65
 20
0.0
 30
0.0
 11
-2.678906
 21
0.0
 31
0.0
  0
LINE
  5
8A6
330
8A1
100
AcDbEntity
  8
Smart Centers
 62
     0
440
 16777216
 48
0.75
100
AcDbLine
 10
2.678906
 20
0.0
 30
0.0
 11
8.65
 21
0.0
 31
0.0
  0
LINE
  5
8A7
330
8A1
100
AcDbEntity
  8
Smart Centers
 62
     0
440
 16777216
 48
0.75
100
AcDbLine
 10
0.0
 20
-8.65
 30
0.0
 11
0.0
 21
-2.678906
 31
0.0
  0
LINE
  5
8A8
330
8A1
100
AcDbEntity
  8
Smart Centers
 62
     0
440
 16777216
 48
0.75
100
AcDbLine
 10
0.0
 20
2.678906
 30
0.0
 11
0.0
 21
8.65
 31
0.0
  0
ENDBLK
  5
8A9
330
8A1
100
AcDbEntity
  8
0
100
AcDbBlockEnd
  0
BLOCK
  5
8AC
330
8AB
100
AcDbEntity
  8
0
100
AcDbBlockBegin
  2
*U149
 70
     1
 10
0.0
 20
0.0
 30
0.0
  3
*U149
  1

  0
LINE
  5
8AD
330
8AB
100
AcDbEntity
  8
Smart Centers
  6
Continuous
 62
     0
440
 16777216
 48
0.75
100
AcDbLine
 10
-0.892969
 20
0.0
 30
0.0
 11
0.892969
 21
0.0
 31
0.0
  0
LINE
  5
8AE
330
8AB
100
AcDbEntity
  8
Smart Centers
  6
Continuous
 62
     0
440
 16777216
 48
0.75
100
AcDbLine
 10
0.0
 20
-0.892969
 30
0.0
 11
0.0
 21
0.892969
 31
0.0
  0
LINE
  5
8AF
330
8AB
100
AcDbEntity
  8
Smart Centers
 62
     0
440
 16777216
 48
0.75
100
AcDbLine
 10
-8.65
 20
0.0
 30
0.0
 11
-2.678906
 21
0.0
 31
0.0
  0
LINE
  5
8B0
330
8AB
100
AcDbEntity
  8
Smart Centers
 62
     0
440
 16777216
 48
0.75
100
AcDbLine
 10
2.678906
 20
0.0
 30
0.0
 11
8.65
 21
0.0
 31
0.0
  0
LINE
  5
8B1
330
8AB
100
AcDbEntity
  8
Smart Centers
 62
     0
440
 16777216
 48
0.75
100
AcDbLine
 10
0.0
 20
-8.65
 30
0.0
 11
0.0
 21
-2.678906
 31
0.0
  0
LINE
  5
8B2
330
8AB
100
AcDbEntity
  8
Smart Centers
 62
     0
440
 16777216
 48
0.75
100
AcDbLine
 10
0.0
 20
2.678906
 30
0.0
 11
0.0
 21
8.65
 31
0.0
  0
ENDBLK
  5
8B3
330
8AB
100
AcDbEntity
  8
0
100
AcDbBlockEnd
  0
BLOCK
  5
8B6
330
8B5
100
AcDbEntity
  8
0
100
AcDbBlockBegin
  2
*U150
 70
     1
 10
0.0
 20
0.0
 30
0.0
  3
*U150
  1

  0
LINE
  5
8B7
330
8B5
100
AcDbEntity
  8
Smart Centers
  6
Continuous
 62
     0
440
 16777216
 48
0.75
100
AcDbLine
 10
-0.892969
 20
0.0
 30
0.0
 11
0.892969
 21
0.0
 31
0.0
  0
LINE
  5
8B8
330
8B5
100
AcDbEntity
  8
Smart Centers
  6
Continuous
 62
     0
440
 16777216
 48
0.75
100
AcDbLine
 10
0.0
 20
-0.892969
 30
0.0
 11
0.0
 21
0.892969
 31
0.0
  0
LINE
  5
8B9
330
8B5
100
AcDbEntity
  8
Smart Centers
 62
     0
440
 16777216
 48
0.75
100
AcDbLine
 10
-8.65
 20
0.0
 30
0.0
 11
-2.678906
 21
0.0
 31
0.0
  0
LINE
  5
8BA
330
8B5
100
AcDbEntity
  8
Smart Centers
 62
     0
440
 16777216
 48
0.75
100
AcDbLine
 10
2.678906
 20
0.0
 30
0.0
 11
8.65
 21
0.0
 31
0.0
  0
LINE
  5
8BB
330
8B5
100
AcDbEntity
  8
Smart Centers
 62
     0
440
 16777216
 48
0.75
100
AcDbLine
 10
0.0
 20
-8.65
 30
0.0
 11
0.0
 21
-2.678906
 31
0.0
  0
LINE
  5
8BC
330
8B5
100
AcDbEntity
  8
Smart Centers
 62
     0
440
 16777216
 48
0.75
100
AcDbLine
 10
0.0
 20
2.678906
 30
0.0
 11
0.0
 21
8.65
 31
0.0
  0
ENDBLK
  5
8BD
330
8B5
100
AcDbEntity
  8
0
100
AcDbBlockEnd
  0
BLOCK
  5
8C0
330
8BF
100
AcDbEntity
  8
0
100
AcDbBlockBegin
  2
*U151
 70
     1
 10
0.0
 20
0.0
 30
0.0
  3
*U151
  1

  0
LINE
  5
8C1
330
8BF
100
AcDbEntity
  8
Smart Centers
  6
Continuous
 62
     0
440
 16777216
 48
0.75
100
AcDbLine
 10
-0.892969
 20
0.0
 30
0.0
 11
0.892969
 21
0.0
 31
0.0
  0
LINE
  5
8C2
330
8BF
100
AcDbEntity
  8
Smart Centers
  6
Continuous
 62
     0
440
 16777216
 48
0.75
100
AcDbLine
 10
0.0
 20
-0.892969
 30
0.0
 11
0.0
 21
0.892969
 31
0.0
  0
LINE
  5
8C3
330
8BF
100
AcDbEntity
  8
Smart Centers
 62
     0
440
 16777216
 48
0.75
100
AcDbLine
 10
-8.65
 20
0.0
 30
0.0
 11
-2.678906
 21
0.0
 31
0.0
  0
LINE
  5
8C4
330
8BF
100
AcDbEntity
  8
Smart Centers
 62
     0
440
 16777216
 48
0.75
100
AcDbLine
 10
2.678906
 20
0.0
 30
0.0
 11
8.65
 21
0.0
 31
0.0
  0
LINE
  5
8C5
330
8BF
100
AcDbEntity
  8
Smart Centers
 62
     0
440
 16777216
 48
0.75
100
AcDbLine
 10
0.0
 20
-8.65
 30
0.0
 11
0.0
 21
-2.678906
 31
0.0
  0
LINE
  5
8C6
330
8BF
100
AcDbEntity
  8
Smart Centers
 62
     0
440
 16777216
 48
0.75
100
AcDbLine
 10
0.0
 20
2.678906
 30
0.0
 11
0.0
 21
8.65
 31
0.0
  0
ENDBLK
  5
8C7
330
8BF
100
AcDbEntity
  8
0
100
AcDbBlockEnd
  0
BLOCK
  5
8CA
330
8C9
100
AcDbEntity
  8
0
100
AcDbBlockBegin
  2
*U152
 70
     1
 10
0.0
 20
0.0
 30
0.0
  3
*U152
  1

  0
LINE
  5
8CB
330
8C9
100
AcDbEntity
  8
Smart Centers
  6
Continuous
 62
     0
440
 16777216
 48
0.75
100
AcDbLine
 10
-0.892969
 20
0.0
 30
0.0
 11
0.892969
 21
0.0
 31
0.0
  0
LINE
  5
8CC
330
8C9
100
AcDbEntity
  8
Smart Centers
  6
Continuous
 62
     0
440
 16777216
 48
0.75
100
AcDbLine
 10
0.0
 20
-0.892969
 30
0.0
 11
0.0
 21
0.892969
 31
0.0
  0
LINE
  5
8CD
330
8C9
100
AcDbEntity
  8
Smart Centers
 62
     0
440
 16777216
 48
0.75
100
AcDbLine
 10
-8.65
 20
0.0
 30
0.0
 11
-2.678906
 21
0.0
 31
0.0
  0
LINE
  5
8CE
330
8C9
100
AcDbEntity
  8
Smart Centers
 62
     0
440
 16777216
 48
0.75
100
AcDbLine
 10
2.678906
 20
0.0
 30
0.0
 11
8.65
 21
0.0
 31
0.0
  0
LINE
  5
8CF
330
8C9
100
AcDbEntity
  8
Smart Centers
 62
     0
440
 16777216
 48
0.75
100
AcDbLine
 10
0.0
 20
-8.65
 30
0.0
 11
0.0
 21
-2.678906
 31
0.0
  0
LINE
  5
8D0
330
8C9
100
AcDbEntity
  8
Smart Centers
 62
     0
440
 16777216
 48
0.75
100
AcDbLine
 10
0.0
 20
2.678906
 30
0.0
 11
0.0
 21
8.65
 31
0.0
  0
ENDBLK
  5
8D1
330
8C9
100
AcDbEntity
  8
0
100
AcDbBlockEnd
  0
BLOCK
  5
8D4
330
8D3
100
AcDbEntity
  8
0
100
AcDbBlockBegin
  2
*U153
 70
     1
 10
0.0
 20
0.0
 30
0.0
  3
*U153
  1

  0
LINE
  5
8D5
330
8D3
100
AcDbEntity
  8
Smart Centers
  6
Continuous
 62
     0
440
 16777216
 48
0.75
100
AcDbLine
 10
-0.892969
 20
0.0
 30
0.0
 11
0.892969
 21
0.0
 31
0.0
  0
LINE
  5
8D6
330
8D3
100
AcDbEntity
  8
Smart Centers
  6
Continuous
 62
     0
440
 16777216
 48
0.75
100
AcDbLine
 10
0.0
 20
-0.892969
 30
0.0
 11
0.0
 21
0.892969
 31
0.0
  0
LINE
  5
8D7
330
8D3
100
AcDbEntity
  8
Smart Centers
 62
     0
440
 16777216
 48
0.75
100
AcDbLine
 10
-8.65
 20
0.0
 30
0.0
 11
-2.678906
 21
0.0
 31
0.0
  0
LINE
  5
8D8
330
8D3
100
AcDbEntity
  8
Smart Centers
 62
     0
440
 16777216
 48
0.75
100
AcDbLine
 10
2.678906
 20
0.0
 30
0.0
 11
8.65
 21
0.0
 31
0.0
  0
LINE
  5
8D9
330
8D3
100
AcDbEntity
  8
Smart Centers
 62
     0
440
 16777216
 48
0.75
100
AcDbLine
 10
0.0
 20
-8.65
 30
0.0
 11
0.0
 21
-2.678906
 31
0.0
  0
LINE
  5
8DA
330
8D3
100
AcDbEntity
  8
Smart Centers
 62
     0
440
 16777216
 48
0.75
100
AcDbLine
 10
0.0
 20
2.678906
 30
0.0
 11
0.0
 21
8.65
 31
0.0
  0
ENDBLK
  5
8DB
330
8D3
100
AcDbEntity
  8
0
100
AcDbBlockEnd
  0
BLOCK
  5
8DE
330
8DD
100
AcDbEntity
  8
0
100
AcDbBlockBegin
  2
*U154
 70
     1
 10
0.0
 20
0.0
 30
0.0
  3
*U154
  1

  0
LINE
  5
8DF
330
8DD
100
AcDbEntity
  8
Smart Centers
  6
Continuous
 62
     0
440
 16777216
 48
0.75
100
AcDbLine
 10
-0.892969
 20
0.0
 30
0.0
 11
0.892969
 21
0.0
 31
0.0
  0
LINE
  5
8E0
330
8DD
100
AcDbEntity
  8
Smart Centers
  6
Continuous
 62
     0
440
 16777216
 48
0.75
100
AcDbLine
 10
0.0
 20
-0.892969
 30
0.0
 11
0.0
 21
0.892969
 31
0.0
  0
LINE
  5
8E1
330
8DD
100
AcDbEntity
  8
Smart Centers
 62
     0
440
 16777216
 48
0.75
100
AcDbLine
 10
-8.65
 20
0.0
 30
0.0
 11
-2.678906
 21
0.0
 31
0.0
  0
LINE
  5
8E2
330
8DD
100
AcDbEntity
  8
Smart Centers
 62
     0
440
 16777216
 48
0.75
100
AcDbLine
 10
2.678906
 20
0.0
 30
0.0
 11
8.65
 21
0.0
 31
0.0
  0
LINE
  5
8E3
330
8DD
100
AcDbEntity
  8
Smart Centers
 62
     0
440
 16777216
 48
0.75
100
AcDbLine
 10
0.0
 20
-8.65
 30
0.0
 11
0.0
 21
-2.678906
 31
0.0
  0
LINE
  5
8E4
330
8DD
100
AcDbEntity
  8
Smart Centers
 62
     0
440
 16777216
 48
0.75
100
AcDbLine
 10
0.0
 20
2.678906
 30
0.0
 11
0.0
 21
8.65
 31
0.0
  0
ENDBLK
  5
8E5
330
8DD
100
AcDbEntity
  8
0
100
AcDbBlockEnd
  0
BLOCK
  5
8E8
330
8E7
100
AcDbEntity
  8
0
100
AcDbBlockBegin
  2
*U155
 70
     1
 10
0.0
 20
0.0
 30
0.0
  3
*U155
  1

  0
LINE
  5
8E9
330
8E7
100
AcDbEntity
  8
Smart Centers
  6
Continuous
 62
     0
440
 16777216
 48
0.75
100
AcDbLine
 10
-0.892969
 20
0.0
 30
0.0
 11
0.892969
 21
0.0
 31
0.0
  0
LINE
  5
8EA
330
8E7
100
AcDbEntity
  8
Smart Centers
  6
Continuous
 62
     0
440
 16777216
 48
0.75
100
AcDbLine
 10
0.0
 20
-0.892969
 30
0.0
 11
0.0
 21
0.892969
 31
0.0
  0
LINE
  5
8EB
330
8E7
100
AcDbEntity
  8
Smart Centers
 62
     0
440
 16777216
 48
0.75
100
AcDbLine
 10
-8.65
 20
0.0
 30
0.0
 11
-2.678906
 21
0.0
 31
0.0
  0
LINE
  5
8EC
330
8E7
100
AcDbEntity
  8
Smart Centers
 62
     0
440
 16777216
 48
0.75
100
AcDbLine
 10
2.678906
 20
0.0
 30
0.0
 11
8.65
 21
0.0
 31
0.0
  0
LINE
  5
8ED
330
8E7
100
AcDbEntity
  8
Smart Centers
 62
     0
440
 16777216
 48
0.75
100
AcDbLine
 10
0.0
 20
-8.65
 30
0.0
 11
0.0
 21
-2.678906
 31
0.0
  0
LINE
  5
8EE
330
8E7
100
AcDbEntity
  8
Smart Centers
 62
     0
440
 16777216
 48
0.75
100
AcDbLine
 10
0.0
 20
2.678906
 30
0.0
 11
0.0
 21
8.65
 31
0.0
  0
ENDBLK
  5
8EF
330
8E7
100
AcDbEntity
  8
0
100
AcDbBlockEnd
  0
BLOCK
  5
8F2
330
8F1
100
AcDbEntity
  8
0
100
AcDbBlockBegin
  2
*U156
 70
     1
 10
0.0
 20
0.0
 30
0.0
  3
*U156
  1

  0
LINE
  5
8F3
330
8F1
100
AcDbEntity
  8
Smart Centers
  6
Continuous
 62
     0
440
 16777216
 48
0.75
100
AcDbLine
 10
-0.892969
 20
0.0
 30
0.0
 11
0.892969
 21
0.0
 31
0.0
  0
LINE
  5
8F4
330
8F1
100
AcDbEntity
  8
Smart Centers
  6
Continuous
 62
     0
440
 16777216
 48
0.75
100
AcDbLine
 10
0.0
 20
-0.892969
 30
0.0
 11
0.0
 21
0.892969
 31
0.0
  0
LINE
  5
8F5
330
8F1
100
AcDbEntity
  8
Smart Centers
 62
     0
440
 16777216
 48
0.75
100
AcDbLine
 10
-8.65
 20
0.0
 30
0.0
 11
-2.678906
 21
0.0
 31
0.0
  0
LINE
  5
8F6
330
8F1
100
AcDbEntity
  8
Smart Centers
 62
     0
440
 16777216
 48
0.75
100
AcDbLine
 10
2.678906
 20
0.0
 30
0.0
 11
8.65
 21
0.0
 31
0.0
  0
LINE
  5
8F7
330
8F1
100
AcDbEntity
  8
Smart Centers
 62
     0
440
 16777216
 48
0.75
100
AcDbLine
 10
0.0
 20
-8.65
 30
0.0
 11
0.0
 21
-2.678906
 31
0.0
  0
LINE
  5
8F8
330
8F1
100
AcDbEntity
  8
Smart Centers
 62
     0
440
 16777216
 48
0.75
100
AcDbLine
 10
0.0
 20
2.678906
 30
0.0
 11
0.0
 21
8.65
 31
0.0
  0
ENDBLK
  5
8F9
330
8F1
100
AcDbEntity
  8
0
100
AcDbBlockEnd
  0
BLOCK
  5
8FC
330
8FB
100
AcDbEntity
  8
0
100
AcDbBlockBegin
  2
*U157
 70
     1
 10
0.0
 20
0.0
 30
0.0
  3
*U157
  1

  0
LINE
  5
8FD
330
8FB
100
AcDbEntity
  8
Smart Centers
  6
Continuous
 62
     0
440
 16777216
 48
0.75
100
AcDbLine
 10
-0.892969
 20
0.0
 30
0.0
 11
0.892969
 21
0.0
 31
0.0
  0
LINE
  5
8FE
330
8FB
100
AcDbEntity
  8
Smart Centers
  6
Continuous
 62
     0
440
 16777216
 48
0.75
100
AcDbLine
 10
0.0
 20
-0.892969
 30
0.0
 11
0.0
 21
0.892969
 31
0.0
  0
LINE
  5
8FF
330
8FB
100
AcDbEntity
  8
Smart Centers
 62
     0
440
 16777216
 48
0.75
100
AcDbLine
 10
-8.65
 20
0.0
 30
0.0
 11
-2.678906
 21
0.0
 31
0.0
  0
LINE
  5
900
330
8FB
100
AcDbEntity
  8
Smart Centers
 62
     0
440
 16777216
 48
0.75
100
AcDbLine
 10
2.678906
 20
0.0
 30
0.0
 11
8.65
 21
0.0
 31
0.0
  0
LINE
  5
901
330
8FB
100
AcDbEntity
  8
Smart Centers
 62
     0
440
 16777216
 48
0.75
100
AcDbLine
 10
0.0
 20
-8.65
 30
0.0
 11
0.0
 21
-2.678906
 31
0.0
  0
LINE
  5
902
330
8FB
100
AcDbEntity
  8
Smart Centers
 62
     0
440
 16777216
 48
0.75
100
AcDbLine
 10
0.0
 20
2.678906
 30
0.0
 11
0.0
 21
8.65
 31
0.0
  0
ENDBLK
  5
903
330
8FB
100
AcDbEntity
  8
0
100
AcDbBlockEnd
  0
BLOCK
  5
906
330
905
100
AcDbEntity
  8
0
100
AcDbBlockBegin
  2
*U158
 70
     1
 10
0.0
 20
0.0
 30
0.0
  3
*U158
  1

  0
LINE
  5
907
330
905
100
AcDbEntity
  8
Smart Centers
  6
Continuous
 62
     0
440
 16777216
 48
0.75
100
AcDbLine
 10
-0.892969
 20
0.0
 30
0.0
 11
0.892969
 21
0.0
 31
0.0
  0
LINE
  5
908
330
905
100
AcDbEntity
  8
Smart Centers
  6
Continuous
 62
     0
440
 16777216
 48
0.75
100
AcDbLine
 10
0.0
 20
-0.892969
 30
0.0
 11
0.0
 21
0.892969
 31
0.0
  0
LINE
  5
909
330
905
100
AcDbEntity
  8
Smart Centers
 62
     0
440
 16777216
 48
0.75
100
AcDbLine
 10
-8.65
 20
0.0
 30
0.0
 11
-2.678906
 21
0.0
 31
0.0
  0
LINE
  5
90A
330
905
100
AcDbEntity
  8
Smart Centers
 62
     0
440
 16777216
 48
0.75
100
AcDbLine
 10
2.678906
 20
0.0
 30
0.0
 11
8.65
 21
0.0
 31
0.0
  0
LINE
  5
90B
330
905
100
AcDbEntity
  8
Smart Centers
 62
     0
440
 16777216
 48
0.75
100
AcDbLine
 10
0.0
 20
-8.65
 30
0.0
 11
0.0
 21
-2.678906
 31
0.0
  0
LINE
  5
90C
330
905
100
AcDbEntity
  8
Smart Centers
 62
     0
440
 16777216
 48
0.75
100
AcDbLine
 10
0.0
 20
2.678906
 30
0.0
 11
0.0
 21
8.65
 31
0.0
  0
ENDBLK
  5
90D
330
905
100
AcDbEntity
  8
0
100
AcDbBlockEnd
  0
BLOCK
  5
910
330
90F
100
AcDbEntity
  8
0
100
AcDbBlockBegin
  2
*U159
 70
     1
 10
0.0
 20
0.0
 30
0.0
  3
*U159
  1

  0
LINE
  5
911
330
90F
100
AcDbEntity
  8
Smart Centers
  6
Continuous
 62
     0
440
 16777216
 48
0.75
100
AcDbLine
 10
-0.892969
 20
0.0
 30
0.0
 11
0.892969
 21
0.0
 31
0.0
  0
LINE
  5
912
330
90F
100
AcDbEntity
  8
Smart Centers
  6
Continuous
 62
     0
440
 16777216
 48
0.75
100
AcDbLine
 10
0.0
 20
-0.892969
 30
0.0
 11
0.0
 21
0.892969
 31
0.0
  0
LINE
  5
913
330
90F
100
AcDbEntity
  8
Smart Centers
 62
     0
440
 16777216
 48
0.75
100
AcDbLine
 10
-8.65
 20
0.0
 30
0.0
 11
-2.678906
 21
0.0
 31
0.0
  0
LINE
  5
914
330
90F
100
AcDbEntity
  8
Smart Centers
 62
     0
440
 16777216
 48
0.75
100
AcDbLine
 10
2.678906
 20
0.0
 30
0.0
 11
8.65
 21
0.0
 31
0.0
  0
LINE
  5
915
330
90F
100
AcDbEntity
  8
Smart Centers
 62
     0
440
 16777216
 48
0.75
100
AcDbLine
 10
0.0
 20
-8.65
 30
0.0
 11
0.0
 21
-2.678906
 31
0.0
  0
LINE
  5
916
330
90F
100
AcDbEntity
  8
Smart Centers
 62
     0
440
 16777216
 48
0.75
100
AcDbLine
 10
0.0
 20
2.678906
 30
0.0
 11
0.0
 21
8.65
 31
0.0
  0
ENDBLK
  5
917
330
90F
100
AcDbEntity
  8
0
100
AcDbBlockEnd
  0
BLOCK
  5
91A
330
919
100
AcDbEntity
  8
0
100
AcDbBlockBegin
  2
*U160
 70
     1
 10
0.0
 20
0.0
 30
0.0
  3
*U160
  1

  0
LINE
  5
91B
330
919
100
AcDbEntity
  8
Smart Centers
  6
Continuous
 62
     0
440
 16777216
 48
0.75
100
AcDbLine
 10
-0.892969
 20
0.0
 30
0.0
 11
0.892969
 21
0.0
 31
0.0
  0
LINE
  5
91C
330
919
100
AcDbEntity
  8
Smart Centers
  6
Continuous
 62
     0
440
 16777216
 48
0.75
100
AcDbLine
 10
0.0
 20
-0.892969
 30
0.0
 11
0.0
 21
0.892969
 31
0.0
  0
LINE
  5
91D
330
919
100
AcDbEntity
  8
Smart Centers
 62
     0
440
 16777216
 48
0.75
100
AcDbLine
 10
-8.65
 20
0.0
 30
0.0
 11
-2.678906
 21
0.0
 31
0.0
  0
LINE
  5
91E
330
919
100
AcDbEntity
  8
Smart Centers
 62
     0
440
 16777216
 48
0.75
100
AcDbLine
 10
2.678906
 20
0.0
 30
0.0
 11
8.65
 21
0.0
 31
0.0
  0
LINE
  5
91F
330
919
100
AcDbEntity
  8
Smart Centers
 62
     0
440
 16777216
 48
0.75
100
AcDbLine
 10
0.0
 20
-8.65
 30
0.0
 11
0.0
 21
-2.678906
 31
0.0
  0
LINE
  5
920
330
919
100
AcDbEntity
  8
Smart Centers
 62
     0
440
 16777216
 48
0.75
100
AcDbLine
 10
0.0
 20
2.678906
 30
0.0
 11
0.0
 21
8.65
 31
0.0
  0
ENDBLK
  5
921
330
919
100
AcDbEntity
  8
0
100
AcDbBlockEnd
  0
BLOCK
  5
924
330
923
100
AcDbEntity
  8
0
100
AcDbBlockBegin
  2
*U161
 70
     1
 10
0.0
 20
0.0
 30
0.0
  3
*U161
  1

  0
LINE
  5
925
330
923
100
AcDbEntity
  8
Smart Centers
  6
Continuous
 62
     0
440
 16777216
 48
0.75
100
AcDbLine
 10
-0.892969
 20
0.0
 30
0.0
 11
0.892969
 21
0.0
 31
0.0
  0
LINE
  5
926
330
923
100
AcDbEntity
  8
Smart Centers
  6
Continuous
 62
     0
440
 16777216
 48
0.75
100
AcDbLine
 10
0.0
 20
-0.892969
 30
0.0
 11
0.0
 21
0.892969
 31
0.0
  0
LINE
  5
927
330
923
100
AcDbEntity
  8
Smart Centers
 62
     0
440
 16777216
 48
0.75
100
AcDbLine
 10
-8.65
 20
0.0
 30
0.0
 11
-2.678906
 21
0.0
 31
0.0
  0
LINE
  5
928
330
923
100
AcDbEntity
  8
Smart Centers
 62
     0
440
 16777216
 48
0.75
100
AcDbLine
 10
2.678906
 20
0.0
 30
0.0
 11
8.65
 21
0.0
 31
0.0
  0
LINE
  5
929
330
923
100
AcDbEntity
  8
Smart Centers
 62
     0
440
 16777216
 48
0.75
100
AcDbLine
 10
0.0
 20
-8.65
 30
0.0
 11
0.0
 21
-2.678906
 31
0.0
  0
LINE
  5
92A
330
923
100
AcDbEntity
  8
Smart Centers
 62
     0
440
 16777216
 48
0.75
100
AcDbLine
 10
0.0
 20
2.678906
 30
0.0
 11
0.0
 21
8.65
 31
0.0
  0
ENDBLK
  5
92B
330
923
100
AcDbEntity
  8
0
100
AcDbBlockEnd
  0
BLOCK
  5
92E
330
92D
100
AcDbEntity
  8
0
100
AcDbBlockBegin
  2
*U162
 70
     1
 10
0.0
 20
0.0
 30
0.0
  3
*U162
  1

  0
LINE
  5
92F
330
92D
100
AcDbEntity
  8
Smart Centers
  6
Continuous
 62
     0
440
 16777216
 48
0.75
100
AcDbLine
 10
-0.892969
 20
0.0
 30
0.0
 11
0.892969
 21
0.0
 31
0.0
  0
LINE
  5
930
330
92D
100
AcDbEntity
  8
Smart Centers
  6
Continuous
 62
     0
440
 16777216
 48
0.75
100
AcDbLine
 10
0.0
 20
-0.892969
 30
0.0
 11
0.0
 21
0.892969
 31
0.0
  0
LINE
  5
931
330
92D
100
AcDbEntity
  8
Smart Centers
 62
     0
440
 16777216
 48
0.75
100
AcDbLine
 10
-8.65
 20
0.0
 30
0.0
 11
-2.678906
 21
0.0
 31
0.0
  0
LINE
  5
932
330
92D
100
AcDbEntity
  8
Smart Centers
 62
     0
440
 16777216
 48
0.75
100
AcDbLine
 10
2.678906
 20
0.0
 30
0.0
 11
8.65
 21
0.0
 31
0.0
  0
LINE
  5
933
330
92D
100
AcDbEntity
  8
Smart Centers
 62
     0
440
 16777216
 48
0.75
100
AcDbLine
 10
0.0
 20
-8.65
 30
0.0
 11
0.0
 21
-2.678906
 31
0.0
  0
LINE
  5
934
330
92D
100
AcDbEntity
  8
Smart Centers
 62
     0
440
 16777216
 48
0.75
100
AcDbLine
 10
0.0
 20
2.678906
 30
0.0
 11
0.0
 21
8.65
 31
0.0
  0
ENDBLK
  5
935
330
92D
100
AcDbEntity
  8
0
100
AcDbBlockEnd
  0
BLOCK
  5
938
330
937
100
AcDbEntity
  8
0
100
AcDbBlockBegin
  2
*U163
 70
     1
 10
0.0
 20
0.0
 30
0.0
  3
*U163
  1

  0
LINE
  5
939
330
937
100
AcDbEntity
  8
Smart Centers
  6
Continuous
 62
     0
440
 16777216
 48
0.75
100
AcDbLine
 10
-0.892969
 20
0.0
 30
0.0
 11
0.892969
 21
0.0
 31
0.0
  0
LINE
  5
93A
330
937
100
AcDbEntity
  8
Smart Centers
  6
Continuous
 62
     0
440
 16777216
 48
0.75
100
AcDbLine
 10
0.0
 20
-0.892969
 30
0.0
 11
0.0
 21
0.892969
 31
0.0
  0
LINE
  5
93B
330
937
100
AcDbEntity
  8
Smart Centers
 62
     0
440
 16777216
 48
0.75
100
AcDbLine
 10
-8.65
 20
0.0
 30
0.0
 11
-2.678906
 21
0.0
 31
0.0
  0
LINE
  5
93C
330
937
100
AcDbEntity
  8
Smart Centers
 62
     0
440
 16777216
 48
0.75
100
AcDbLine
 10
2.678906
 20
0.0
 30
0.0
 11
8.65
 21
0.0
 31
0.0
  0
LINE
  5
93D
330
937
100
AcDbEntity
  8
Smart Centers
 62
     0
440
 16777216
 48
0.75
100
AcDbLine
 10
0.0
 20
-8.65
 30
0.0
 11
0.0
 21
-2.678906
 31
0.0
  0
LINE
  5
93E
330
937
100
AcDbEntity
  8
Smart Centers
 62
     0
440
 16777216
 48
0.75
100
AcDbLine
 10
0.0
 20
2.678906
 30
0.0
 11
0.0
 21
8.65
 31
0.0
  0
ENDBLK
  5
93F
330
937
100
AcDbEntity
  8
0
100
AcDbBlockEnd
  0
BLOCK
  5
942
330
941
100
AcDbEntity
  8
0
100
AcDbBlockBegin
  2
*U164
 70
     1
 10
0.0
 20
0.0
 30
0.0
  3
*U164
  1

  0
LINE
  5
943
330
941
100
AcDbEntity
  8
Smart Centers
  6
Continuous
 62
     0
440
 16777216
 48
0.75
100
AcDbLine
 10
-0.892969
 20
0.0
 30
0.0
 11
0.892969
 21
0.0
 31
0.0
  0
LINE
  5
944
330
941
100
AcDbEntity
  8
Smart Centers
  6
Continuous
 62
     0
440
 16777216
 48
0.75
100
AcDbLine
 10
0.0
 20
-0.892969
 30
0.0
 11
0.0
 21
0.892969
 31
0.0
  0
LINE
  5
945
330
941
100
AcDbEntity
  8
Smart Centers
 62
     0
440
 16777216
 48
0.75
100
AcDbLine
 10
-8.65
 20
0.0
 30
0.0
 11
-2.678906
 21
0.0
 31
0.0
  0
LINE
  5
946
330
941
100
AcDbEntity
  8
Smart Centers
 62
     0
440
 16777216
 48
0.75
100
AcDbLine
 10
2.678906
 20
0.0
 30
0.0
 11
8.65
 21
0.0
 31
0.0
  0
LINE
  5
947
330
941
100
AcDbEntity
  8
Smart Centers
 62
     0
440
 16777216
 48
0.75
100
AcDbLine
 10
0.0
 20
-8.65
 30
0.0
 11
0.0
 21
-2.678906
 31
0.0
  0
LINE
  5
948
330
941
100
AcDbEntity
  8
Smart Centers
 62
     0
440
 16777216
 48
0.75
100
AcDbLine
 10
0.0
 20
2.678906
 30
0.0
 11
0.0
 21
8.65
 31
0.0
  0
ENDBLK
  5
949
330
941
100
AcDbEntity
  8
0
100
AcDbBlockEnd
  0
BLOCK
  5
94C
330
94B
100
AcDbEntity
  8
0
100
AcDbBlockBegin
  2
*U165
 70
     1
 10
0.0
 20
0.0
 30
0.0
  3
*U165
  1

  0
LINE
  5
94D
330
94B
100
AcDbEntity
  8
Smart Centers
  6
Continuous
 62
     0
440
 16777216
 48
0.75
100
AcDbLine
 10
-0.892969
 20
0.0
 30
0.0
 11
0.892969
 21
0.0
 31
0.0
  0
LINE
  5
94E
330
94B
100
AcDbEntity
  8
Smart Centers
  6
Continuous
 62
     0
440
 16777216
 48
0.75
100
AcDbLine
 10
0.0
 20
-0.892969
 30
0.0
 11
0.0
 21
0.892969
 31
0.0
  0
LINE
  5
94F
330
94B
100
AcDbEntity
  8
Smart Centers
 62
     0
440
 16777216
 48
0.75
100
AcDbLine
 10
-8.65
 20
0.0
 30
0.0
 11
-2.678906
 21
0.0
 31
0.0
  0
LINE
  5
950
330
94B
100
AcDbEntity
  8
Smart Centers
 62
     0
440
 16777216
 48
0.75
100
AcDbLine
 10
2.678906
 20
0.0
 30
0.0
 11
8.65
 21
0.0
 31
0.0
  0
LINE
  5
951
330
94B
100
AcDbEntity
  8
Smart Centers
 62
     0
440
 16777216
 48
0.75
100
AcDbLine
 10
0.0
 20
-8.65
 30
0.0
 11
0.0
 21
-2.678906
 31
0.0
  0
LINE
  5
952
330
94B
100
AcDbEntity
  8
Smart Centers
 62
     0
440
 16777216
 48
0.75
100
AcDbLine
 10
0.0
 20
2.678906
 30
0.0
 11
0.0
 21
8.65
 31
0.0
  0
ENDBLK
  5
953
330
94B
100
AcDbEntity
  8
0
100
AcDbBlockEnd
  0
BLOCK
  5
956
330
955
100
AcDbEntity
  8
0
100
AcDbBlockBegin
  2
*U166
 70
     1
 10
0.0
 20
0.0
 30
0.0
  3
*U166
  1

  0
LINE
  5
957
330
955
100
AcDbEntity
  8
Smart Centers
  6
Continuous
 62
     0
440
 16777216
 48
0.75
100
AcDbLine
 10
-0.892969
 20
0.0
 30
0.0
 11
0.892969
 21
0.0
 31
0.0
  0
LINE
  5
958
330
955
100
AcDbEntity
  8
Smart Centers
  6
Continuous
 62
     0
440
 16777216
 48
0.75
100
AcDbLine
 10
0.0
 20
-0.892969
 30
0.0
 11
0.0
 21
0.892969
 31
0.0
  0
LINE
  5
959
330
955
100
AcDbEntity
  8
Smart Centers
 62
     0
440
 16777216
 48
0.75
100
AcDbLine
 10
-8.65
 20
0.0
 30
0.0
 11
-2.678906
 21
0.0
 31
0.0
  0
LINE
  5
95A
330
955
100
AcDbEntity
  8
Smart Centers
 62
     0
440
 16777216
 48
0.75
100
AcDbLine
 10
2.678906
 20
0.0
 30
0.0
 11
8.65
 21
0.0
 31
0.0
  0
LINE
  5
95B
330
955
100
AcDbEntity
  8
Smart Centers
 62
     0
440
 16777216
 48
0.75
100
AcDbLine
 10
0.0
 20
-8.65
 30
0.0
 11
0.0
 21
-2.678906
 31
0.0
  0
LINE
  5
95C
330
955
100
AcDbEntity
  8
Smart Centers
 62
     0
440
 16777216
 48
0.75
100
AcDbLine
 10
0.0
 20
2.678906
 30
0.0
 11
0.0
 21
8.65
 31
0.0
  0
ENDBLK
  5
95D
330
955
100
AcDbEntity
  8
0
100
AcDbBlockEnd
  0
BLOCK
  5
960
330
95F
100
AcDbEntity
  8
0
100
AcDbBlockBegin
  2
*U167
 70
     1
 10
0.0
 20
0.0
 30
0.0
  3
*U167
  1

  0
LINE
  5
961
330
95F
100
AcDbEntity
  8
Smart Centers
  6
Continuous
 62
     0
440
 16777216
 48
0.75
100
AcDbLine
 10
-0.892969
 20
0.0
 30
0.0
 11
0.892969
 21
0.0
 31
0.0
  0
LINE
  5
962
330
95F
100
AcDbEntity
  8
Smart Centers
  6
Continuous
 62
     0
440
 16777216
 48
0.75
100
AcDbLine
 10
0.0
 20
-0.892969
 30
0.0
 11
0.0
 21
0.892969
 31
0.0
  0
LINE
  5
963
330
95F
100
AcDbEntity
  8
Smart Centers
 62
     0
440
 16777216
 48
0.75
100
AcDbLine
 10
-8.65
 20
0.0
 30
0.0
 11
-2.678906
 21
0.0
 31
0.0
  0
LINE
  5
964
330
95F
100
AcDbEntity
  8
Smart Centers
 62
     0
440
 16777216
 48
0.75
100
AcDbLine
 10
2.678906
 20
0.0
 30
0.0
 11
8.65
 21
0.0
 31
0.0
  0
LINE
  5
965
330
95F
100
AcDbEntity
  8
Smart Centers
 62
     0
440
 16777216
 48
0.75
100
AcDbLine
 10
0.0
 20
-8.65
 30
0.0
 11
0.0
 21
-2.678906
 31
0.0
  0
LINE
  5
966
330
95F
100
AcDbEntity
  8
Smart Centers
 62
     0
440
 16777216
 48
0.75
100
AcDbLine
 10
0.0
 20
2.678906
 30
0.0
 11
0.0
 21
8.65
 31
0.0
  0
ENDBLK
  5
967
330
95F
100
AcDbEntity
  8
0
100
AcDbBlockEnd
  0
BLOCK
  5
96A
330
969
100
AcDbEntity
  8
0
100
AcDbBlockBegin
  2
*U168
 70
     1
 10
0.0
 20
0.0
 30
0.0
  3
*U168
  1

  0
LINE
  5
96B
330
969
100
AcDbEntity
  8
Smart Centers
  6
Continuous
 62
     0
440
 16777216
 48
0.75
100
AcDbLine
 10
-0.892969
 20
0.0
 30
0.0
 11
0.892969
 21
0.0
 31
0.0
  0
LINE
  5
96C
330
969
100
AcDbEntity
  8
Smart Centers
  6
Continuous
 62
     0
440
 16777216
 48
0.75
100
AcDbLine
 10
0.0
 20
-0.892969
 30
0.0
 11
0.0
 21
0.892969
 31
0.0
  0
LINE
  5
96D
330
969
100
AcDbEntity
  8
Smart Centers
 62
     0
440
 16777216
 48
0.75
100
AcDbLine
 10
-8.65
 20
0.0
 30
0.0
 11
-2.678906
 21
0.0
 31
0.0
  0
LINE
  5
96E
330
969
100
AcDbEntity
  8
Smart Centers
 62
     0
440
 16777216
 48
0.75
100
AcDbLine
 10
2.678906
 20
0.0
 30
0.0
 11
8.65
 21
0.0
 31
0.0
  0
LINE
  5
96F
330
969
100
AcDbEntity
  8
Smart Centers
 62
     0
440
 16777216
 48
0.75
100
AcDbLine
 10
0.0
 20
-8.65
 30
0.0
 11
0.0
 21
-2.678906
 31
0.0
  0
LINE
  5
970
330
969
100
AcDbEntity
  8
Smart Centers
 62
     0
440
 16777216
 48
0.75
100
AcDbLine
 10
0.0
 20
2.678906
 30
0.0
 11
0.0
 21
8.65
 31
0.0
  0
ENDBLK
  5
971
330
969
100
AcDbEntity
  8
0
100
AcDbBlockEnd
  0
BLOCK
  5
974
330
973
100
AcDbEntity
  8
0
100
AcDbBlockBegin
  2
*U169
 70
     1
 10
0.0
 20
0.0
 30
0.0
  3
*U169
  1

  0
LINE
  5
975
330
973
100
AcDbEntity
  8
Smart Centers
  6
Continuous
 62
     0
440
 16777216
 48
0.75
100
AcDbLine
 10
-0.892969
 20
0.0
 30
0.0
 11
0.892969
 21
0.0
 31
0.0
  0
LINE
  5
976
330
973
100
AcDbEntity
  8
Smart Centers
  6
Continuous
 62
     0
440
 16777216
 48
0.75
100
AcDbLine
 10
0.0
 20
-0.892969
 30
0.0
 11
0.0
 21
0.892969
 31
0.0
  0
LINE
  5
977
330
973
100
AcDbEntity
  8
Smart Centers
 62
     0
440
 16777216
 48
0.75
100
AcDbLine
 10
-8.65
 20
0.0
 30
0.0
 11
-2.678906
 21
0.0
 31
0.0
  0
LINE
  5
978
330
973
100
AcDbEntity
  8
Smart Centers
 62
     0
440
 16777216
 48
0.75
100
AcDbLine
 10
2.678906
 20
0.0
 30
0.0
 11
8.65
 21
0.0
 31
0.0
  0
LINE
  5
979
330
973
100
AcDbEntity
  8
Smart Centers
 62
     0
440
 16777216
 48
0.75
100
AcDbLine
 10
0.0
 20
-8.65
 30
0.0
 11
0.0
 21
-2.678906
 31
0.0
  0
LINE
  5
97A
330
973
100
AcDbEntity
  8
Smart Centers
 62
     0
440
 16777216
 48
0.75
100
AcDbLine
 10
0.0
 20
2.678906
 30
0.0
 11
0.0
 21
8.65
 31
0.0
  0
ENDBLK
  5
97B
330
973
100
AcDbEntity
  8
0
100
AcDbBlockEnd
  0
BLOCK
  5
97E
330
97D
100
AcDbEntity
  8
0
100
AcDbBlockBegin
  2
*U170
 70
     1
 10
0.0
 20
0.0
 30
0.0
  3
*U170
  1

  0
LINE
  5
97F
330
97D
100
AcDbEntity
  8
Smart Centers
  6
Continuous
 62
     0
440
 16777216
 48
0.75
100
AcDbLine
 10
-0.892969
 20
0.0
 30
0.0
 11
0.892969
 21
0.0
 31
0.0
  0
LINE
  5
980
330
97D
100
AcDbEntity
  8
Smart Centers
  6
Continuous
 62
     0
440
 16777216
 48
0.75
100
AcDbLine
 10
0.0
 20
-0.892969
 30
0.0
 11
0.0
 21
0.892969
 31
0.0
  0
LINE
  5
981
330
97D
100
AcDbEntity
  8
Smart Centers
 62
     0
440
 16777216
 48
0.75
100
AcDbLine
 10
-8.65
 20
0.0
 30
0.0
 11
-2.678906
 21
0.0
 31
0.0
  0
LINE
  5
982
330
97D
100
AcDbEntity
  8
Smart Centers
 62
     0
440
 16777216
 48
0.75
100
AcDbLine
 10
2.678906
 20
0.0
 30
0.0
 11
8.65
 21
0.0
 31
0.0
  0
LINE
  5
983
330
97D
100
AcDbEntity
  8
Smart Centers
 62
     0
440
 16777216
 48
0.75
100
AcDbLine
 10
0.0
 20
-8.65
 30
0.0
 11
0.0
 21
-2.678906
 31
0.0
  0
LINE
  5
984
330
97D
100
AcDbEntity
  8
Smart Centers
 62
     0
440
 16777216
 48
0.75
100
AcDbLine
 10
0.0
 20
2.678906
 30
0.0
 11
0.0
 21
8.65
 31
0.0
  0
ENDBLK
  5
985
330
97D
100
AcDbEntity
  8
0
100
AcDbBlockEnd
  0
BLOCK
  5
988
330
987
100
AcDbEntity
  8
0
100
AcDbBlockBegin
  2
*U171
 70
     1
 10
0.0
 20
0.0
 30
0.0
  3
*U171
  1

  0
LINE
  5
989
330
987
100
AcDbEntity
  8
Smart Centers
  6
Continuous
 62
     0
440
 16777216
 48
0.75
100
AcDbLine
 10
-0.892969
 20
0.0
 30
0.0
 11
0.892969
 21
0.0
 31
0.0
  0
LINE
  5
98A
330
987
100
AcDbEntity
  8
Smart Centers
  6
Continuous
 62
     0
440
 16777216
 48
0.75
100
AcDbLine
 10
0.0
 20
-0.892969
 30
0.0
 11
0.0
 21
0.892969
 31
0.0
  0
LINE
  5
98B
330
987
100
AcDbEntity
  8
Smart Centers
 62
     0
440
 16777216
 48
0.75
100
AcDbLine
 10
-8.65
 20
0.0
 30
0.0
 11
-2.678906
 21
0.0
 31
0.0
  0
LINE
  5
98C
330
987
100
AcDbEntity
  8
Smart Centers
 62
     0
440
 16777216
 48
0.75
100
AcDbLine
 10
2.678906
 20
0.0
 30
0.0
 11
8.65
 21
0.0
 31
0.0
  0
LINE
  5
98D
330
987
100
AcDbEntity
  8
Smart Centers
 62
     0
440
 16777216
 48
0.75
100
AcDbLine
 10
0.0
 20
-8.65
 30
0.0
 11
0.0
 21
-2.678906
 31
0.0
  0
LINE
  5
98E
330
987
100
AcDbEntity
  8
Smart Centers
 62
     0
440
 16777216
 48
0.75
100
AcDbLine
 10
0.0
 20
2.678906
 30
0.0
 11
0.0
 21
8.65
 31
0.0
  0
ENDBLK
  5
98F
330
987
100
AcDbEntity
  8
0
100
AcDbBlockEnd
  0
BLOCK
  5
992
330
991
100
AcDbEntity
  8
0
100
AcDbBlockBegin
  2
*U172
 70
     1
 10
0.0
 20
0.0
 30
0.0
  3
*U172
  1

  0
LINE
  5
993
330
991
100
AcDbEntity
  8
Smart Centers
  6
Continuous
 62
     0
440
 16777216
 48
0.75
100
AcDbLine
 10
-0.892969
 20
0.0
 30
0.0
 11
0.892969
 21
0.0
 31
0.0
  0
LINE
  5
994
330
991
100
AcDbEntity
  8
Smart Centers
  6
Continuous
 62
     0
440
 16777216
 48
0.75
100
AcDbLine
 10
0.0
 20
-0.892969
 30
0.0
 11
0.0
 21
0.892969
 31
0.0
  0
LINE
  5
995
330
991
100
AcDbEntity
  8
Smart Centers
 62
     0
440
 16777216
 48
0.75
100
AcDbLine
 10
-8.65
 20
0.0
 30
0.0
 11
-2.678906
 21
0.0
 31
0.0
  0
LINE
  5
996
330
991
100
AcDbEntity
  8
Smart Centers
 62
     0
440
 16777216
 48
0.75
100
AcDbLine
 10
2.678906
 20
0.0
 30
0.0
 11
8.65
 21
0.0
 31
0.0
  0
LINE
  5
997
330
991
100
AcDbEntity
  8
Smart Centers
 62
     0
440
 16777216
 48
0.75
100
AcDbLine
 10
0.0
 20
-8.65
 30
0.0
 11
0.0
 21
-2.678906
 31
0.0
  0
LINE
  5
998
330
991
100
AcDbEntity
  8
Smart Centers
 62
     0
440
 16777216
 48
0.75
100
AcDbLine
 10
0.0
 20
2.678906
 30
0.0
 11
0.0
 21
8.65
 31
0.0
  0
ENDBLK
  5
999
330
991
100
AcDbEntity
  8
0
100
AcDbBlockEnd
  0
BLOCK
  5
99C
330
99B
100
AcDbEntity
  8
0
100
AcDbBlockBegin
  2
*U173
 70
     1
 10
0.0
 20
0.0
 30
0.0
  3
*U173
  1

  0
LINE
  5
99D
330
99B
100
AcDbEntity
  8
Smart Centers
  6
Continuous
 62
     0
440
 16777216
 48
0.75
100
AcDbLine
 10
-0.892969
 20
0.0
 30
0.0
 11
0.892969
 21
0.0
 31
0.0
  0
LINE
  5
99E
330
99B
100
AcDbEntity
  8
Smart Centers
  6
Continuous
 62
     0
440
 16777216
 48
0.75
100
AcDbLine
 10
0.0
 20
-0.892969
 30
0.0
 11
0.0
 21
0.892969
 31
0.0
  0
LINE
  5
99F
330
99B
100
AcDbEntity
  8
Smart Centers
 62
     0
440
 16777216
 48
0.75
100
AcDbLine
 10
-8.65
 20
0.0
 30
0.0
 11
-2.678906
 21
0.0
 31
0.0
  0
LINE
  5
9A0
330
99B
100
AcDbEntity
  8
Smart Centers
 62
     0
440
 16777216
 48
0.75
100
AcDbLine
 10
2.678906
 20
0.0
 30
0.0
 11
8.65
 21
0.0
 31
0.0
  0
LINE
  5
9A1
330
99B
100
AcDbEntity
  8
Smart Centers
 62
     0
440
 16777216
 48
0.75
100
AcDbLine
 10
0.0
 20
-8.65
 30
0.0
 11
0.0
 21
-2.678906
 31
0.0
  0
LINE
  5
9A2
330
99B
100
AcDbEntity
  8
Smart Centers
 62
     0
440
 16777216
 48
0.75
100
AcDbLine
 10
0.0
 20
2.678906
 30
0.0
 11
0.0
 21
8.65
 31
0.0
  0
ENDBLK
  5
9A3
330
99B
100
AcDbEntity
  8
0
100
AcDbBlockEnd
  0
BLOCK
  5
9A6
330
9A5
100
AcDbEntity
  8
0
100
AcDbBlockBegin
  2
*U174
 70
     1
 10
0.0
 20
0.0
 30
0.0
  3
*U174
  1

  0
LINE
  5
9A7
330
9A5
100
AcDbEntity
  8
Smart Centers
  6
Continuous
 62
     0
440
 16777216
 48
0.75
100
AcDbLine
 10
-0.892969
 20
0.0
 30
0.0
 11
0.892969
 21
0.0
 31
0.0
  0
LINE
  5
9A8
330
9A5
100
AcDbEntity
  8
Smart Centers
  6
Continuous
 62
     0
440
 16777216
 48
0.75
100
AcDbLine
 10
0.0
 20
-0.892969
 30
0.0
 11
0.0
 21
0.892969
 31
0.0
  0
LINE
  5
9A9
330
9A5
100
AcDbEntity
  8
Smart Centers
 62
     0
440
 16777216
 48
0.75
100
AcDbLine
 10
-8.65
 20
0.0
 30
0.0
 11
-2.678906
 21
0.0
 31
0.0
  0
LINE
  5
9AA
330
9A5
100
AcDbEntity
  8
Smart Centers
 62
     0
440
 16777216
 48
0.75
100
AcDbLine
 10
2.678906
 20
0.0
 30
0.0
 11
8.65
 21
0.0
 31
0.0
  0
LINE
  5
9AB
330
9A5
100
AcDbEntity
  8
Smart Centers
 62
     0
440
 16777216
 48
0.75
100
AcDbLine
 10
0.0
 20
-8.65
 30
0.0
 11
0.0
 21
-2.678906
 31
0.0
  0
LINE
  5
9AC
330
9A5
100
AcDbEntity
  8
Smart Centers
 62
     0
440
 16777216
 48
0.75
100
AcDbLine
 10
0.0
 20
2.678906
 30
0.0
 11
0.0
 21
8.65
 31
0.0
  0
ENDBLK
  5
9AD
330
9A5
100
AcDbEntity
  8
0
100
AcDbBlockEnd
  0
BLOCK
  5
9B0
330
9AF
100
AcDbEntity
  8
0
100
AcDbBlockBegin
  2
*U175
 70
     1
 10
0.0
 20
0.0
 30
0.0
  3
*U175
  1

  0
LINE
  5
9B1
330
9AF
100
AcDbEntity
  8
Smart Centers
  6
Continuous
 62
     0
440
 16777216
 48
0.75
100
AcDbLine
 10
-0.892969
 20
0.0
 30
0.0
 11
0.892969
 21
0.0
 31
0.0
  0
LINE
  5
9B2
330
9AF
100
AcDbEntity
  8
Smart Centers
  6
Continuous
 62
     0
440
 16777216
 48
0.75
100
AcDbLine
 10
0.0
 20
-0.892969
 30
0.0
 11
0.0
 21
0.892969
 31
0.0
  0
LINE
  5
9B3
330
9AF
100
AcDbEntity
  8
Smart Centers
 62
     0
440
 16777216
 48
0.75
100
AcDbLine
 10
-8.65
 20
0.0
 30
0.0
 11
-2.678906
 21
0.0
 31
0.0
  0
LINE
  5
9B4
330
9AF
100
AcDbEntity
  8
Smart Centers
 62
     0
440
 16777216
 48
0.75
100
AcDbLine
 10
2.678906
 20
0.0
 30
0.0
 11
8.65
 21
0.0
 31
0.0
  0
LINE
  5
9B5
330
9AF
100
AcDbEntity
  8
Smart Centers
 62
     0
440
 16777216
 48
0.75
100
AcDbLine
 10
0.0
 20
-8.65
 30
0.0
 11
0.0
 21
-2.678906
 31
0.0
  0
LINE
  5
9B6
330
9AF
100
AcDbEntity
  8
Smart Centers
 62
     0
440
 16777216
 48
0.75
100
AcDbLine
 10
0.0
 20
2.678906
 30
0.0
 11
0.0
 21
8.65
 31
0.0
  0
ENDBLK
  5
9B7
330
9AF
100
AcDbEntity
  8
0
100
AcDbBlockEnd
  0
BLOCK
  5
9BA
330
9B9
100
AcDbEntity
  8
0
100
AcDbBlockBegin
  2
*U176
 70
     1
 10
0.0
 20
0.0
 30
0.0
  3
*U176
  1

  0
LINE
  5
9BB
330
9B9
100
AcDbEntity
  8
Smart Centers
  6
Continuous
 62
     0
440
 16777216
 48
0.75
100
AcDbLine
 10
-0.892969
 20
0.0
 30
0.0
 11
0.892969
 21
0.0
 31
0.0
  0
LINE
  5
9BC
330
9B9
100
AcDbEntity
  8
Smart Centers
  6
Continuous
 62
     0
440
 16777216
 48
0.75
100
AcDbLine
 10
0.0
 20
-0.892969
 30
0.0
 11
0.0
 21
0.892969
 31
0.0
  0
LINE
  5
9BD
330
9B9
100
AcDbEntity
  8
Smart Centers
 62
     0
440
 16777216
 48
0.75
100
AcDbLine
 10
-8.65
 20
0.0
 30
0.0
 11
-2.678906
 21
0.0
 31
0.0
  0
LINE
  5
9BE
330
9B9
100
AcDbEntity
  8
Smart Centers
 62
     0
440
 16777216
 48
0.75
100
AcDbLine
 10
2.678906
 20
0.0
 30
0.0
 11
8.65
 21
0.0
 31
0.0
  0
LINE
  5
9BF
330
9B9
100
AcDbEntity
  8
Smart Centers
 62
     0
440
 16777216
 48
0.75
100
AcDbLine
 10
0.0
 20
-8.65
 30
0.0
 11
0.0
 21
-2.678906
 31
0.0
  0
LINE
  5
9C0
330
9B9
100
AcDbEntity
  8
Smart Centers
 62
     0
440
 16777216
 48
0.75
100
AcDbLine
 10
0.0
 20
2.678906
 30
0.0
 11
0.0
 21
8.65
 31
0.0
  0
ENDBLK
  5
9C1
330
9B9
100
AcDbEntity
  8
0
100
AcDbBlockEnd
  0
BLOCK
  5
9C4
330
9C3
100
AcDbEntity
  8
0
100
AcDbBlockBegin
  2
*U177
 70
     1
 10
0.0
 20
0.0
 30
0.0
  3
*U177
  1

  0
LINE
  5
9C5
330
9C3
100
AcDbEntity
  8
Smart Centers
  6
Continuous
 62
     0
440
 16777216
 48
0.75
100
AcDbLine
 10
-0.892969
 20
0.0
 30
0.0
 11
0.892969
 21
0.0
 31
0.0
  0
LINE
  5
9C6
330
9C3
100
AcDbEntity
  8
Smart Centers
  6
Continuous
 62
     0
440
 16777216
 48
0.75
100
AcDbLine
 10
0.0
 20
-0.892969
 30
0.0
 11
0.0
 21
0.892969
 31
0.0
  0
LINE
  5
9C7
330
9C3
100
AcDbEntity
  8
Smart Centers
 62
     0
440
 16777216
 48
0.75
100
AcDbLine
 10
-8.65
 20
0.0
 30
0.0
 11
-2.678906
 21
0.0
 31
0.0
  0
LINE
  5
9C8
330
9C3
100
AcDbEntity
  8
Smart Centers
 62
     0
440
 16777216
 48
0.75
100
AcDbLine
 10
2.678906
 20
0.0
 30
0.0
 11
8.65
 21
0.0
 31
0.0
  0
LINE
  5
9C9
330
9C3
100
AcDbEntity
  8
Smart Centers
 62
     0
440
 16777216
 48
0.75
100
AcDbLine
 10
0.0
 20
-8.65
 30
0.0
 11
0.0
 21
-2.678906
 31
0.0
  0
LINE
  5
9CA
330
9C3
100
AcDbEntity
  8
Smart Centers
 62
     0
440
 16777216
 48
0.75
100
AcDbLine
 10
0.0
 20
2.678906
 30
0.0
 11
0.0
 21
8.65
 31
0.0
  0
ENDBLK
  5
9CB
330
9C3
100
AcDbEntity
  8
0
100
AcDbBlockEnd
  0
BLOCK
  5
9CE
330
9CD
100
AcDbEntity
  8
0
100
AcDbBlockBegin
  2
*U178
 70
     1
 10
0.0
 20
0.0
 30
0.0
  3
*U178
  1

  0
LINE
  5
9CF
330
9CD
100
AcDbEntity
  8
Smart Centers
  6
Continuous
 62
     0
440
 16777216
 48
0.75
100
AcDbLine
 10
-0.892969
 20
0.0
 30
0.0
 11
0.892969
 21
0.0
 31
0.0
  0
LINE
  5
9D0
330
9CD
100
AcDbEntity
  8
Smart Centers
  6
Continuous
 62
     0
440
 16777216
 48
0.75
100
AcDbLine
 10
0.0
 20
-0.892969
 30
0.0
 11
0.0
 21
0.892969
 31
0.0
  0
LINE
  5
9D1
330
9CD
100
AcDbEntity
  8
Smart Centers
 62
     0
440
 16777216
 48
0.75
100
AcDbLine
 10
-8.65
 20
0.0
 30
0.0
 11
-2.678906
 21
0.0
 31
0.0
  0
LINE
  5
9D2
330
9CD
100
AcDbEntity
  8
Smart Centers
 62
     0
440
 16777216
 48
0.75
100
AcDbLine
 10
2.678906
 20
0.0
 30
0.0
 11
8.65
 21
0.0
 31
0.0
  0
LINE
  5
9D3
330
9CD
100
AcDbEntity
  8
Smart Centers
 62
     0
440
 16777216
 48
0.75
100
AcDbLine
 10
0.0
 20
-8.65
 30
0.0
 11
0.0
 21
-2.678906
 31
0.0
  0
LINE
  5
9D4
330
9CD
100
AcDbEntity
  8
Smart Centers
 62
     0
440
 16777216
 48
0.75
100
AcDbLine
 10
0.0
 20
2.678906
 30
0.0
 11
0.0
 21
8.65
 31
0.0
  0
ENDBLK
  5
9D5
330
9CD
100
AcDbEntity
  8
0
100
AcDbBlockEnd
  0
BLOCK
  5
9D8
330
9D7
100
AcDbEntity
  8
0
100
AcDbBlockBegin
  2
*U179
 70
     1
 10
0.0
 20
0.0
 30
0.0
  3
*U179
  1

  0
LINE
  5
9D9
330
9D7
100
AcDbEntity
  8
Smart Centers
  6
Continuous
 62
     0
440
 16777216
 48
0.75
100
AcDbLine
 10
-0.892969
 20
0.0
 30
0.0
 11
0.892969
 21
0.0
 31
0.0
  0
LINE
  5
9DA
330
9D7
100
AcDbEntity
  8
Smart Centers
  6
Continuous
 62
     0
440
 16777216
 48
0.75
100
AcDbLine
 10
0.0
 20
-0.892969
 30
0.0
 11
0.0
 21
0.892969
 31
0.0
  0
LINE
  5
9DB
330
9D7
100
AcDbEntity
  8
Smart Centers
 62
     0
440
 16777216
 48
0.75
100
AcDbLine
 10
-8.65
 20
0.0
 30
0.0
 11
-2.678906
 21
0.0
 31
0.0
  0
LINE
  5
9DC
330
9D7
100
AcDbEntity
  8
Smart Centers
 62
     0
440
 16777216
 48
0.75
100
AcDbLine
 10
2.678906
 20
0.0
 30
0.0
 11
8.65
 21
0.0
 31
0.0
  0
LINE
  5
9DD
330
9D7
100
AcDbEntity
  8
Smart Centers
 62
     0
440
 16777216
 48
0.75
100
AcDbLine
 10
0.0
 20
-8.65
 30
0.0
 11
0.0
 21
-2.678906
 31
0.0
  0
LINE
  5
9DE
330
9D7
100
AcDbEntity
  8
Smart Centers
 62
     0
440
 16777216
 48
0.75
100
AcDbLine
 10
0.0
 20
2.678906
 30
0.0
 11
0.0
 21
8.65
 31
0.0
  0
ENDBLK
  5
9DF
330
9D7
100
AcDbEntity
  8
0
100
AcDbBlockEnd
  0
BLOCK
  5
9E2
330
9E1
100
AcDbEntity
  8
0
100
AcDbBlockBegin
  2
*U180
 70
     1
 10
0.0
 20
0.0
 30
0.0
  3
*U180
  1

  0
LINE
  5
9E3
330
9E1
100
AcDbEntity
  8
Smart Centers
  6
Continuous
 62
     0
440
 16777216
 48
0.75
100
AcDbLine
 10
-0.892969
 20
0.0
 30
0.0
 11
0.892969
 21
0.0
 31
0.0
  0
LINE
  5
9E4
330
9E1
100
AcDbEntity
  8
Smart Centers
  6
Continuous
 62
     0
440
 16777216
 48
0.75
100
AcDbLine
 10
0.0
 20
-0.892969
 30
0.0
 11
0.0
 21
0.892969
 31
0.0
  0
LINE
  5
9E5
330
9E1
100
AcDbEntity
  8
Smart Centers
 62
     0
440
 16777216
 48
0.75
100
AcDbLine
 10
-8.65
 20
0.0
 30
0.0
 11
-2.678906
 21
0.0
 31
0.0
  0
LINE
  5
9E6
330
9E1
100
AcDbEntity
  8
Smart Centers
 62
     0
440
 16777216
 48
0.75
100
AcDbLine
 10
2.678906
 20
0.0
 30
0.0
 11
8.65
 21
0.0
 31
0.0
  0
LINE
  5
9E7
330
9E1
100
AcDbEntity
  8
Smart Centers
 62
     0
440
 16777216
 48
0.75
100
AcDbLine
 10
0.0
 20
-8.65
 30
0.0
 11
0.0
 21
-2.678906
 31
0.0
  0
LINE
  5
9E8
330
9E1
100
AcDbEntity
  8
Smart Centers
 62
     0
440
 16777216
 48
0.75
100
AcDbLine
 10
0.0
 20
2.678906
 30
0.0
 11
0.0
 21
8.65
 31
0.0
  0
ENDBLK
  5
9E9
330
9E1
100
AcDbEntity
  8
0
100
AcDbBlockEnd
  0
BLOCK
  5
9EC
330
9EB
100
AcDbEntity
  8
0
100
AcDbBlockBegin
  2
*U181
 70
     1
 10
0.0
 20
0.0
 30
0.0
  3
*U181
  1

  0
LINE
  5
9ED
330
9EB
100
AcDbEntity
  8
Smart Centers
  6
Continuous
 62
     0
440
 16777216
 48
0.75
100
AcDbLine
 10
-0.892969
 20
0.0
 30
0.0
 11
0.892969
 21
0.0
 31
0.0
  0
LINE
  5
9EE
330
9EB
100
AcDbEntity
  8
Smart Centers
  6
Continuous
 62
     0
440
 16777216
 48
0.75
100
AcDbLine
 10
0.0
 20
-0.892969
 30
0.0
 11
0.0
 21
0.892969
 31
0.0
  0
LINE
  5
9EF
330
9EB
100
AcDbEntity
  8
Smart Centers
 62
     0
440
 16777216
 48
0.75
100
AcDbLine
 10
-8.65
 20
0.0
 30
0.0
 11
-2.678906
 21
0.0
 31
0.0
  0
LINE
  5
9F0
330
9EB
100
AcDbEntity
  8
Smart Centers
 62
     0
440
 16777216
 48
0.75
100
AcDbLine
 10
2.678906
 20
0.0
 30
0.0
 11
8.65
 21
0.0
 31
0.0
  0
LINE
  5
9F1
330
9EB
100
AcDbEntity
  8
Smart Centers
 62
     0
440
 16777216
 48
0.75
100
AcDbLine
 10
0.0
 20
-8.65
 30
0.0
 11
0.0
 21
-2.678906
 31
0.0
  0
LINE
  5
9F2
330
9EB
100
AcDbEntity
  8
Smart Centers
 62
     0
440
 16777216
 48
0.75
100
AcDbLine
 10
0.0
 20
2.678906
 30
0.0
 11
0.0
 21
8.65
 31
0.0
  0
ENDBLK
  5
9F3
330
9EB
100
AcDbEntity
  8
0
100
AcDbBlockEnd
  0
BLOCK
  5
9F6
330
9F5
100
AcDbEntity
  8
0
100
AcDbBlockBegin
  2
*U182
 70
     1
 10
0.0
 20
0.0
 30
0.0
  3
*U182
  1

  0
LINE
  5
9F7
330
9F5
100
AcDbEntity
  8
Smart Centers
  6
Continuous
 62
     0
440
 16777216
 48
0.75
100
AcDbLine
 10
-0.892969
 20
0.0
 30
0.0
 11
0.892969
 21
0.0
 31
0.0
  0
LINE
  5
9F8
330
9F5
100
AcDbEntity
  8
Smart Centers
  6
Continuous
 62
     0
440
 16777216
 48
0.75
100
AcDbLine
 10
0.0
 20
-0.892969
 30
0.0
 11
0.0
 21
0.892969
 31
0.0
  0
LINE
  5
9F9
330
9F5
100
AcDbEntity
  8
Smart Centers
 62
     0
440
 16777216
 48
0.75
100
AcDbLine
 10
-8.65
 20
0.0
 30
0.0
 11
-2.678906
 21
0.0
 31
0.0
  0
LINE
  5
9FA
330
9F5
100
AcDbEntity
  8
Smart Centers
 62
     0
440
 16777216
 48
0.75
100
AcDbLine
 10
2.678906
 20
0.0
 30
0.0
 11
8.65
 21
0.0
 31
0.0
  0
LINE
  5
9FB
330
9F5
100
AcDbEntity
  8
Smart Centers
 62
     0
440
 16777216
 48
0.75
100
AcDbLine
 10
0.0
 20
-8.65
 30
0.0
 11
0.0
 21
-2.678906
 31
0.0
  0
LINE
  5
9FC
330
9F5
100
AcDbEntity
  8
Smart Centers
 62
     0
440
 16777216
 48
0.75
100
AcDbLine
 10
0.0
 20
2.678906
 30
0.0
 11
0.0
 21
8.65
 31
0.0
  0
ENDBLK
  5
9FD
330
9F5
100
AcDbEntity
  8
0
100
AcDbBlockEnd
  0
BLOCK
  5
A00
330
9FF
100
AcDbEntity
  8
0
100
AcDbBlockBegin
  2
*U183
 70
     1
 10
0.0
 20
0.0
 30
0.0
  3
*U183
  1

  0
LINE
  5
A01
330
9FF
100
AcDbEntity
  8
Smart Centers
  6
Continuous
 62
     0
440
 16777216
 48
0.75
100
AcDbLine
 10
-0.892969
 20
0.0
 30
0.0
 11
0.892969
 21
0.0
 31
0.0
  0
LINE
  5
A02
330
9FF
100
AcDbEntity
  8
Smart Centers
  6
Continuous
 62
     0
440
 16777216
 48
0.75
100
AcDbLine
 10
0.0
 20
-0.892969
 30
0.0
 11
0.0
 21
0.892969
 31
0.0
  0
LINE
  5
A03
330
9FF
100
AcDbEntity
  8
Smart Centers
 62
     0
440
 16777216
 48
0.75
100
AcDbLine
 10
-8.65
 20
0.0
 30
0.0
 11
-2.678906
 21
0.0
 31
0.0
  0
LINE
  5
A04
330
9FF
100
AcDbEntity
  8
Smart Centers
 62
     0
440
 16777216
 48
0.75
100
AcDbLine
 10
2.678906
 20
0.0
 30
0.0
 11
8.65
 21
0.0
 31
0.0
  0
LINE
  5
A05
330
9FF
100
AcDbEntity
  8
Smart Centers
 62
     0
440
 16777216
 48
0.75
100
AcDbLine
 10
0.0
 20
-8.65
 30
0.0
 11
0.0
 21
-2.678906
 31
0.0
  0
LINE
  5
A06
330
9FF
100
AcDbEntity
  8
Smart Centers
 62
     0
440
 16777216
 48
0.75
100
AcDbLine
 10
0.0
 20
2.678906
 30
0.0
 11
0.0
 21
8.65
 31
0.0
  0
ENDBLK
  5
A07
330
9FF
100
AcDbEntity
  8
0
100
AcDbBlockEnd
  0
BLOCK
  5
A0A
330
A09
100
AcDbEntity
  8
0
100
AcDbBlockBegin
  2
*U184
 70
     1
 10
0.0
 20
0.0
 30
0.0
  3
*U184
  1

  0
LINE
  5
A0B
330
A09
100
AcDbEntity
  8
Smart Centers
  6
Continuous
 62
     0
440
 16777216
 48
0.75
100
AcDbLine
 10
-0.892969
 20
0.0
 30
0.0
 11
0.892969
 21
0.0
 31
0.0
  0
LINE
  5
A0C
330
A09
100
AcDbEntity
  8
Smart Centers
  6
Continuous
 62
     0
440
 16777216
 48
0.75
100
AcDbLine
 10
0.0
 20
-0.892969
 30
0.0
 11
0.0
 21
0.892969
 31
0.0
  0
LINE
  5
A0D
330
A09
100
AcDbEntity
  8
Smart Centers
 62
     0
440
 16777216
 48
0.75
100
AcDbLine
 10
-8.65
 20
0.0
 30
0.0
 11
-2.678906
 21
0.0
 31
0.0
  0
LINE
  5
A0E
330
A09
100
AcDbEntity
  8
Smart Centers
 62
     0
440
 16777216
 48
0.75
100
AcDbLine
 10
2.678906
 20
0.0
 30
0.0
 11
8.65
 21
0.0
 31
0.0
  0
LINE
  5
A0F
330
A09
100
AcDbEntity
  8
Smart Centers
 62
     0
440
 16777216
 48
0.75
100
AcDbLine
 10
0.0
 20
-8.65
 30
0.0
 11
0.0
 21
-2.678906
 31
0.0
  0
LINE
  5
A10
330
A09
100
AcDbEntity
  8
Smart Centers
 62
     0
440
 16777216
 48
0.75
100
AcDbLine
 10
0.0
 20
2.678906
 30
0.0
 11
0.0
 21
8.65
 31
0.0
  0
ENDBLK
  5
A11
330
A09
100
AcDbEntity
  8
0
100
AcDbBlockEnd
  0
BLOCK
  5
A14
330
A13
100
AcDbEntity
  8
0
100
AcDbBlockBegin
  2
*U185
 70
     1
 10
0.0
 20
0.0
 30
0.0
  3
*U185
  1

  0
LINE
  5
A15
330
A13
100
AcDbEntity
  8
Smart Centers
  6
Continuous
 62
     0
440
 16777216
 48
0.75
100
AcDbLine
 10
-0.892969
 20
0.0
 30
0.0
 11
0.892969
 21
0.0
 31
0.0
  0
LINE
  5
A16
330
A13
100
AcDbEntity
  8
Smart Centers
  6
Continuous
 62
     0
440
 16777216
 48
0.75
100
AcDbLine
 10
0.0
 20
-0.892969
 30
0.0
 11
0.0
 21
0.892969
 31
0.0
  0
LINE
  5
A17
330
A13
100
AcDbEntity
  8
Smart Centers
 62
     0
440
 16777216
 48
0.75
100
AcDbLine
 10
-8.65
 20
0.0
 30
0.0
 11
-2.678906
 21
0.0
 31
0.0
  0
LINE
  5
A18
330
A13
100
AcDbEntity
  8
Smart Centers
 62
     0
440
 16777216
 48
0.75
100
AcDbLine
 10
2.678906
 20
0.0
 30
0.0
 11
8.65
 21
0.0
 31
0.0
  0
LINE
  5
A19
330
A13
100
AcDbEntity
  8
Smart Centers
 62
     0
440
 16777216
 48
0.75
100
AcDbLine
 10
0.0
 20
-8.65
 30
0.0
 11
0.0
 21
-2.678906
 31
0.0
  0
LINE
  5
A1A
330
A13
100
AcDbEntity
  8
Smart Centers
 62
     0
440
 16777216
 48
0.75
100
AcDbLine
 10
0.0
 20
2.678906
 30
0.0
 11
0.0
 21
8.65
 31
0.0
  0
ENDBLK
  5
A1B
330
A13
100
AcDbEntity
  8
0
100
AcDbBlockEnd
  0
BLOCK
  5
A1E
330
A1D
100
AcDbEntity
  8
0
100
AcDbBlockBegin
  2
*U186
 70
     1
 10
0.0
 20
0.0
 30
0.0
  3
*U186
  1

  0
LINE
  5
A1F
330
A1D
100
AcDbEntity
  8
Smart Centers
  6
Continuous
 62
     0
440
 16777216
 48
0.75
100
AcDbLine
 10
-0.892969
 20
0.0
 30
0.0
 11
0.892969
 21
0.0
 31
0.0
  0
LINE
  5
A20
330
A1D
100
AcDbEntity
  8
Smart Centers
  6
Continuous
 62
     0
440
 16777216
 48
0.75
100
AcDbLine
 10
0.0
 20
-0.892969
 30
0.0
 11
0.0
 21
0.892969
 31
0.0
  0
LINE
  5
A21
330
A1D
100
AcDbEntity
  8
Smart Centers
 62
     0
440
 16777216
 48
0.75
100
AcDbLine
 10
-8.65
 20
0.0
 30
0.0
 11
-2.678906
 21
0.0
 31
0.0
  0
LINE
  5
A22
330
A1D
100
AcDbEntity
  8
Smart Centers
 62
     0
440
 16777216
 48
0.75
100
AcDbLine
 10
2.678906
 20
0.0
 30
0.0
 11
8.65
 21
0.0
 31
0.0
  0
LINE
  5
A23
330
A1D
100
AcDbEntity
  8
Smart Centers
 62
     0
440
 16777216
 48
0.75
100
AcDbLine
 10
0.0
 20
-8.65
 30
0.0
 11
0.0
 21
-2.678906
 31
0.0
  0
LINE
  5
A24
330
A1D
100
AcDbEntity
  8
Smart Centers
 62
     0
440
 16777216
 48
0.75
100
AcDbLine
 10
0.0
 20
2.678906
 30
0.0
 11
0.0
 21
8.65
 31
0.0
  0
ENDBLK
  5
A25
330
A1D
100
AcDbEntity
  8
0
100
AcDbBlockEnd
  0
BLOCK
  5
A28
330
A27
100
AcDbEntity
  8
0
100
AcDbBlockBegin
  2
*U187
 70
     1
 10
0.0
 20
0.0
 30
0.0
  3
*U187
  1

  0
LINE
  5
A29
330
A27
100
AcDbEntity
  8
Smart Centers
  6
Continuous
 62
     0
440
 16777216
 48
0.75
100
AcDbLine
 10
-0.892969
 20
0.0
 30
0.0
 11
0.892969
 21
0.0
 31
0.0
  0
LINE
  5
A2A
330
A27
100
AcDbEntity
  8
Smart Centers
  6
Continuous
 62
     0
440
 16777216
 48
0.75
100
AcDbLine
 10
0.0
 20
-0.892969
 30
0.0
 11
0.0
 21
0.892969
 31
0.0
  0
LINE
  5
A2B
330
A27
100
AcDbEntity
  8
Smart Centers
 62
     0
440
 16777216
 48
0.75
100
AcDbLine
 10
-8.65
 20
0.0
 30
0.0
 11
-2.678906
 21
0.0
 31
0.0
  0
LINE
  5
A2C
330
A27
100
AcDbEntity
  8
Smart Centers
 62
     0
440
 16777216
 48
0.75
100
AcDbLine
 10
2.678906
 20
0.0
 30
0.0
 11
8.65
 21
0.0
 31
0.0
  0
LINE
  5
A2D
330
A27
100
AcDbEntity
  8
Smart Centers
 62
     0
440
 16777216
 48
0.75
100
AcDbLine
 10
0.0
 20
-8.65
 30
0.0
 11
0.0
 21
-2.678906
 31
0.0
  0
LINE
  5
A2E
330
A27
100
AcDbEntity
  8
Smart Centers
 62
     0
440
 16777216
 48
0.75
100
AcDbLine
 10
0.0
 20
2.678906
 30
0.0
 11
0.0
 21
8.65
 31
0.0
  0
ENDBLK
  5
A2F
330
A27
100
AcDbEntity
  8
0
100
AcDbBlockEnd
  0
BLOCK
  5
A32
330
A31
100
AcDbEntity
  8
0
100
AcDbBlockBegin
  2
*U188
 70
     1
 10
0.0
 20
0.0
 30
0.0
  3
*U188
  1

  0
LINE
  5
A33
330
A31
100
AcDbEntity
  8
Smart Centers
  6
Continuous
 62
     0
440
 16777216
 48
0.75
100
AcDbLine
 10
-0.892969
 20
0.0
 30
0.0
 11
0.892969
 21
0.0
 31
0.0
  0
LINE
  5
A34
330
A31
100
AcDbEntity
  8
Smart Centers
  6
Continuous
 62
     0
440
 16777216
 48
0.75
100
AcDbLine
 10
0.0
 20
-0.892969
 30
0.0
 11
0.0
 21
0.892969
 31
0.0
  0
LINE
  5
A35
330
A31
100
AcDbEntity
  8
Smart Centers
 62
     0
440
 16777216
 48
0.75
100
AcDbLine
 10
-8.65
 20
0.0
 30
0.0
 11
-2.678906
 21
0.0
 31
0.0
  0
LINE
  5
A36
330
A31
100
AcDbEntity
  8
Smart Centers
 62
     0
440
 16777216
 48
0.75
100
AcDbLine
 10
2.678906
 20
0.0
 30
0.0
 11
8.65
 21
0.0
 31
0.0
  0
LINE
  5
A37
330
A31
100
AcDbEntity
  8
Smart Centers
 62
     0
440
 16777216
 48
0.75
100
AcDbLine
 10
0.0
 20
-8.65
 30
0.0
 11
0.0
 21
-2.678906
 31
0.0
  0
LINE
  5
A38
330
A31
100
AcDbEntity
  8
Smart Centers
 62
     0
440
 16777216
 48
0.75
100
AcDbLine
 10
0.0
 20
2.678906
 30
0.0
 11
0.0
 21
8.65
 31
0.0
  0
ENDBLK
  5
A39
330
A31
100
AcDbEntity
  8
0
100
AcDbBlockEnd
  0
BLOCK
  5
A3C
330
A3B
100
AcDbEntity
  8
0
100
AcDbBlockBegin
  2
*U189
 70
     1
 10
0.0
 20
0.0
 30
0.0
  3
*U189
  1

  0
LINE
  5
A3D
330
A3B
100
AcDbEntity
  8
Smart Centers
  6
Continuous
 62
     0
440
 16777216
 48
0.75
100
AcDbLine
 10
-0.892969
 20
0.0
 30
0.0
 11
0.892969
 21
0.0
 31
0.0
  0
LINE
  5
A3E
330
A3B
100
AcDbEntity
  8
Smart Centers
  6
Continuous
 62
     0
440
 16777216
 48
0.75
100
AcDbLine
 10
0.0
 20
-0.892969
 30
0.0
 11
0.0
 21
0.892969
 31
0.0
  0
LINE
  5
A3F
330
A3B
100
AcDbEntity
  8
Smart Centers
 62
     0
440
 16777216
 48
0.75
100
AcDbLine
 10
-8.65
 20
0.0
 30
0.0
 11
-2.678906
 21
0.0
 31
0.0
  0
LINE
  5
A40
330
A3B
100
AcDbEntity
  8
Smart Centers
 62
     0
440
 16777216
 48
0.75
100
AcDbLine
 10
2.678906
 20
0.0
 30
0.0
 11
8.65
 21
0.0
 31
0.0
  0
LINE
  5
A41
330
A3B
100
AcDbEntity
  8
Smart Centers
 62
     0
440
 16777216
 48
0.75
100
AcDbLine
 10
0.0
 20
-8.65
 30
0.0
 11
0.0
 21
-2.678906
 31
0.0
  0
LINE
  5
A42
330
A3B
100
AcDbEntity
  8
Smart Centers
 62
     0
440
 16777216
 48
0.75
100
AcDbLine
 10
0.0
 20
2.678906
 30
0.0
 11
0.0
 21
8.65
 31
0.0
  0
ENDBLK
  5
A43
330
A3B
100
AcDbEntity
  8
0
100
AcDbBlockEnd
  0
BLOCK
  5
A46
330
A45
100
AcDbEntity
  8
0
100
AcDbBlockBegin
  2
*U190
 70
     1
 10
0.0
 20
0.0
 30
0.0
  3
*U190
  1

  0
LINE
  5
A47
330
A45
100
AcDbEntity
  8
Smart Centers
  6
Continuous
 62
     0
440
 16777216
 48
0.75
100
AcDbLine
 10
-0.892969
 20
0.0
 30
0.0
 11
0.892969
 21
0.0
 31
0.0
  0
LINE
  5
A48
330
A45
100
AcDbEntity
  8
Smart Centers
  6
Continuous
 62
     0
440
 16777216
 48
0.75
100
AcDbLine
 10
0.0
 20
-0.892969
 30
0.0
 11
0.0
 21
0.892969
 31
0.0
  0
LINE
  5
A49
330
A45
100
AcDbEntity
  8
Smart Centers
 62
     0
440
 16777216
 48
0.75
100
AcDbLine
 10
-8.65
 20
0.0
 30
0.0
 11
-2.678906
 21
0.0
 31
0.0
  0
LINE
  5
A4A
330
A45
100
AcDbEntity
  8
Smart Centers
 62
     0
440
 16777216
 48
0.75
100
AcDbLine
 10
2.678906
 20
0.0
 30
0.0
 11
8.65
 21
0.0
 31
0.0
  0
LINE
  5
A4B
330
A45
100
AcDbEntity
  8
Smart Centers
 62
     0
440
 16777216
 48
0.75
100
AcDbLine
 10
0.0
 20
-8.65
 30
0.0
 11
0.0
 21
-2.678906
 31
0.0
  0
LINE
  5
A4C
330
A45
100
AcDbEntity
  8
Smart Centers
 62
     0
440
 16777216
 48
0.75
100
AcDbLine
 10
0.0
 20
2.678906
 30
0.0
 11
0.0
 21
8.65
 31
0.0
  0
ENDBLK
  5
A4D
330
A45
100
AcDbEntity
  8
0
100
AcDbBlockEnd
  0
BLOCK
  5
A50
330
A4F
100
AcDbEntity
  8
0
100
AcDbBlockBegin
  2
*U191
 70
     1
 10
0.0
 20
0.0
 30
0.0
  3
*U191
  1

  0
LINE
  5
A51
330
A4F
100
AcDbEntity
  8
Smart Centers
  6
Continuous
 62
     0
440
 16777216
 48
0.75
100
AcDbLine
 10
-0.892969
 20
0.0
 30
0.0
 11
0.892969
 21
0.0
 31
0.0
  0
LINE
  5
A52
330
A4F
100
AcDbEntity
  8
Smart Centers
  6
Continuous
 62
     0
440
 16777216
 48
0.75
100
AcDbLine
 10
0.0
 20
-0.892969
 30
0.0
 11
0.0
 21
0.892969
 31
0.0
  0
LINE
  5
A53
330
A4F
100
AcDbEntity
  8
Smart Centers
 62
     0
440
 16777216
 48
0.75
100
AcDbLine
 10
-8.65
 20
0.0
 30
0.0
 11
-2.678906
 21
0.0
 31
0.0
  0
LINE
  5
A54
330
A4F
100
AcDbEntity
  8
Smart Centers
 62
     0
440
 16777216
 48
0.75
100
AcDbLine
 10
2.678906
 20
0.0
 30
0.0
 11
8.65
 21
0.0
 31
0.0
  0
LINE
  5
A55
330
A4F
100
AcDbEntity
  8
Smart Centers
 62
     0
440
 16777216
 48
0.75
100
AcDbLine
 10
0.0
 20
-8.65
 30
0.0
 11
0.0
 21
-2.678906
 31
0.0
  0
LINE
  5
A56
330
A4F
100
AcDbEntity
  8
Smart Centers
 62
     0
440
 16777216
 48
0.75
100
AcDbLine
 10
0.0
 20
2.678906
 30
0.0
 11
0.0
 21
8.65
 31
0.0
  0
ENDBLK
  5
A57
330
A4F
100
AcDbEntity
  8
0
100
AcDbBlockEnd
  0
BLOCK
  5
A5A
330
A59
100
AcDbEntity
  8
0
100
AcDbBlockBegin
  2
*U192
 70
     1
 10
0.0
 20
0.0
 30
0.0
  3
*U192
  1

  0
LINE
  5
A5B
330
A59
100
AcDbEntity
  8
Smart Centers
  6
Continuous
 62
     0
440
 16777216
 48
0.75
100
AcDbLine
 10
-0.892969
 20
0.0
 30
0.0
 11
0.892969
 21
0.0
 31
0.0
  0
LINE
  5
A5C
330
A59
100
AcDbEntity
  8
Smart Centers
  6
Continuous
 62
     0
440
 16777216
 48
0.75
100
AcDbLine
 10
0.0
 20
-0.892969
 30
0.0
 11
0.0
 21
0.892969
 31
0.0
  0
LINE
  5
A5D
330
A59
100
AcDbEntity
  8
Smart Centers
 62
     0
440
 16777216
 48
0.75
100
AcDbLine
 10
-8.65
 20
0.0
 30
0.0
 11
-2.678906
 21
0.0
 31
0.0
  0
LINE
  5
A5E
330
A59
100
AcDbEntity
  8
Smart Centers
 62
     0
440
 16777216
 48
0.75
100
AcDbLine
 10
2.678906
 20
0.0
 30
0.0
 11
8.65
 21
0.0
 31
0.0
  0
LINE
  5
A5F
330
A59
100
AcDbEntity
  8
Smart Centers
 62
     0
440
 16777216
 48
0.75
100
AcDbLine
 10
0.0
 20
-8.65
 30
0.0
 11
0.0
 21
-2.678906
 31
0.0
  0
LINE
  5
A60
330
A59
100
AcDbEntity
  8
Smart Centers
 62
     0
440
 16777216
 48
0.75
100
AcDbLine
 10
0.0
 20
2.678906
 30
0.0
 11
0.0
 21
8.65
 31
0.0
  0
ENDBLK
  5
A61
330
A59
100
AcDbEntity
  8
0
100
AcDbBlockEnd
  0
BLOCK
  5
A64
330
A63
100
AcDbEntity
  8
0
100
AcDbBlockBegin
  2
*U193
 70
     1
 10
0.0
 20
0.0
 30
0.0
  3
*U193
  1

  0
LINE
  5
A65
330
A63
100
AcDbEntity
  8
Smart Centers
  6
Continuous
 62
     0
440
 16777216
 48
0.75
100
AcDbLine
 10
-0.892969
 20
0.0
 30
0.0
 11
0.892969
 21
0.0
 31
0.0
  0
LINE
  5
A66
330
A63
100
AcDbEntity
  8
Smart Centers
  6
Continuous
 62
     0
440
 16777216
 48
0.75
100
AcDbLine
 10
0.0
 20
-0.892969
 30
0.0
 11
0.0
 21
0.892969
 31
0.0
  0
LINE
  5
A67
330
A63
100
AcDbEntity
  8
Smart Centers
 62
     0
440
 16777216
 48
0.75
100
AcDbLine
 10
-8.65
 20
0.0
 30
0.0
 11
-2.678906
 21
0.0
 31
0.0
  0
LINE
  5
A68
330
A63
100
AcDbEntity
  8
Smart Centers
 62
     0
440
 16777216
 48
0.75
100
AcDbLine
 10
2.678906
 20
0.0
 30
0.0
 11
8.65
 21
0.0
 31
0.0
  0
LINE
  5
A69
330
A63
100
AcDbEntity
  8
Smart Centers
 62
     0
440
 16777216
 48
0.75
100
AcDbLine
 10
0.0
 20
-8.65
 30
0.0
 11
0.0
 21
-2.678906
 31
0.0
  0
LINE
  5
A6A
330
A63
100
AcDbEntity
  8
Smart Centers
 62
     0
440
 16777216
 48
0.75
100
AcDbLine
 10
0.0
 20
2.678906
 30
0.0
 11
0.0
 21
8.65
 31
0.0
  0
ENDBLK
  5
A6B
330
A63
100
AcDbEntity
  8
0
100
AcDbBlockEnd
  0
BLOCK
  5
A6E
330
A6D
100
AcDbEntity
  8
0
100
AcDbBlockBegin
  2
*U194
 70
     1
 10
0.0
 20
0.0
 30
0.0
  3
*U194
  1

  0
LINE
  5
A6F
330
A6D
100
AcDbEntity
  8
Smart Centers
  6
Continuous
 62
     0
440
 16777216
 48
0.75
100
AcDbLine
 10
-0.892969
 20
0.0
 30
0.0
 11
0.892969
 21
0.0
 31
0.0
  0
LINE
  5
A70
330
A6D
100
AcDbEntity
  8
Smart Centers
  6
Continuous
 62
     0
440
 16777216
 48
0.75
100
AcDbLine
 10
0.0
 20
-0.892969
 30
0.0
 11
0.0
 21
0.892969
 31
0.0
  0
LINE
  5
A71
330
A6D
100
AcDbEntity
  8
Smart Centers
 62
     0
440
 16777216
 48
0.75
100
AcDbLine
 10
-8.65
 20
0.0
 30
0.0
 11
-2.678906
 21
0.0
 31
0.0
  0
LINE
  5
A72
330
A6D
100
AcDbEntity
  8
Smart Centers
 62
     0
440
 16777216
 48
0.75
100
AcDbLine
 10
2.678906
 20
0.0
 30
0.0
 11
8.65
 21
0.0
 31
0.0
  0
LINE
  5
A73
330
A6D
100
AcDbEntity
  8
Smart Centers
 62
     0
440
 16777216
 48
0.75
100
AcDbLine
 10
0.0
 20
-8.65
 30
0.0
 11
0.0
 21
-2.678906
 31
0.0
  0
LINE
  5
A74
330
A6D
100
AcDbEntity
  8
Smart Centers
 62
     0
440
 16777216
 48
0.75
100
AcDbLine
 10
0.0
 20
2.678906
 30
0.0
 11
0.0
 21
8.65
 31
0.0
  0
ENDBLK
  5
A75
330
A6D
100
AcDbEntity
  8
0
100
AcDbBlockEnd
  0
BLOCK
  5
A78
330
A77
100
AcDbEntity
  8
0
100
AcDbBlockBegin
  2
*U195
 70
     1
 10
0.0
 20
0.0
 30
0.0
  3
*U195
  1

  0
LINE
  5
A79
330
A77
100
AcDbEntity
  8
Smart Centers
  6
Continuous
 62
     0
440
 16777216
 48
0.75
100
AcDbLine
 10
-0.892969
 20
0.0
 30
0.0
 11
0.892969
 21
0.0
 31
0.0
  0
LINE
  5
A7A
330
A77
100
AcDbEntity
  8
Smart Centers
  6
Continuous
 62
     0
440
 16777216
 48
0.75
100
AcDbLine
 10
0.0
 20
-0.892969
 30
0.0
 11
0.0
 21
0.892969
 31
0.0
  0
LINE
  5
A7B
330
A77
100
AcDbEntity
  8
Smart Centers
 62
     0
440
 16777216
 48
0.75
100
AcDbLine
 10
-8.65
 20
0.0
 30
0.0
 11
-2.678906
 21
0.0
 31
0.0
  0
LINE
  5
A7C
330
A77
100
AcDbEntity
  8
Smart Centers
 62
     0
440
 16777216
 48
0.75
100
AcDbLine
 10
2.678906
 20
0.0
 30
0.0
 11
8.65
 21
0.0
 31
0.0
  0
LINE
  5
A7D
330
A77
100
AcDbEntity
  8
Smart Centers
 62
     0
440
 16777216
 48
0.75
100
AcDbLine
 10
0.0
 20
-8.65
 30
0.0
 11
0.0
 21
-2.678906
 31
0.0
  0
LINE
  5
A7E
330
A77
100
AcDbEntity
  8
Smart Centers
 62
     0
440
 16777216
 48
0.75
100
AcDbLine
 10
0.0
 20
2.678906
 30
0.0
 11
0.0
 21
8.65
 31
0.0
  0
ENDBLK
  5
A7F
330
A77
100
AcDbEntity
  8
0
100
AcDbBlockEnd
  0
BLOCK
  5
A82
330
A81
100
AcDbEntity
  8
0
100
AcDbBlockBegin
  2
*U196
 70
     1
 10
0.0
 20
0.0
 30
0.0
  3
*U196
  1

  0
LINE
  5
A83
330
A81
100
AcDbEntity
  8
Smart Centers
  6
Continuous
 62
     0
440
 16777216
 48
0.75
100
AcDbLine
 10
-0.892969
 20
0.0
 30
0.0
 11
0.892969
 21
0.0
 31
0.0
  0
LINE
  5
A84
330
A81
100
AcDbEntity
  8
Smart Centers
  6
Continuous
 62
     0
440
 16777216
 48
0.75
100
AcDbLine
 10
0.0
 20
-0.892969
 30
0.0
 11
0.0
 21
0.892969
 31
0.0
  0
LINE
  5
A85
330
A81
100
AcDbEntity
  8
Smart Centers
 62
     0
440
 16777216
 48
0.75
100
AcDbLine
 10
-8.65
 20
0.0
 30
0.0
 11
-2.678906
 21
0.0
 31
0.0
  0
LINE
  5
A86
330
A81
100
AcDbEntity
  8
Smart Centers
 62
     0
440
 16777216
 48
0.75
100
AcDbLine
 10
2.678906
 20
0.0
 30
0.0
 11
8.65
 21
0.0
 31
0.0
  0
LINE
  5
A87
330
A81
100
AcDbEntity
  8
Smart Centers
 62
     0
440
 16777216
 48
0.75
100
AcDbLine
 10
0.0
 20
-8.65
 30
0.0
 11
0.0
 21
-2.678906
 31
0.0
  0
LINE
  5
A88
330
A81
100
AcDbEntity
  8
Smart Centers
 62
     0
440
 16777216
 48
0.75
100
AcDbLine
 10
0.0
 20
2.678906
 30
0.0
 11
0.0
 21
8.65
 31
0.0
  0
ENDBLK
  5
A89
330
A81
100
AcDbEntity
  8
0
100
AcDbBlockEnd
  0
BLOCK
  5
A8C
330
A8B
100
AcDbEntity
  8
0
100
AcDbBlockBegin
  2
*U197
 70
     1
 10
0.0
 20
0.0
 30
0.0
  3
*U197
  1

  0
LINE
  5
A8D
330
A8B
100
AcDbEntity
  8
Smart Centers
  6
Continuous
 62
     0
440
 16777216
 48
0.75
100
AcDbLine
 10
-0.892969
 20
0.0
 30
0.0
 11
0.892969
 21
0.0
 31
0.0
  0
LINE
  5
A8E
330
A8B
100
AcDbEntity
  8
Smart Centers
  6
Continuous
 62
     0
440
 16777216
 48
0.75
100
AcDbLine
 10
0.0
 20
-0.892969
 30
0.0
 11
0.0
 21
0.892969
 31
0.0
  0
LINE
  5
A8F
330
A8B
100
AcDbEntity
  8
Smart Centers
 62
     0
440
 16777216
 48
0.75
100
AcDbLine
 10
-8.65
 20
0.0
 30
0.0
 11
-2.678906
 21
0.0
 31
0.0
  0
LINE
  5
A90
330
A8B
100
AcDbEntity
  8
Smart Centers
 62
     0
440
 16777216
 48
0.75
100
AcDbLine
 10
2.678906
 20
0.0
 30
0.0
 11
8.65
 21
0.0
 31
0.0
  0
LINE
  5
A91
330
A8B
100
AcDbEntity
  8
Smart Centers
 62
     0
440
 16777216
 48
0.75
100
AcDbLine
 10
0.0
 20
-8.65
 30
0.0
 11
0.0
 21
-2.678906
 31
0.0
  0
LINE
  5
A92
330
A8B
100
AcDbEntity
  8
Smart Centers
 62
     0
440
 16777216
 48
0.75
100
AcDbLine
 10
0.0
 20
2.678906
 30
0.0
 11
0.0
 21
8.65
 31
0.0
  0
ENDBLK
  5
A93
330
A8B
100
AcDbEntity
  8
0
100
AcDbBlockEnd
  0
BLOCK
  5
A96
330
A95
100
AcDbEntity
  8
0
100
AcDbBlockBegin
  2
*U198
 70
     1
 10
0.0
 20
0.0
 30
0.0
  3
*U198
  1

  0
LINE
  5
A97
330
A95
100
AcDbEntity
  8
Smart Centers
  6
Continuous
 62
     0
440
 16777216
 48
0.75
100
AcDbLine
 10
-0.892969
 20
0.0
 30
0.0
 11
0.892969
 21
0.0
 31
0.0
  0
LINE
  5
A98
330
A95
100
AcDbEntity
  8
Smart Centers
  6
Continuous
 62
     0
440
 16777216
 48
0.75
100
AcDbLine
 10
0.0
 20
-0.892969
 30
0.0
 11
0.0
 21
0.892969
 31
0.0
  0
LINE
  5
A99
330
A95
100
AcDbEntity
  8
Smart Centers
 62
     0
440
 16777216
 48
0.75
100
AcDbLine
 10
-8.65
 20
0.0
 30
0.0
 11
-2.678906
 21
0.0
 31
0.0
  0
LINE
  5
A9A
330
A95
100
AcDbEntity
  8
Smart Centers
 62
     0
440
 16777216
 48
0.75
100
AcDbLine
 10
2.678906
 20
0.0
 30
0.0
 11
8.65
 21
0.0
 31
0.0
  0
LINE
  5
A9B
330
A95
100
AcDbEntity
  8
Smart Centers
 62
     0
440
 16777216
 48
0.75
100
AcDbLine
 10
0.0
 20
-8.65
 30
0.0
 11
0.0
 21
-2.678906
 31
0.0
  0
LINE
  5
A9C
330
A95
100
AcDbEntity
  8
Smart Centers
 62
     0
440
 16777216
 48
0.75
100
AcDbLine
 10
0.0
 20
2.678906
 30
0.0
 11
0.0
 21
8.65
 31
0.0
  0
ENDBLK
  5
A9D
330
A95
100
AcDbEntity
  8
0
100
AcDbBlockEnd
  0
BLOCK
  5
AA0
330
A9F
100
AcDbEntity
  8
0
100
AcDbBlockBegin
  2
*U199
 70
     1
 10
0.0
 20
0.0
 30
0.0
  3
*U199
  1

  0
LINE
  5
AA1
330
A9F
100
AcDbEntity
  8
Smart Centers
  6
Continuous
 62
     0
440
 16777216
 48
0.75
100
AcDbLine
 10
-0.892969
 20
0.0
 30
0.0
 11
0.892969
 21
0.0
 31
0.0
  0
LINE
  5
AA2
330
A9F
100
AcDbEntity
  8
Smart Centers
  6
Continuous
 62
     0
440
 16777216
 48
0.75
100
AcDbLine
 10
0.0
 20
-0.892969
 30
0.0
 11
0.0
 21
0.892969
 31
0.0
  0
LINE
  5
AA3
330
A9F
100
AcDbEntity
  8
Smart Centers
 62
     0
440
 16777216
 48
0.75
100
AcDbLine
 10
-8.65
 20
0.0
 30
0.0
 11
-2.678906
 21
0.0
 31
0.0
  0
LINE
  5
AA4
330
A9F
100
AcDbEntity
  8
Smart Centers
 62
     0
440
 16777216
 48
0.75
100
AcDbLine
 10
2.678906
 20
0.0
 30
0.0
 11
8.65
 21
0.0
 31
0.0
  0
LINE
  5
AA5
330
A9F
100
AcDbEntity
  8
Smart Centers
 62
     0
440
 16777216
 48
0.75
100
AcDbLine
 10
0.0
 20
-8.65
 30
0.0
 11
0.0
 21
-2.678906
 31
0.0
  0
LINE
  5
AA6
330
A9F
100
AcDbEntity
  8
Smart Centers
 62
     0
440
 16777216
 48
0.75
100
AcDbLine
 10
0.0
 20
2.678906
 30
0.0
 11
0.0
 21
8.65
 31
0.0
  0
ENDBLK
  5
AA7
330
A9F
100
AcDbEntity
  8
0
100
AcDbBlockEnd
  0
BLOCK
  5
AAA
330
AA9
100
AcDbEntity
  8
0
100
AcDbBlockBegin
  2
*U200
 70
     1
 10
0.0
 20
0.0
 30
0.0
  3
*U200
  1

  0
LINE
  5
AAB
330
AA9
100
AcDbEntity
  8
Smart Centers
  6
Continuous
 62
     0
440
 16777216
 48
0.75
100
AcDbLine
 10
-0.892969
 20
0.0
 30
0.0
 11
0.892969
 21
0.0
 31
0.0
  0
LINE
  5
AAC
330
AA9
100
AcDbEntity
  8
Smart Centers
  6
Continuous
 62
     0
440
 16777216
 48
0.75
100
AcDbLine
 10
0.0
 20
-0.892969
 30
0.0
 11
0.0
 21
0.892969
 31
0.0
  0
LINE
  5
AAD
330
AA9
100
AcDbEntity
  8
Smart Centers
 62
     0
440
 16777216
 48
0.75
100
AcDbLine
 10
-8.65
 20
0.0
 30
0.0
 11
-2.678906
 21
0.0
 31
0.0
  0
LINE
  5
AAE
330
AA9
100
AcDbEntity
  8
Smart Centers
 62
     0
440
 16777216
 48
0.75
100
AcDbLine
 10
2.678906
 20
0.0
 30
0.0
 11
8.65
 21
0.0
 31
0.0
  0
LINE
  5
AAF
330
AA9
100
AcDbEntity
  8
Smart Centers
 62
     0
440
 16777216
 48
0.75
100
AcDbLine
 10
0.0
 20
-8.65
 30
0.0
 11
0.0
 21
-2.678906
 31
0.0
  0
LINE
  5
AB0
330
AA9
100
AcDbEntity
  8
Smart Centers
 62
     0
440
 16777216
 48
0.75
100
AcDbLine
 10
0.0
 20
2.678906
 30
0.0
 11
0.0
 21
8.65
 31
0.0
  0
ENDBLK
  5
AB1
330
AA9
100
AcDbEntity
  8
0
100
AcDbBlockEnd
  0
BLOCK
  5
AB4
330
AB3
100
AcDbEntity
  8
0
100
AcDbBlockBegin
  2
*U201
 70
     1
 10
0.0
 20
0.0
 30
0.0
  3
*U201
  1

  0
LINE
  5
AB5
330
AB3
100
AcDbEntity
  8
Smart Centers
  6
Continuous
 62
     0
440
 16777216
 48
0.75
100
AcDbLine
 10
-0.892969
 20
0.0
 30
0.0
 11
0.892969
 21
0.0
 31
0.0
  0
LINE
  5
AB6
330
AB3
100
AcDbEntity
  8
Smart Centers
  6
Continuous
 62
     0
440
 16777216
 48
0.75
100
AcDbLine
 10
0.0
 20
-0.892969
 30
0.0
 11
0.0
 21
0.892969
 31
0.0
  0
LINE
  5
AB7
330
AB3
100
AcDbEntity
  8
Smart Centers
 62
     0
440
 16777216
 48
0.75
100
AcDbLine
 10
-8.65
 20
0.0
 30
0.0
 11
-2.678906
 21
0.0
 31
0.0
  0
LINE
  5
AB8
330
AB3
100
AcDbEntity
  8
Smart Centers
 62
     0
440
 16777216
 48
0.75
100
AcDbLine
 10
2.678906
 20
0.0
 30
0.0
 11
8.65
 21
0.0
 31
0.0
  0
LINE
  5
AB9
330
AB3
100
AcDbEntity
  8
Smart Centers
 62
     0
440
 16777216
 48
0.75
100
AcDbLine
 10
0.0
 20
-8.65
 30
0.0
 11
0.0
 21
-2.678906
 31
0.0
  0
LINE
  5
ABA
330
AB3
100
AcDbEntity
  8
Smart Centers
 62
     0
440
 16777216
 48
0.75
100
AcDbLine
 10
0.0
 20
2.678906
 30
0.0
 11
0.0
 21
8.65
 31
0.0
  0
ENDBLK
  5
ABB
330
AB3
100
AcDbEntity
  8
0
100
AcDbBlockEnd
  0
BLOCK
  5
ABE
330
ABD
100
AcDbEntity
  8
0
100
AcDbBlockBegin
  2
*U202
 70
     1
 10
0.0
 20
0.0
 30
0.0
  3
*U202
  1

  0
LINE
  5
ABF
330
ABD
100
AcDbEntity
  8
Smart Centers
  6
Continuous
 62
     0
440
 16777216
 48
0.75
100
AcDbLine
 10
-0.892969
 20
0.0
 30
0.0
 11
0.892969
 21
0.0
 31
0.0
  0
LINE
  5
AC0
330
ABD
100
AcDbEntity
  8
Smart Centers
  6
Continuous
 62
     0
440
 16777216
 48
0.75
100
AcDbLine
 10
0.0
 20
-0.892969
 30
0.0
 11
0.0
 21
0.892969
 31
0.0
  0
LINE
  5
AC1
330
ABD
100
AcDbEntity
  8
Smart Centers
 62
     0
440
 16777216
 48
0.75
100
AcDbLine
 10
-8.65
 20
0.0
 30
0.0
 11
-2.678906
 21
0.0
 31
0.0
  0
LINE
  5
AC2
330
ABD
100
AcDbEntity
  8
Smart Centers
 62
     0
440
 16777216
 48
0.75
100
AcDbLine
 10
2.678906
 20
0.0
 30
0.0
 11
8.65
 21
0.0
 31
0.0
  0
LINE
  5
AC3
330
ABD
100
AcDbEntity
  8
Smart Centers
 62
     0
440
 16777216
 48
0.75
100
AcDbLine
 10
0.0
 20
-8.65
 30
0.0
 11
0.0
 21
-2.678906
 31
0.0
  0
LINE
  5
AC4
330
ABD
100
AcDbEntity
  8
Smart Centers
 62
     0
440
 16777216
 48
0.75
100
AcDbLine
 10
0.0
 20
2.678906
 30
0.0
 11
0.0
 21
8.65
 31
0.0
  0
ENDBLK
  5
AC5
330
ABD
100
AcDbEntity
  8
0
100
AcDbBlockEnd
  0
BLOCK
  5
AC8
330
AC7
100
AcDbEntity
  8
0
100
AcDbBlockBegin
  2
*U203
 70
     1
 10
0.0
 20
0.0
 30
0.0
  3
*U203
  1

  0
LINE
  5
AC9
330
AC7
100
AcDbEntity
  8
Smart Centers
  6
Continuous
 62
     0
440
 16777216
 48
0.75
100
AcDbLine
 10
-0.892969
 20
0.0
 30
0.0
 11
0.892969
 21
0.0
 31
0.0
  0
LINE
  5
ACA
330
AC7
100
AcDbEntity
  8
Smart Centers
  6
Continuous
 62
     0
440
 16777216
 48
0.75
100
AcDbLine
 10
0.0
 20
-0.892969
 30
0.0
 11
0.0
 21
0.892969
 31
0.0
  0
LINE
  5
ACB
330
AC7
100
AcDbEntity
  8
Smart Centers
 62
     0
440
 16777216
 48
0.75
100
AcDbLine
 10
-8.65
 20
0.0
 30
0.0
 11
-2.678906
 21
0.0
 31
0.0
  0
LINE
  5
ACC
330
AC7
100
AcDbEntity
  8
Smart Centers
 62
     0
440
 16777216
 48
0.75
100
AcDbLine
 10
2.678906
 20
0.0
 30
0.0
 11
8.65
 21
0.0
 31
0.0
  0
LINE
  5
ACD
330
AC7
100
AcDbEntity
  8
Smart Centers
 62
     0
440
 16777216
 48
0.75
100
AcDbLine
 10
0.0
 20
-8.65
 30
0.0
 11
0.0
 21
-2.678906
 31
0.0
  0
LINE
  5
ACE
330
AC7
100
AcDbEntity
  8
Smart Centers
 62
     0
440
 16777216
 48
0.75
100
AcDbLine
 10
0.0
 20
2.678906
 30
0.0
 11
0.0
 21
8.65
 31
0.0
  0
ENDBLK
  5
ACF
330
AC7
100
AcDbEntity
  8
0
100
AcDbBlockEnd
  0
BLOCK
  5
AD2
330
AD1
100
AcDbEntity
  8
0
100
AcDbBlockBegin
  2
*U204
 70
     1
 10
0.0
 20
0.0
 30
0.0
  3
*U204
  1

  0
LINE
  5
AD3
330
AD1
100
AcDbEntity
  8
Smart Centers
  6
Continuous
 62
     0
440
 16777216
 48
0.75
100
AcDbLine
 10
-0.892969
 20
0.0
 30
0.0
 11
0.892969
 21
0.0
 31
0.0
  0
LINE
  5
AD4
330
AD1
100
AcDbEntity
  8
Smart Centers
  6
Continuous
 62
     0
440
 16777216
 48
0.75
100
AcDbLine
 10
0.0
 20
-0.892969
 30
0.0
 11
0.0
 21
0.892969
 31
0.0
  0
LINE
  5
AD5
330
AD1
100
AcDbEntity
  8
Smart Centers
 62
     0
440
 16777216
 48
0.75
100
AcDbLine
 10
-8.65
 20
0.0
 30
0.0
 11
-2.678906
 21
0.0
 31
0.0
  0
LINE
  5
AD6
330
AD1
100
AcDbEntity
  8
Smart Centers
 62
     0
440
 16777216
 48
0.75
100
AcDbLine
 10
2.678906
 20
0.0
 30
0.0
 11
8.65
 21
0.0
 31
0.0
  0
LINE
  5
AD7
330
AD1
100
AcDbEntity
  8
Smart Centers
 62
     0
440
 16777216
 48
0.75
100
AcDbLine
 10
0.0
 20
-8.65
 30
0.0
 11
0.0
 21
-2.678906
 31
0.0
  0
LINE
  5
AD8
330
AD1
100
AcDbEntity
  8
Smart Centers
 62
     0
440
 16777216
 48
0.75
100
AcDbLine
 10
0.0
 20
2.678906
 30
0.0
 11
0.0
 21
8.65
 31
0.0
  0
ENDBLK
  5
AD9
330
AD1
100
AcDbEntity
  8
0
100
AcDbBlockEnd
  0
BLOCK
  5
ADC
330
ADB
100
AcDbEntity
  8
0
100
AcDbBlockBegin
  2
*U205
 70
     1
 10
0.0
 20
0.0
 30
0.0
  3
*U205
  1

  0
LINE
  5
ADD
330
ADB
100
AcDbEntity
  8
Smart Centers
  6
Continuous
 62
     0
440
 16777216
 48
0.75
100
AcDbLine
 10
-0.892969
 20
0.0
 30
0.0
 11
0.892969
 21
0.0
 31
0.0
  0
LINE
  5
ADE
330
ADB
100
AcDbEntity
  8
Smart Centers
  6
Continuous
 62
     0
440
 16777216
 48
0.75
100
AcDbLine
 10
0.0
 20
-0.892969
 30
0.0
 11
0.0
 21
0.892969
 31
0.0
  0
LINE
  5
ADF
330
ADB
100
AcDbEntity
  8
Smart Centers
 62
     0
440
 16777216
 48
0.75
100
AcDbLine
 10
-8.65
 20
0.0
 30
0.0
 11
-2.678906
 21
0.0
 31
0.0
  0
LINE
  5
AE0
330
ADB
100
AcDbEntity
  8
Smart Centers
 62
     0
440
 16777216
 48
0.75
100
AcDbLine
 10
2.678906
 20
0.0
 30
0.0
 11
8.65
 21
0.0
 31
0.0
  0
LINE
  5
AE1
330
ADB
100
AcDbEntity
  8
Smart Centers
 62
     0
440
 16777216
 48
0.75
100
AcDbLine
 10
0.0
 20
-8.65
 30
0.0
 11
0.0
 21
-2.678906
 31
0.0
  0
LINE
  5
AE2
330
ADB
100
AcDbEntity
  8
Smart Centers
 62
     0
440
 16777216
 48
0.75
100
AcDbLine
 10
0.0
 20
2.678906
 30
0.0
 11
0.0
 21
8.65
 31
0.0
  0
ENDBLK
  5
AE3
330
ADB
100
AcDbEntity
  8
0
100
AcDbBlockEnd
  0
BLOCK
  5
AE6
330
AE5
100
AcDbEntity
  8
0
100
AcDbBlockBegin
  2
*U206
 70
     1
 10
0.0
 20
0.0
 30
0.0
  3
*U206
  1

  0
LINE
  5
AE7
330
AE5
100
AcDbEntity
  8
Smart Centers
  6
Continuous
 62
     0
440
 16777216
 48
0.75
100
AcDbLine
 10
-0.892969
 20
0.0
 30
0.0
 11
0.892969
 21
0.0
 31
0.0
  0
LINE
  5
AE8
330
AE5
100
AcDbEntity
  8
Smart Centers
  6
Continuous
 62
     0
440
 16777216
 48
0.75
100
AcDbLine
 10
0.0
 20
-0.892969
 30
0.0
 11
0.0
 21
0.892969
 31
0.0
  0
LINE
  5
AE9
330
AE5
100
AcDbEntity
  8
Smart Centers
 62
     0
440
 16777216
 48
0.75
100
AcDbLine
 10
-8.65
 20
0.0
 30
0.0
 11
-2.678906
 21
0.0
 31
0.0
  0
LINE
  5
AEA
330
AE5
100
AcDbEntity
  8
Smart Centers
 62
     0
440
 16777216
 48
0.75
100
AcDbLine
 10
2.678906
 20
0.0
 30
0.0
 11
8.65
 21
0.0
 31
0.0
  0
LINE
  5
AEB
330
AE5
100
AcDbEntity
  8
Smart Centers
 62
     0
440
 16777216
 48
0.75
100
AcDbLine
 10
0.0
 20
-8.65
 30
0.0
 11
0.0
 21
-2.678906
 31
0.0
  0
LINE
  5
AEC
330
AE5
100
AcDbEntity
  8
Smart Centers
 62
     0
440
 16777216
 48
0.75
100
AcDbLine
 10
0.0
 20
2.678906
 30
0.0
 11
0.0
 21
8.65
 31
0.0
  0
ENDBLK
  5
AED
330
AE5
100
AcDbEntity
  8
0
100
AcDbBlockEnd
  0
BLOCK
  5
AF0
330
AEF
100
AcDbEntity
  8
0
100
AcDbBlockBegin
  2
*U207
 70
     1
 10
0.0
 20
0.0
 30
0.0
  3
*U207
  1

  0
LINE
  5
AF1
330
AEF
100
AcDbEntity
  8
Smart Centers
  6
Continuous
 62
     0
440
 16777216
 48
0.75
100
AcDbLine
 10
-0.892969
 20
0.0
 30
0.0
 11
0.892969
 21
0.0
 31
0.0
  0
LINE
  5
AF2
330
AEF
100
AcDbEntity
  8
Smart Centers
  6
Continuous
 62
     0
440
 16777216
 48
0.75
100
AcDbLine
 10
0.0
 20
-0.892969
 30
0.0
 11
0.0
 21
0.892969
 31
0.0
  0
LINE
  5
AF3
330
AEF
100
AcDbEntity
  8
Smart Centers
 62
     0
440
 16777216
 48
0.75
100
AcDbLine
 10
-8.65
 20
0.0
 30
0.0
 11
-2.678906
 21
0.0
 31
0.0
  0
LINE
  5
AF4
330
AEF
100
AcDbEntity
  8
Smart Centers
 62
     0
440
 16777216
 48
0.75
100
AcDbLine
 10
2.678906
 20
0.0
 30
0.0
 11
8.65
 21
0.0
 31
0.0
  0
LINE
  5
AF5
330
AEF
100
AcDbEntity
  8
Smart Centers
 62
     0
440
 16777216
 48
0.75
100
AcDbLine
 10
0.0
 20
-8.65
 30
0.0
 11
0.0
 21
-2.678906
 31
0.0
  0
LINE
  5
AF6
330
AEF
100
AcDbEntity
  8
Smart Centers
 62
     0
440
 16777216
 48
0.75
100
AcDbLine
 10
0.0
 20
2.678906
 30
0.0
 11
0.0
 21
8.65
 31
0.0
  0
ENDBLK
  5
AF7
330
AEF
100
AcDbEntity
  8
0
100
AcDbBlockEnd
  0
BLOCK
  5
AFA
330
AF9
100
AcDbEntity
  8
0
100
AcDbBlockBegin
  2
*U208
 70
     1
 10
0.0
 20
0.0
 30
0.0
  3
*U208
  1

  0
LINE
  5
AFB
330
AF9
100
AcDbEntity
  8
Smart Centers
  6
Continuous
 62
     0
440
 16777216
 48
0.75
100
AcDbLine
 10
-0.892969
 20
0.0
 30
0.0
 11
0.892969
 21
0.0
 31
0.0
  0
LINE
  5
AFC
330
AF9
100
AcDbEntity
  8
Smart Centers
  6
Continuous
 62
     0
440
 16777216
 48
0.75
100
AcDbLine
 10
0.0
 20
-0.892969
 30
0.0
 11
0.0
 21
0.892969
 31
0.0
  0
LINE
  5
AFD
330
AF9
100
AcDbEntity
  8
Smart Centers
 62
     0
440
 16777216
 48
0.75
100
AcDbLine
 10
-8.65
 20
0.0
 30
0.0
 11
-2.678906
 21
0.0
 31
0.0
  0
LINE
  5
AFE
330
AF9
100
AcDbEntity
  8
Smart Centers
 62
     0
440
 16777216
 48
0.75
100
AcDbLine
 10
2.678906
 20
0.0
 30
0.0
 11
8.65
 21
0.0
 31
0.0
  0
LINE
  5
AFF
330
AF9
100
AcDbEntity
  8
Smart Centers
 62
     0
440
 16777216
 48
0.75
100
AcDbLine
 10
0.0
 20
-8.65
 30
0.0
 11
0.0
 21
-2.678906
 31
0.0
  0
LINE
  5
B00
330
AF9
100
AcDbEntity
  8
Smart Centers
 62
     0
440
 16777216
 48
0.75
100
AcDbLine
 10
0.0
 20
2.678906
 30
0.0
 11
0.0
 21
8.65
 31
0.0
  0
ENDBLK
  5
B01
330
AF9
100
AcDbEntity
  8
0
100
AcDbBlockEnd
  0
BLOCK
  5
B04
330
B03
100
AcDbEntity
  8
0
100
AcDbBlockBegin
  2
*U209
 70
     1
 10
0.0
 20
0.0
 30
0.0
  3
*U209
  1

  0
LINE
  5
B05
330
B03
100
AcDbEntity
  8
Smart Centers
  6
Continuous
 62
     0
440
 16777216
 48
0.75
100
AcDbLine
 10
-0.892969
 20
0.0
 30
0.0
 11
0.892969
 21
0.0
 31
0.0
  0
LINE
  5
B06
330
B03
100
AcDbEntity
  8
Smart Centers
  6
Continuous
 62
     0
440
 16777216
 48
0.75
100
AcDbLine
 10
0.0
 20
-0.892969
 30
0.0
 11
0.0
 21
0.892969
 31
0.0
  0
LINE
  5
B07
330
B03
100
AcDbEntity
  8
Smart Centers
 62
     0
440
 16777216
 48
0.75
100
AcDbLine
 10
-8.65
 20
0.0
 30
0.0
 11
-2.678906
 21
0.0
 31
0.0
  0
LINE
  5
B08
330
B03
100
AcDbEntity
  8
Smart Centers
 62
     0
440
 16777216
 48
0.75
100
AcDbLine
 10
2.678906
 20
0.0
 30
0.0
 11
8.65
 21
0.0
 31
0.0
  0
LINE
  5
B09
330
B03
100
AcDbEntity
  8
Smart Centers
 62
     0
440
 16777216
 48
0.75
100
AcDbLine
 10
0.0
 20
-8.65
 30
0.0
 11
0.0
 21
-2.678906
 31
0.0
  0
LINE
  5
B0A
330
B03
100
AcDbEntity
  8
Smart Centers
 62
     0
440
 16777216
 48
0.75
100
AcDbLine
 10
0.0
 20
2.678906
 30
0.0
 11
0.0
 21
8.65
 31
0.0
  0
ENDBLK
  5
B0B
330
B03
100
AcDbEntity
  8
0
100
AcDbBlockEnd
  0
BLOCK
  5
B0E
330
B0D
100
AcDbEntity
  8
0
100
AcDbBlockBegin
  2
*U210
 70
     1
 10
0.0
 20
0.0
 30
0.0
  3
*U210
  1

  0
LINE
  5
B0F
330
B0D
100
AcDbEntity
  8
Smart Centers
  6
Continuous
 62
     0
440
 16777216
 48
0.75
100
AcDbLine
 10
-0.892969
 20
0.0
 30
0.0
 11
0.892969
 21
0.0
 31
0.0
  0
LINE
  5
B10
330
B0D
100
AcDbEntity
  8
Smart Centers
  6
Continuous
 62
     0
440
 16777216
 48
0.75
100
AcDbLine
 10
0.0
 20
-0.892969
 30
0.0
 11
0.0
 21
0.892969
 31
0.0
  0
LINE
  5
B11
330
B0D
100
AcDbEntity
  8
Smart Centers
 62
     0
440
 16777216
 48
0.75
100
AcDbLine
 10
-8.65
 20
0.0
 30
0.0
 11
-2.678906
 21
0.0
 31
0.0
  0
LINE
  5
B12
330
B0D
100
AcDbEntity
  8
Smart Centers
 62
     0
440
 16777216
 48
0.75
100
AcDbLine
 10
2.678906
 20
0.0
 30
0.0
 11
8.65
 21
0.0
 31
0.0
  0
LINE
  5
B13
330
B0D
100
AcDbEntity
  8
Smart Centers
 62
     0
440
 16777216
 48
0.75
100
AcDbLine
 10
0.0
 20
-8.65
 30
0.0
 11
0.0
 21
-2.678906
 31
0.0
  0
LINE
  5
B14
330
B0D
100
AcDbEntity
  8
Smart Centers
 62
     0
440
 16777216
 48
0.75
100
AcDbLine
 10
0.0
 20
2.678906
 30
0.0
 11
0.0
 21
8.65
 31
0.0
  0
ENDBLK
  5
B15
330
B0D
100
AcDbEntity
  8
0
100
AcDbBlockEnd
  0
BLOCK
  5
B18
330
B17
100
AcDbEntity
  8
0
100
AcDbBlockBegin
  2
*U211
 70
     1
 10
0.0
 20
0.0
 30
0.0
  3
*U211
  1

  0
LINE
  5
B19
330
B17
100
AcDbEntity
  8
Smart Centers
  6
Continuous
 62
     0
440
 16777216
 48
0.75
100
AcDbLine
 10
-0.892969
 20
0.0
 30
0.0
 11
0.892969
 21
0.0
 31
0.0
  0
LINE
  5
B1A
330
B17
100
AcDbEntity
  8
Smart Centers
  6
Continuous
 62
     0
440
 16777216
 48
0.75
100
AcDbLine
 10
0.0
 20
-0.892969
 30
0.0
 11
0.0
 21
0.892969
 31
0.0
  0
LINE
  5
B1B
330
B17
100
AcDbEntity
  8
Smart Centers
 62
     0
440
 16777216
 48
0.75
100
AcDbLine
 10
-8.65
 20
0.0
 30
0.0
 11
-2.678906
 21
0.0
 31
0.0
  0
LINE
  5
B1C
330
B17
100
AcDbEntity
  8
Smart Centers
 62
     0
440
 16777216
 48
0.75
100
AcDbLine
 10
2.678906
 20
0.0
 30
0.0
 11
8.65
 21
0.0
 31
0.0
  0
LINE
  5
B1D
330
B17
100
AcDbEntity
  8
Smart Centers
 62
     0
440
 16777216
 48
0.75
100
AcDbLine
 10
0.0
 20
-8.65
 30
0.0
 11
0.0
 21
-2.678906
 31
0.0
  0
LINE
  5
B1E
330
B17
100
AcDbEntity
  8
Smart Centers
 62
     0
440
 16777216
 48
0.75
100
AcDbLine
 10
0.0
 20
2.678906
 30
0.0
 11
0.0
 21
8.65
 31
0.0
  0
ENDBLK
  5
B1F
330
B17
100
AcDbEntity
  8
0
100
AcDbBlockEnd
  0
BLOCK
  5
B22
330
B21
100
AcDbEntity
  8
0
100
AcDbBlockBegin
  2
*U212
 70
     1
 10
0.0
 20
0.0
 30
0.0
  3
*U212
  1

  0
LINE
  5
B23
330
B21
100
AcDbEntity
  8
Smart Centers
  6
Continuous
 62
     0
440
 16777216
 48
0.75
100
AcDbLine
 10
-0.892969
 20
0.0
 30
0.0
 11
0.892969
 21
0.0
 31
0.0
  0
LINE
  5
B24
330
B21
100
AcDbEntity
  8
Smart Centers
  6
Continuous
 62
     0
440
 16777216
 48
0.75
100
AcDbLine
 10
0.0
 20
-0.892969
 30
0.0
 11
0.0
 21
0.892969
 31
0.0
  0
LINE
  5
B25
330
B21
100
AcDbEntity
  8
Smart Centers
 62
     0
440
 16777216
 48
0.75
100
AcDbLine
 10
-8.65
 20
0.0
 30
0.0
 11
-2.678906
 21
0.0
 31
0.0
  0
LINE
  5
B26
330
B21
100
AcDbEntity
  8
Smart Centers
 62
     0
440
 16777216
 48
0.75
100
AcDbLine
 10
2.678906
 20
0.0
 30
0.0
 11
8.65
 21
0.0
 31
0.0
  0
LINE
  5
B27
330
B21
100
AcDbEntity
  8
Smart Centers
 62
     0
440
 16777216
 48
0.75
100
AcDbLine
 10
0.0
 20
-8.65
 30
0.0
 11
0.0
 21
-2.678906
 31
0.0
  0
LINE
  5
B28
330
B21
100
AcDbEntity
  8
Smart Centers
 62
     0
440
 16777216
 48
0.75
100
AcDbLine
 10
0.0
 20
2.678906
 30
0.0
 11
0.0
 21
8.65
 31
0.0
  0
ENDBLK
  5
B29
330
B21
100
AcDbEntity
  8
0
100
AcDbBlockEnd
  0
BLOCK
  5
B2C
330
B2B
100
AcDbEntity
  8
0
100
AcDbBlockBegin
  2
*U213
 70
     1
 10
0.0
 20
0.0
 30
0.0
  3
*U213
  1

  0
LINE
  5
B2D
330
B2B
100
AcDbEntity
  8
Smart Centers
  6
Continuous
 62
     0
440
 16777216
 48
0.75
100
AcDbLine
 10
-0.892969
 20
0.0
 30
0.0
 11
0.892969
 21
0.0
 31
0.0
  0
LINE
  5
B2E
330
B2B
100
AcDbEntity
  8
Smart Centers
  6
Continuous
 62
     0
440
 16777216
 48
0.75
100
AcDbLine
 10
0.0
 20
-0.892969
 30
0.0
 11
0.0
 21
0.892969
 31
0.0
  0
LINE
  5
B2F
330
B2B
100
AcDbEntity
  8
Smart Centers
 62
     0
440
 16777216
 48
0.75
100
AcDbLine
 10
-8.65
 20
0.0
 30
0.0
 11
-2.678906
 21
0.0
 31
0.0
  0
LINE
  5
B30
330
B2B
100
AcDbEntity
  8
Smart Centers
 62
     0
440
 16777216
 48
0.75
100
AcDbLine
 10
2.678906
 20
0.0
 30
0.0
 11
8.65
 21
0.0
 31
0.0
  0
LINE
  5
B31
330
B2B
100
AcDbEntity
  8
Smart Centers
 62
     0
440
 16777216
 48
0.75
100
AcDbLine
 10
0.0
 20
-8.65
 30
0.0
 11
0.0
 21
-2.678906
 31
0.0
  0
LINE
  5
B32
330
B2B
100
AcDbEntity
  8
Smart Centers
 62
     0
440
 16777216
 48
0.75
100
AcDbLine
 10
0.0
 20
2.678906
 30
0.0
 11
0.0
 21
8.65
 31
0.0
  0
ENDBLK
  5
B33
330
B2B
100
AcDbEntity
  8
0
100
AcDbBlockEnd
  0
BLOCK
  5
B36
330
B35
100
AcDbEntity
  8
0
100
AcDbBlockBegin
  2
*U214
 70
     1
 10
0.0
 20
0.0
 30
0.0
  3
*U214
  1

  0
LINE
  5
B37
330
B35
100
AcDbEntity
  8
Smart Centers
  6
Continuous
 62
     0
440
 16777216
 48
0.75
100
AcDbLine
 10
-0.892969
 20
0.0
 30
0.0
 11
0.892969
 21
0.0
 31
0.0
  0
LINE
  5
B38
330
B35
100
AcDbEntity
  8
Smart Centers
  6
Continuous
 62
     0
440
 16777216
 48
0.75
100
AcDbLine
 10
0.0
 20
-0.892969
 30
0.0
 11
0.0
 21
0.892969
 31
0.0
  0
LINE
  5
B39
330
B35
100
AcDbEntity
  8
Smart Centers
 62
     0
440
 16777216
 48
0.75
100
AcDbLine
 10
-8.65
 20
0.0
 30
0.0
 11
-2.678906
 21
0.0
 31
0.0
  0
LINE
  5
B3A
330
B35
100
AcDbEntity
  8
Smart Centers
 62
     0
440
 16777216
 48
0.75
100
AcDbLine
 10
2.678906
 20
0.0
 30
0.0
 11
8.65
 21
0.0
 31
0.0
  0
LINE
  5
B3B
330
B35
100
AcDbEntity
  8
Smart Centers
 62
     0
440
 16777216
 48
0.75
100
AcDbLine
 10
0.0
 20
-8.65
 30
0.0
 11
0.0
 21
-2.678906
 31
0.0
  0
LINE
  5
B3C
330
B35
100
AcDbEntity
  8
Smart Centers
 62
     0
440
 16777216
 48
0.75
100
AcDbLine
 10
0.0
 20
2.678906
 30
0.0
 11
0.0
 21
8.65
 31
0.0
  0
ENDBLK
  5
B3D
330
B35
100
AcDbEntity
  8
0
100
AcDbBlockEnd
  0
BLOCK
  5
B40
330
B3F
100
AcDbEntity
  8
0
100
AcDbBlockBegin
  2
*U215
 70
     1
 10
0.0
 20
0.0
 30
0.0
  3
*U215
  1

  0
LINE
  5
B41
330
B3F
100
AcDbEntity
  8
Smart Centers
  6
Continuous
 62
     0
440
 16777216
 48
0.75
100
AcDbLine
 10
-0.892969
 20
0.0
 30
0.0
 11
0.892969
 21
0.0
 31
0.0
  0
LINE
  5
B42
330
B3F
100
AcDbEntity
  8
Smart Centers
  6
Continuous
 62
     0
440
 16777216
 48
0.75
100
AcDbLine
 10
0.0
 20
-0.892969
 30
0.0
 11
0.0
 21
0.892969
 31
0.0
  0
LINE
  5
B43
330
B3F
100
AcDbEntity
  8
Smart Centers
 62
     0
440
 16777216
 48
0.75
100
AcDbLine
 10
-8.65
 20
0.0
 30
0.0
 11
-2.678906
 21
0.0
 31
0.0
  0
LINE
  5
B44
330
B3F
100
AcDbEntity
  8
Smart Centers
 62
     0
440
 16777216
 48
0.75
100
AcDbLine
 10
2.678906
 20
0.0
 30
0.0
 11
8.65
 21
0.0
 31
0.0
  0
LINE
  5
B45
330
B3F
100
AcDbEntity
  8
Smart Centers
 62
     0
440
 16777216
 48
0.75
100
AcDbLine
 10
0.0
 20
-8.65
 30
0.0
 11
0.0
 21
-2.678906
 31
0.0
  0
LINE
  5
B46
330
B3F
100
AcDbEntity
  8
Smart Centers
 62
     0
440
 16777216
 48
0.75
100
AcDbLine
 10
0.0
 20
2.678906
 30
0.0
 11
0.0
 21
8.65
 31
0.0
  0
ENDBLK
  5
B47
330
B3F
100
AcDbEntity
  8
0
100
AcDbBlockEnd
  0
BLOCK
  5
B4A
330
B49
100
AcDbEntity
  8
0
100
AcDbBlockBegin
  2
*U216
 70
     1
 10
0.0
 20
0.0
 30
0.0
  3
*U216
  1

  0
LINE
  5
B4B
330
B49
100
AcDbEntity
  8
Smart Centers
  6
Continuous
 62
     0
440
 16777216
 48
0.75
100
AcDbLine
 10
-0.892969
 20
0.0
 30
0.0
 11
0.892969
 21
0.0
 31
0.0
  0
LINE
  5
B4C
330
B49
100
AcDbEntity
  8
Smart Centers
  6
Continuous
 62
     0
440
 16777216
 48
0.75
100
AcDbLine
 10
0.0
 20
-0.892969
 30
0.0
 11
0.0
 21
0.892969
 31
0.0
  0
LINE
  5
B4D
330
B49
100
AcDbEntity
  8
Smart Centers
 62
     0
440
 16777216
 48
0.75
100
AcDbLine
 10
-8.65
 20
0.0
 30
0.0
 11
-2.678906
 21
0.0
 31
0.0
  0
LINE
  5
B4E
330
B49
100
AcDbEntity
  8
Smart Centers
 62
     0
440
 16777216
 48
0.75
100
AcDbLine
 10
2.678906
 20
0.0
 30
0.0
 11
8.65
 21
0.0
 31
0.0
  0
LINE
  5
B4F
330
B49
100
AcDbEntity
  8
Smart Centers
 62
     0
440
 16777216
 48
0.75
100
AcDbLine
 10
0.0
 20
-8.65
 30
0.0
 11
0.0
 21
-2.678906
 31
0.0
  0
LINE
  5
B50
330
B49
100
AcDbEntity
  8
Smart Centers
 62
     0
440
 16777216
 48
0.75
100
AcDbLine
 10
0.0
 20
2.678906
 30
0.0
 11
0.0
 21
8.65
 31
0.0
  0
ENDBLK
  5
B51
330
B49
100
AcDbEntity
  8
0
100
AcDbBlockEnd
  0
BLOCK
  5
B54
330
B53
100
AcDbEntity
  8
0
100
AcDbBlockBegin
  2
*U217
 70
     1
 10
0.0
 20
0.0
 30
0.0
  3
*U217
  1

  0
LINE
  5
B55
330
B53
100
AcDbEntity
  8
Smart Centers
  6
Continuous
 62
     0
440
 16777216
 48
0.75
100
AcDbLine
 10
-0.892969
 20
0.0
 30
0.0
 11
0.892969
 21
0.0
 31
0.0
  0
LINE
  5
B56
330
B53
100
AcDbEntity
  8
Smart Centers
  6
Continuous
 62
     0
440
 16777216
 48
0.75
100
AcDbLine
 10
0.0
 20
-0.892969
 30
0.0
 11
0.0
 21
0.892969
 31
0.0
  0
LINE
  5
B57
330
B53
100
AcDbEntity
  8
Smart Centers
 62
     0
440
 16777216
 48
0.75
100
AcDbLine
 10
-8.65
 20
0.0
 30
0.0
 11
-2.678906
 21
0.0
 31
0.0
  0
LINE
  5
B58
330
B53
100
AcDbEntity
  8
Smart Centers
 62
     0
440
 16777216
 48
0.75
100
AcDbLine
 10
2.678906
 20
0.0
 30
0.0
 11
8.65
 21
0.0
 31
0.0
  0
LINE
  5
B59
330
B53
100
AcDbEntity
  8
Smart Centers
 62
     0
440
 16777216
 48
0.75
100
AcDbLine
 10
0.0
 20
-8.65
 30
0.0
 11
0.0
 21
-2.678906
 31
0.0
  0
LINE
  5
B5A
330
B53
100
AcDbEntity
  8
Smart Centers
 62
     0
440
 16777216
 48
0.75
100
AcDbLine
 10
0.0
 20
2.678906
 30
0.0
 11
0.0
 21
8.65
 31
0.0
  0
ENDBLK
  5
B5B
330
B53
100
AcDbEntity
  8
0
100
AcDbBlockEnd
  0
BLOCK
  5
B5E
330
B5D
100
AcDbEntity
  8
0
100
AcDbBlockBegin
  2
*U218
 70
     1
 10
0.0
 20
0.0
 30
0.0
  3
*U218
  1

  0
LINE
  5
B5F
330
B5D
100
AcDbEntity
  8
Smart Centers
  6
Continuous
 62
     0
440
 16777216
 48
0.75
100
AcDbLine
 10
-0.892969
 20
0.0
 30
0.0
 11
0.892969
 21
0.0
 31
0.0
  0
LINE
  5
B60
330
B5D
100
AcDbEntity
  8
Smart Centers
  6
Continuous
 62
     0
440
 16777216
 48
0.75
100
AcDbLine
 10
0.0
 20
-0.892969
 30
0.0
 11
0.0
 21
0.892969
 31
0.0
  0
LINE
  5
B61
330
B5D
100
AcDbEntity
  8
Smart Centers
 62
     0
440
 16777216
 48
0.75
100
AcDbLine
 10
-8.65
 20
0.0
 30
0.0
 11
-2.678906
 21
0.0
 31
0.0
  0
LINE
  5
B62
330
B5D
100
AcDbEntity
  8
Smart Centers
 62
     0
440
 16777216
 48
0.75
100
AcDbLine
 10
2.678906
 20
0.0
 30
0.0
 11
8.65
 21
0.0
 31
0.0
  0
LINE
  5
B63
330
B5D
100
AcDbEntity
  8
Smart Centers
 62
     0
440
 16777216
 48
0.75
100
AcDbLine
 10
0.0
 20
-8.65
 30
0.0
 11
0.0
 21
-2.678906
 31
0.0
  0
LINE
  5
B64
330
B5D
100
AcDbEntity
  8
Smart Centers
 62
     0
440
 16777216
 48
0.75
100
AcDbLine
 10
0.0
 20
2.678906
 30
0.0
 11
0.0
 21
8.65
 31
0.0
  0
ENDBLK
  5
B65
330
B5D
100
AcDbEntity
  8
0
100
AcDbBlockEnd
  0
BLOCK
  5
B68
330
B67
100
AcDbEntity
  8
0
100
AcDbBlockBegin
  2
*U219
 70
     1
 10
0.0
 20
0.0
 30
0.0
  3
*U219
  1

  0
LINE
  5
B69
330
B67
100
AcDbEntity
  8
Smart Centers
  6
Continuous
 62
     0
440
 16777216
 48
0.75
100
AcDbLine
 10
-0.892969
 20
0.0
 30
0.0
 11
0.892969
 21
0.0
 31
0.0
  0
LINE
  5
B6A
330
B67
100
AcDbEntity
  8
Smart Centers
  6
Continuous
 62
     0
440
 16777216
 48
0.75
100
AcDbLine
 10
0.0
 20
-0.892969
 30
0.0
 11
0.0
 21
0.892969
 31
0.0
  0
LINE
  5
B6B
330
B67
100
AcDbEntity
  8
Smart Centers
 62
     0
440
 16777216
 48
0.75
100
AcDbLine
 10
-8.65
 20
0.0
 30
0.0
 11
-2.678906
 21
0.0
 31
0.0
  0
LINE
  5
B6C
330
B67
100
AcDbEntity
  8
Smart Centers
 62
     0
440
 16777216
 48
0.75
100
AcDbLine
 10
2.678906
 20
0.0
 30
0.0
 11
8.65
 21
0.0
 31
0.0
  0
LINE
  5
B6D
330
B67
100
AcDbEntity
  8
Smart Centers
 62
     0
440
 16777216
 48
0.75
100
AcDbLine
 10
0.0
 20
-8.65
 30
0.0
 11
0.0
 21
-2.678906
 31
0.0
  0
LINE
  5
B6E
330
B67
100
AcDbEntity
  8
Smart Centers
 62
     0
440
 16777216
 48
0.75
100
AcDbLine
 10
0.0
 20
2.678906
 30
0.0
 11
0.0
 21
8.65
 31
0.0
  0
ENDBLK
  5
B6F
330
B67
100
AcDbEntity
  8
0
100
AcDbBlockEnd
  0
BLOCK
  5
B72
330
B71
100
AcDbEntity
  8
0
100
AcDbBlockBegin
  2
*U220
 70
     1
 10
0.0
 20
0.0
 30
0.0
  3
*U220
  1

  0
LINE
  5
B73
330
B71
100
AcDbEntity
  8
Smart Centers
  6
Continuous
 62
     0
440
 16777216
 48
0.75
100
AcDbLine
 10
-0.892969
 20
0.0
 30
0.0
 11
0.892969
 21
0.0
 31
0.0
  0
LINE
  5
B74
330
B71
100
AcDbEntity
  8
Smart Centers
  6
Continuous
 62
     0
440
 16777216
 48
0.75
100
AcDbLine
 10
0.0
 20
-0.892969
 30
0.0
 11
0.0
 21
0.892969
 31
0.0
  0
LINE
  5
B75
330
B71
100
AcDbEntity
  8
Smart Centers
 62
     0
440
 16777216
 48
0.75
100
AcDbLine
 10
-8.65
 20
0.0
 30
0.0
 11
-2.678906
 21
0.0
 31
0.0
  0
LINE
  5
B76
330
B71
100
AcDbEntity
  8
Smart Centers
 62
     0
440
 16777216
 48
0.75
100
AcDbLine
 10
2.678906
 20
0.0
 30
0.0
 11
8.65
 21
0.0
 31
0.0
  0
LINE
  5
B77
330
B71
100
AcDbEntity
  8
Smart Centers
 62
     0
440
 16777216
 48
0.75
100
AcDbLine
 10
0.0
 20
-8.65
 30
0.0
 11
0.0
 21
-2.678906
 31
0.0
  0
LINE
  5
B78
330
B71
100
AcDbEntity
  8
Smart Centers
 62
     0
440
 16777216
 48
0.75
100
AcDbLine
 10
0.0
 20
2.678906
 30
0.0
 11
0.0
 21
8.65
 31
0.0
  0
ENDBLK
  5
B79
330
B71
100
AcDbEntity
  8
0
100
AcDbBlockEnd
  0
BLOCK
  5
B7C
330
B7B
100
AcDbEntity
  8
0
100
AcDbBlockBegin
  2
*U221
 70
     1
 10
0.0
 20
0.0
 30
0.0
  3
*U221
  1

  0
LINE
  5
B7D
330
B7B
100
AcDbEntity
  8
Smart Centers
  6
Continuous
 62
     0
440
 16777216
 48
0.75
100
AcDbLine
 10
-0.892969
 20
0.0
 30
0.0
 11
0.892969
 21
0.0
 31
0.0
  0
LINE
  5
B7E
330
B7B
100
AcDbEntity
  8
Smart Centers
  6
Continuous
 62
     0
440
 16777216
 48
0.75
100
AcDbLine
 10
0.0
 20
-0.892969
 30
0.0
 11
0.0
 21
0.892969
 31
0.0
  0
LINE
  5
B7F
330
B7B
100
AcDbEntity
  8
Smart Centers
 62
     0
440
 16777216
 48
0.75
100
AcDbLine
 10
-8.65
 20
0.0
 30
0.0
 11
-2.678906
 21
0.0
 31
0.0
  0
LINE
  5
B80
330
B7B
100
AcDbEntity
  8
Smart Centers
 62
     0
440
 16777216
 48
0.75
100
AcDbLine
 10
2.678906
 20
0.0
 30
0.0
 11
8.65
 21
0.0
 31
0.0
  0
LINE
  5
B81
330
B7B
100
AcDbEntity
  8
Smart Centers
 62
     0
440
 16777216
 48
0.75
100
AcDbLine
 10
0.0
 20
-8.65
 30
0.0
 11
0.0
 21
-2.678906
 31
0.0
  0
LINE
  5
B82
330
B7B
100
AcDbEntity
  8
Smart Centers
 62
     0
440
 16777216
 48
0.75
100
AcDbLine
 10
0.0
 20
2.678906
 30
0.0
 11
0.0
 21
8.65
 31
0.0
  0
ENDBLK
  5
B83
330
B7B
100
AcDbEntity
  8
0
100
AcDbBlockEnd
  0
BLOCK
  5
B86
330
B85
100
AcDbEntity
  8
0
100
AcDbBlockBegin
  2
*U222
 70
     1
 10
0.0
 20
0.0
 30
0.0
  3
*U222
  1

  0
LINE
  5
B87
330
B85
100
AcDbEntity
  8
Smart Centers
  6
Continuous
 62
     0
440
 16777216
 48
0.75
100
AcDbLine
 10
-0.892969
 20
0.0
 30
0.0
 11
0.892969
 21
0.0
 31
0.0
  0
LINE
  5
B88
330
B85
100
AcDbEntity
  8
Smart Centers
  6
Continuous
 62
     0
440
 16777216
 48
0.75
100
AcDbLine
 10
0.0
 20
-0.892969
 30
0.0
 11
0.0
 21
0.892969
 31
0.0
  0
LINE
  5
B89
330
B85
100
AcDbEntity
  8
Smart Centers
 62
     0
440
 16777216
 48
0.75
100
AcDbLine
 10
-8.65
 20
0.0
 30
0.0
 11
-2.678906
 21
0.0
 31
0.0
  0
LINE
  5
B8A
330
B85
100
AcDbEntity
  8
Smart Centers
 62
     0
440
 16777216
 48
0.75
100
AcDbLine
 10
2.678906
 20
0.0
 30
0.0
 11
8.65
 21
0.0
 31
0.0
  0
LINE
  5
B8B
330
B85
100
AcDbEntity
  8
Smart Centers
 62
     0
440
 16777216
 48
0.75
100
AcDbLine
 10
0.0
 20
-8.65
 30
0.0
 11
0.0
 21
-2.678906
 31
0.0
  0
LINE
  5
B8C
330
B85
100
AcDbEntity
  8
Smart Centers
 62
     0
440
 16777216
 48
0.75
100
AcDbLine
 10
0.0
 20
2.678906
 30
0.0
 11
0.0
 21
8.65
 31
0.0
  0
ENDBLK
  5
B8D
330
B85
100
AcDbEntity
  8
0
100
AcDbBlockEnd
  0
BLOCK
  5
B90
330
B8F
100
AcDbEntity
  8
0
100
AcDbBlockBegin
  2
*U223
 70
     1
 10
0.0
 20
0.0
 30
0.0
  3
*U223
  1

  0
LINE
  5
B91
330
B8F
100
AcDbEntity
  8
Smart Centers
  6
Continuous
 62
     0
440
 16777216
 48
0.75
100
AcDbLine
 10
-0.892969
 20
0.0
 30
0.0
 11
0.892969
 21
0.0
 31
0.0
  0
LINE
  5
B92
330
B8F
100
AcDbEntity
  8
Smart Centers
  6
Continuous
 62
     0
440
 16777216
 48
0.75
100
AcDbLine
 10
0.0
 20
-0.892969
 30
0.0
 11
0.0
 21
0.892969
 31
0.0
  0
LINE
  5
B93
330
B8F
100
AcDbEntity
  8
Smart Centers
 62
     0
440
 16777216
 48
0.75
100
AcDbLine
 10
-8.65
 20
0.0
 30
0.0
 11
-2.678906
 21
0.0
 31
0.0
  0
LINE
  5
B94
330
B8F
100
AcDbEntity
  8
Smart Centers
 62
     0
440
 16777216
 48
0.75
100
AcDbLine
 10
2.678906
 20
0.0
 30
0.0
 11
8.65
 21
0.0
 31
0.0
  0
LINE
  5
B95
330
B8F
100
AcDbEntity
  8
Smart Centers
 62
     0
440
 16777216
 48
0.75
100
AcDbLine
 10
0.0
 20
-8.65
 30
0.0
 11
0.0
 21
-2.678906
 31
0.0
  0
LINE
  5
B96
330
B8F
100
AcDbEntity
  8
Smart Centers
 62
     0
440
 16777216
 48
0.75
100
AcDbLine
 10
0.0
 20
2.678906
 30
0.0
 11
0.0
 21
8.65
 31
0.0
  0
ENDBLK
  5
B97
330
B8F
100
AcDbEntity
  8
0
100
AcDbBlockEnd
  0
BLOCK
  5
B9A
330
B99
100
AcDbEntity
  8
0
100
AcDbBlockBegin
  2
*U224
 70
     1
 10
0.0
 20
0.0
 30
0.0
  3
*U224
  1

  0
LINE
  5
B9B
330
B99
100
AcDbEntity
  8
Smart Centers
  6
Continuous
 62
     0
440
 16777216
 48
0.75
100
AcDbLine
 10
-0.892969
 20
0.0
 30
0.0
 11
0.892969
 21
0.0
 31
0.0
  0
LINE
  5
B9C
330
B99
100
AcDbEntity
  8
Smart Centers
  6
Continuous
 62
     0
440
 16777216
 48
0.75
100
AcDbLine
 10
0.0
 20
-0.892969
 30
0.0
 11
0.0
 21
0.892969
 31
0.0
  0
LINE
  5
B9D
330
B99
100
AcDbEntity
  8
Smart Centers
 62
     0
440
 16777216
 48
0.75
100
AcDbLine
 10
-8.65
 20
0.0
 30
0.0
 11
-2.678906
 21
0.0
 31
0.0
  0
LINE
  5
B9E
330
B99
100
AcDbEntity
  8
Smart Centers
 62
     0
440
 16777216
 48
0.75
100
AcDbLine
 10
2.678906
 20
0.0
 30
0.0
 11
8.65
 21
0.0
 31
0.0
  0
LINE
  5
B9F
330
B99
100
AcDbEntity
  8
Smart Centers
 62
     0
440
 16777216
 48
0.75
100
AcDbLine
 10
0.0
 20
-8.65
 30
0.0
 11
0.0
 21
-2.678906
 31
0.0
  0
LINE
  5
BA0
330
B99
100
AcDbEntity
  8
Smart Centers
 62
     0
440
 16777216
 48
0.75
100
AcDbLine
 10
0.0
 20
2.678906
 30
0.0
 11
0.0
 21
8.65
 31
0.0
  0
ENDBLK
  5
BA1
330
B99
100
AcDbEntity
  8
0
100
AcDbBlockEnd
  0
BLOCK
  5
BA4
330
BA3
100
AcDbEntity
  8
0
100
AcDbBlockBegin
  2
*U225
 70
     1
 10
0.0
 20
0.0
 30
0.0
  3
*U225
  1

  0
LINE
  5
BA5
330
BA3
100
AcDbEntity
  8
Smart Centers
  6
Continuous
 62
     0
440
 16777216
 48
0.75
100
AcDbLine
 10
-0.892969
 20
0.0
 30
0.0
 11
0.892969
 21
0.0
 31
0.0
  0
LINE
  5
BA6
330
BA3
100
AcDbEntity
  8
Smart Centers
  6
Continuous
 62
     0
440
 16777216
 48
0.75
100
AcDbLine
 10
0.0
 20
-0.892969
 30
0.0
 11
0.0
 21
0.892969
 31
0.0
  0
LINE
  5
BA7
330
BA3
100
AcDbEntity
  8
Smart Centers
 62
     0
440
 16777216
 48
0.75
100
AcDbLine
 10
-8.65
 20
0.0
 30
0.0
 11
-2.678906
 21
0.0
 31
0.0
  0
LINE
  5
BA8
330
BA3
100
AcDbEntity
  8
Smart Centers
 62
     0
440
 16777216
 48
0.75
100
AcDbLine
 10
2.678906
 20
0.0
 30
0.0
 11
8.65
 21
0.0
 31
0.0
  0
LINE
  5
BA9
330
BA3
100
AcDbEntity
  8
Smart Centers
 62
     0
440
 16777216
 48
0.75
100
AcDbLine
 10
0.0
 20
-8.65
 30
0.0
 11
0.0
 21
-2.678906
 31
0.0
  0
LINE
  5
BAA
330
BA3
100
AcDbEntity
  8
Smart Centers
 62
     0
440
 16777216
 48
0.75
100
AcDbLine
 10
0.0
 20
2.678906
 30
0.0
 11
0.0
 21
8.65
 31
0.0
  0
ENDBLK
  5
BAB
330
BA3
100
AcDbEntity
  8
0
100
AcDbBlockEnd
  0
BLOCK
  5
BAE
330
BAD
100
AcDbEntity
  8
0
100
AcDbBlockBegin
  2
*U226
 70
     1
 10
0.0
 20
0.0
 30
0.0
  3
*U226
  1

  0
LINE
  5
BAF
330
BAD
100
AcDbEntity
  8
Smart Centers
  6
Continuous
 62
     0
440
 16777216
 48
0.75
100
AcDbLine
 10
-0.892969
 20
0.0
 30
0.0
 11
0.892969
 21
0.0
 31
0.0
  0
LINE
  5
BB0
330
BAD
100
AcDbEntity
  8
Smart Centers
  6
Continuous
 62
     0
440
 16777216
 48
0.75
100
AcDbLine
 10
0.0
 20
-0.892969
 30
0.0
 11
0.0
 21
0.892969
 31
0.0
  0
LINE
  5
BB1
330
BAD
100
AcDbEntity
  8
Smart Centers
 62
     0
440
 16777216
 48
0.75
100
AcDbLine
 10
-8.65
 20
0.0
 30
0.0
 11
-2.678906
 21
0.0
 31
0.0
  0
LINE
  5
BB2
330
BAD
100
AcDbEntity
  8
Smart Centers
 62
     0
440
 16777216
 48
0.75
100
AcDbLine
 10
2.678906
 20
0.0
 30
0.0
 11
8.65
 21
0.0
 31
0.0
  0
LINE
  5
BB3
330
BAD
100
AcDbEntity
  8
Smart Centers
 62
     0
440
 16777216
 48
0.75
100
AcDbLine
 10
0.0
 20
-8.65
 30
0.0
 11
0.0
 21
-2.678906
 31
0.0
  0
LINE
  5
BB4
330
BAD
100
AcDbEntity
  8
Smart Centers
 62
     0
440
 16777216
 48
0.75
100
AcDbLine
 10
0.0
 20
2.678906
 30
0.0
 11
0.0
 21
8.65
 31
0.0
  0
ENDBLK
  5
BB5
330
BAD
100
AcDbEntity
  8
0
100
AcDbBlockEnd
  0
BLOCK
  5
BB8
330
BB7
100
AcDbEntity
  8
0
100
AcDbBlockBegin
  2
*U227
 70
     1
 10
0.0
 20
0.0
 30
0.0
  3
*U227
  1

  0
LINE
  5
BB9
330
BB7
100
AcDbEntity
  8
Smart Centers
  6
Continuous
 62
     0
440
 16777216
 48
0.75
100
AcDbLine
 10
-0.892969
 20
0.0
 30
0.0
 11
0.892969
 21
0.0
 31
0.0
  0
LINE
  5
BBA
330
BB7
100
AcDbEntity
  8
Smart Centers
  6
Continuous
 62
     0
440
 16777216
 48
0.75
100
AcDbLine
 10
0.0
 20
-0.892969
 30
0.0
 11
0.0
 21
0.892969
 31
0.0
  0
LINE
  5
BBB
330
BB7
100
AcDbEntity
  8
Smart Centers
 62
     0
440
 16777216
 48
0.75
100
AcDbLine
 10
-8.65
 20
0.0
 30
0.0
 11
-2.678906
 21
0.0
 31
0.0
  0
LINE
  5
BBC
330
BB7
100
AcDbEntity
  8
Smart Centers
 62
     0
440
 16777216
 48
0.75
100
AcDbLine
 10
2.678906
 20
0.0
 30
0.0
 11
8.65
 21
0.0
 31
0.0
  0
LINE
  5
BBD
330
BB7
100
AcDbEntity
  8
Smart Centers
 62
     0
440
 16777216
 48
0.75
100
AcDbLine
 10
0.0
 20
-8.65
 30
0.0
 11
0.0
 21
-2.678906
 31
0.0
  0
LINE
  5
BBE
330
BB7
100
AcDbEntity
  8
Smart Centers
 62
     0
440
 16777216
 48
0.75
100
AcDbLine
 10
0.0
 20
2.678906
 30
0.0
 11
0.0
 21
8.65
 31
0.0
  0
ENDBLK
  5
BBF
330
BB7
100
AcDbEntity
  8
0
100
AcDbBlockEnd
  0
BLOCK
  5
BC2
330
BC1
100
AcDbEntity
  8
0
100
AcDbBlockBegin
  2
*U228
 70
     1
 10
0.0
 20
0.0
 30
0.0
  3
*U228
  1

  0
LINE
  5
BC3
330
BC1
100
AcDbEntity
  8
Smart Centers
  6
Continuous
 62
     0
440
 16777216
 48
0.75
100
AcDbLine
 10
-0.892969
 20
0.0
 30
0.0
 11
0.892969
 21
0.0
 31
0.0
  0
LINE
  5
BC4
330
BC1
100
AcDbEntity
  8
Smart Centers
  6
Continuous
 62
     0
440
 16777216
 48
0.75
100
AcDbLine
 10
0.0
 20
-0.892969
 30
0.0
 11
0.0
 21
0.892969
 31
0.0
  0
LINE
  5
BC5
330
BC1
100
AcDbEntity
  8
Smart Centers
 62
     0
440
 16777216
 48
0.75
100
AcDbLine
 10
-8.65
 20
0.0
 30
0.0
 11
-2.678906
 21
0.0
 31
0.0
  0
LINE
  5
BC6
330
BC1
100
AcDbEntity
  8
Smart Centers
 62
     0
440
 16777216
 48
0.75
100
AcDbLine
 10
2.678906
 20
0.0
 30
0.0
 11
8.65
 21
0.0
 31
0.0
  0
LINE
  5
BC7
330
BC1
100
AcDbEntity
  8
Smart Centers
 62
     0
440
 16777216
 48
0.75
100
AcDbLine
 10
0.0
 20
-8.65
 30
0.0
 11
0.0
 21
-2.678906
 31
0.0
  0
LINE
  5
BC8
330
BC1
100
AcDbEntity
  8
Smart Centers
 62
     0
440
 16777216
 48
0.75
100
AcDbLine
 10
0.0
 20
2.678906
 30
0.0
 11
0.0
 21
8.65
 31
0.0
  0
ENDBLK
  5
BC9
330
BC1
100
AcDbEntity
  8
0
100
AcDbBlockEnd
  0
BLOCK
  5
BCC
330
BCB
100
AcDbEntity
  8
0
100
AcDbBlockBegin
  2
*U229
 70
     1
 10
0.0
 20
0.0
 30
0.0
  3
*U229
  1

  0
LINE
  5
BCD
330
BCB
100
AcDbEntity
  8
Smart Centers
  6
Continuous
 62
     0
440
 16777216
 48
0.75
100
AcDbLine
 10
-0.892969
 20
0.0
 30
0.0
 11
0.892969
 21
0.0
 31
0.0
  0
LINE
  5
BCE
330
BCB
100
AcDbEntity
  8
Smart Centers
  6
Continuous
 62
     0
440
 16777216
 48
0.75
100
AcDbLine
 10
0.0
 20
-0.892969
 30
0.0
 11
0.0
 21
0.892969
 31
0.0
  0
LINE
  5
BCF
330
BCB
100
AcDbEntity
  8
Smart Centers
 62
     0
440
 16777216
 48
0.75
100
AcDbLine
 10
-8.65
 20
0.0
 30
0.0
 11
-2.678906
 21
0.0
 31
0.0
  0
LINE
  5
BD0
330
BCB
100
AcDbEntity
  8
Smart Centers
 62
     0
440
 16777216
 48
0.75
100
AcDbLine
 10
2.678906
 20
0.0
 30
0.0
 11
8.65
 21
0.0
 31
0.0
  0
LINE
  5
BD1
330
BCB
100
AcDbEntity
  8
Smart Centers
 62
     0
440
 16777216
 48
0.75
100
AcDbLine
 10
0.0
 20
-8.65
 30
0.0
 11
0.0
 21
-2.678906
 31
0.0
  0
LINE
  5
BD2
330
BCB
100
AcDbEntity
  8
Smart Centers
 62
     0
440
 16777216
 48
0.75
100
AcDbLine
 10
0.0
 20
2.678906
 30
0.0
 11
0.0
 21
8.65
 31
0.0
  0
ENDBLK
  5
BD3
330
BCB
100
AcDbEntity
  8
0
100
AcDbBlockEnd
  0
BLOCK
  5
BD6
330
BD5
100
AcDbEntity
  8
0
100
AcDbBlockBegin
  2
*U230
 70
     1
 10
0.0
 20
0.0
 30
0.0
  3
*U230
  1

  0
LINE
  5
BD7
330
BD5
100
AcDbEntity
  8
Smart Centers
  6
Continuous
 62
     0
440
 16777216
 48
0.75
100
AcDbLine
 10
-0.892969
 20
0.0
 30
0.0
 11
0.892969
 21
0.0
 31
0.0
  0
LINE
  5
BD8
330
BD5
100
AcDbEntity
  8
Smart Centers
  6
Continuous
 62
     0
440
 16777216
 48
0.75
100
AcDbLine
 10
0.0
 20
-0.892969
 30
0.0
 11
0.0
 21
0.892969
 31
0.0
  0
LINE
  5
BD9
330
BD5
100
AcDbEntity
  8
Smart Centers
 62
     0
440
 16777216
 48
0.75
100
AcDbLine
 10
-8.65
 20
0.0
 30
0.0
 11
-2.678906
 21
0.0
 31
0.0
  0
LINE
  5
BDA
330
BD5
100
AcDbEntity
  8
Smart Centers
 62
     0
440
 16777216
 48
0.75
100
AcDbLine
 10
2.678906
 20
0.0
 30
0.0
 11
8.65
 21
0.0
 31
0.0
  0
LINE
  5
BDB
330
BD5
100
AcDbEntity
  8
Smart Centers
 62
     0
440
 16777216
 48
0.75
100
AcDbLine
 10
0.0
 20
-8.65
 30
0.0
 11
0.0
 21
-2.678906
 31
0.0
  0
LINE
  5
BDC
330
BD5
100
AcDbEntity
  8
Smart Centers
 62
     0
440
 16777216
 48
0.75
100
AcDbLine
 10
0.0
 20
2.678906
 30
0.0
 11
0.0
 21
8.65
 31
0.0
  0
ENDBLK
  5
BDD
330
BD5
100
AcDbEntity
  8
0
100
AcDbBlockEnd
  0
BLOCK
  5
BE0
330
BDF
100
AcDbEntity
  8
0
100
AcDbBlockBegin
  2
*U231
 70
     1
 10
0.0
 20
0.0
 30
0.0
  3
*U231
  1

  0
LINE
  5
BE1
330
BDF
100
AcDbEntity
  8
Smart Centers
  6
Continuous
 62
     0
440
 16777216
 48
0.75
100
AcDbLine
 10
-0.892969
 20
0.0
 30
0.0
 11
0.892969
 21
0.0
 31
0.0
  0
LINE
  5
BE2
330
BDF
100
AcDbEntity
  8
Smart Centers
  6
Continuous
 62
     0
440
 16777216
 48
0.75
100
AcDbLine
 10
0.0
 20
-0.892969
 30
0.0
 11
0.0
 21
0.892969
 31
0.0
  0
LINE
  5
BE3
330
BDF
100
AcDbEntity
  8
Smart Centers
 62
     0
440
 16777216
 48
0.75
100
AcDbLine
 10
-8.65
 20
0.0
 30
0.0
 11
-2.678906
 21
0.0
 31
0.0
  0
LINE
  5
BE4
330
BDF
100
AcDbEntity
  8
Smart Centers
 62
     0
440
 16777216
 48
0.75
100
AcDbLine
 10
2.678906
 20
0.0
 30
0.0
 11
8.65
 21
0.0
 31
0.0
  0
LINE
  5
BE5
330
BDF
100
AcDbEntity
  8
Smart Centers
 62
     0
440
 16777216
 48
0.75
100
AcDbLine
 10
0.0
 20
-8.65
 30
0.0
 11
0.0
 21
-2.678906
 31
0.0
  0
LINE
  5
BE6
330
BDF
100
AcDbEntity
  8
Smart Centers
 62
     0
440
 16777216
 48
0.75
100
AcDbLine
 10
0.0
 20
2.678906
 30
0.0
 11
0.0
 21
8.65
 31
0.0
  0
ENDBLK
  5
BE7
330
BDF
100
AcDbEntity
  8
0
100
AcDbBlockEnd
  0
BLOCK
  5
BEA
330
BE9
100
AcDbEntity
  8
0
100
AcDbBlockBegin
  2
*U232
 70
     1
 10
0.0
 20
0.0
 30
0.0
  3
*U232
  1

  0
LINE
  5
BEB
330
BE9
100
AcDbEntity
  8
Smart Centers
  6
Continuous
 62
     0
440
 16777216
 48
0.75
100
AcDbLine
 10
-0.892969
 20
0.0
 30
0.0
 11
0.892969
 21
0.0
 31
0.0
  0
LINE
  5
BEC
330
BE9
100
AcDbEntity
  8
Smart Centers
  6
Continuous
 62
     0
440
 16777216
 48
0.75
100
AcDbLine
 10
0.0
 20
-0.892969
 30
0.0
 11
0.0
 21
0.892969
 31
0.0
  0
LINE
  5
BED
330
BE9
100
AcDbEntity
  8
Smart Centers
 62
     0
440
 16777216
 48
0.75
100
AcDbLine
 10
-8.65
 20
0.0
 30
0.0
 11
-2.678906
 21
0.0
 31
0.0
  0
LINE
  5
BEE
330
BE9
100
AcDbEntity
  8
Smart Centers
 62
     0
440
 16777216
 48
0.75
100
AcDbLine
 10
2.678906
 20
0.0
 30
0.0
 11
8.65
 21
0.0
 31
0.0
  0
LINE
  5
BEF
330
BE9
100
AcDbEntity
  8
Smart Centers
 62
     0
440
 16777216
 48
0.75
100
AcDbLine
 10
0.0
 20
-8.65
 30
0.0
 11
0.0
 21
-2.678906
 31
0.0
  0
LINE
  5
BF0
330
BE9
100
AcDbEntity
  8
Smart Centers
 62
     0
440
 16777216
 48
0.75
100
AcDbLine
 10
0.0
 20
2.678906
 30
0.0
 11
0.0
 21
8.65
 31
0.0
  0
ENDBLK
  5
BF1
330
BE9
100
AcDbEntity
  8
0
100
AcDbBlockEnd
  0
BLOCK
  5
BF4
330
BF3
100
AcDbEntity
  8
0
100
AcDbBlockBegin
  2
*U233
 70
     1
 10
0.0
 20
0.0
 30
0.0
  3
*U233
  1

  0
LINE
  5
BF5
330
BF3
100
AcDbEntity
  8
Smart Centers
  6
Continuous
 62
     0
440
 16777216
 48
0.75
100
AcDbLine
 10
-0.892969
 20
0.0
 30
0.0
 11
0.892969
 21
0.0
 31
0.0
  0
LINE
  5
BF6
330
BF3
100
AcDbEntity
  8
Smart Centers
  6
Continuous
 62
     0
440
 16777216
 48
0.75
100
AcDbLine
 10
0.0
 20
-0.892969
 30
0.0
 11
0.0
 21
0.892969
 31
0.0
  0
LINE
  5
BF7
330
BF3
100
AcDbEntity
  8
Smart Centers
 62
     0
440
 16777216
 48
0.75
100
AcDbLine
 10
-8.65
 20
0.0
 30
0.0
 11
-2.678906
 21
0.0
 31
0.0
  0
LINE
  5
BF8
330
BF3
100
AcDbEntity
  8
Smart Centers
 62
     0
440
 16777216
 48
0.75
100
AcDbLine
 10
2.678906
 20
0.0
 30
0.0
 11
8.65
 21
0.0
 31
0.0
  0
LINE
  5
BF9
330
BF3
100
AcDbEntity
  8
Smart Centers
 62
     0
440
 16777216
 48
0.75
100
AcDbLine
 10
0.0
 20
-8.65
 30
0.0
 11
0.0
 21
-2.678906
 31
0.0
  0
LINE
  5
BFA
330
BF3
100
AcDbEntity
  8
Smart Centers
 62
     0
440
 16777216
 48
0.75
100
AcDbLine
 10
0.0
 20
2.678906
 30
0.0
 11
0.0
 21
8.65
 31
0.0
  0
ENDBLK
  5
BFB
330
BF3
100
AcDbEntity
  8
0
100
AcDbBlockEnd
  0
BLOCK
  5
BFE
330
BFD
100
AcDbEntity
  8
0
100
AcDbBlockBegin
  2
*U234
 70
     1
 10
0.0
 20
0.0
 30
0.0
  3
*U234
  1

  0
LINE
  5
BFF
330
BFD
100
AcDbEntity
  8
Smart Centers
  6
Continuous
 62
     0
440
 16777216
 48
0.75
100
AcDbLine
 10
-0.892969
 20
0.0
 30
0.0
 11
0.892969
 21
0.0
 31
0.0
  0
LINE
  5
C00
330
BFD
100
AcDbEntity
  8
Smart Centers
  6
Continuous
 62
     0
440
 16777216
 48
0.75
100
AcDbLine
 10
0.0
 20
-0.892969
 30
0.0
 11
0.0
 21
0.892969
 31
0.0
  0
LINE
  5
C01
330
BFD
100
AcDbEntity
  8
Smart Centers
 62
     0
440
 16777216
 48
0.75
100
AcDbLine
 10
-8.65
 20
0.0
 30
0.0
 11
-2.678906
 21
0.0
 31
0.0
  0
LINE
  5
C02
330
BFD
100
AcDbEntity
  8
Smart Centers
 62
     0
440
 16777216
 48
0.75
100
AcDbLine
 10
2.678906
 20
0.0
 30
0.0
 11
8.65
 21
0.0
 31
0.0
  0
LINE
  5
C03
330
BFD
100
AcDbEntity
  8
Smart Centers
 62
     0
440
 16777216
 48
0.75
100
AcDbLine
 10
0.0
 20
-8.65
 30
0.0
 11
0.0
 21
-2.678906
 31
0.0
  0
LINE
  5
C04
330
BFD
100
AcDbEntity
  8
Smart Centers
 62
     0
440
 16777216
 48
0.75
100
AcDbLine
 10
0.0
 20
2.678906
 30
0.0
 11
0.0
 21
8.65
 31
0.0
  0
ENDBLK
  5
C05
330
BFD
100
AcDbEntity
  8
0
100
AcDbBlockEnd
  0
BLOCK
  5
C08
330
C07
100
AcDbEntity
  8
0
100
AcDbBlockBegin
  2
*U235
 70
     1
 10
0.0
 20
0.0
 30
0.0
  3
*U235
  1

  0
LINE
  5
C09
330
C07
100
AcDbEntity
  8
Smart Centers
  6
Continuous
 62
     0
440
 16777216
 48
0.75
100
AcDbLine
 10
-0.892969
 20
0.0
 30
0.0
 11
0.892969
 21
0.0
 31
0.0
  0
LINE
  5
C0A
330
C07
100
AcDbEntity
  8
Smart Centers
  6
Continuous
 62
     0
440
 16777216
 48
0.75
100
AcDbLine
 10
0.0
 20
-0.892969
 30
0.0
 11
0.0
 21
0.892969
 31
0.0
  0
LINE
  5
C0B
330
C07
100
AcDbEntity
  8
Smart Centers
 62
     0
440
 16777216
 48
0.75
100
AcDbLine
 10
-8.65
 20
0.0
 30
0.0
 11
-2.678906
 21
0.0
 31
0.0
  0
LINE
  5
C0C
330
C07
100
AcDbEntity
  8
Smart Centers
 62
     0
440
 16777216
 48
0.75
100
AcDbLine
 10
2.678906
 20
0.0
 30
0.0
 11
8.65
 21
0.0
 31
0.0
  0
LINE
  5
C0D
330
C07
100
AcDbEntity
  8
Smart Centers
 62
     0
440
 16777216
 48
0.75
100
AcDbLine
 10
0.0
 20
-8.65
 30
0.0
 11
0.0
 21
-2.678906
 31
0.0
  0
LINE
  5
C0E
330
C07
100
AcDbEntity
  8
Smart Centers
 62
     0
440
 16777216
 48
0.75
100
AcDbLine
 10
0.0
 20
2.678906
 30
0.0
 11
0.0
 21
8.65
 31
0.0
  0
ENDBLK
  5
C0F
330
C07
100
AcDbEntity
  8
0
100
AcDbBlockEnd
  0
BLOCK
  5
C12
330
C11
100
AcDbEntity
  8
0
100
AcDbBlockBegin
  2
*U236
 70
     1
 10
0.0
 20
0.0
 30
0.0
  3
*U236
  1

  0
LINE
  5
C13
330
C11
100
AcDbEntity
  8
Smart Centers
  6
Continuous
 62
     0
440
 16777216
 48
0.75
100
AcDbLine
 10
-0.892969
 20
0.0
 30
0.0
 11
0.892969
 21
0.0
 31
0.0
  0
LINE
  5
C14
330
C11
100
AcDbEntity
  8
Smart Centers
  6
Continuous
 62
     0
440
 16777216
 48
0.75
100
AcDbLine
 10
0.0
 20
-0.892969
 30
0.0
 11
0.0
 21
0.892969
 31
0.0
  0
LINE
  5
C15
330
C11
100
AcDbEntity
  8
Smart Centers
 62
     0
440
 16777216
 48
0.75
100
AcDbLine
 10
-8.65
 20
0.0
 30
0.0
 11
-2.678906
 21
0.0
 31
0.0
  0
LINE
  5
C16
330
C11
100
AcDbEntity
  8
Smart Centers
 62
     0
440
 16777216
 48
0.75
100
AcDbLine
 10
2.678906
 20
0.0
 30
0.0
 11
8.65
 21
0.0
 31
0.0
  0
LINE
  5
C17
330
C11
100
AcDbEntity
  8
Smart Centers
 62
     0
440
 16777216
 48
0.75
100
AcDbLine
 10
0.0
 20
-8.65
 30
0.0
 11
0.0
 21
-2.678906
 31
0.0
  0
LINE
  5
C18
330
C11
100
AcDbEntity
  8
Smart Centers
 62
     0
440
 16777216
 48
0.75
100
AcDbLine
 10
0.0
 20
2.678906
 30
0.0
 11
0.0
 21
8.65
 31
0.0
  0
ENDBLK
  5
C19
330
C11
100
AcDbEntity
  8
0
100
AcDbBlockEnd
  0
BLOCK
  5
C1C
330
C1B
100
AcDbEntity
  8
0
100
AcDbBlockBegin
  2
*U237
 70
     1
 10
0.0
 20
0.0
 30
0.0
  3
*U237
  1

  0
LINE
  5
C1D
330
C1B
100
AcDbEntity
  8
Smart Centers
  6
Continuous
 62
     0
440
 16777216
 48
0.75
100
AcDbLine
 10
-0.892969
 20
0.0
 30
0.0
 11
0.892969
 21
0.0
 31
0.0
  0
LINE
  5
C1E
330
C1B
100
AcDbEntity
  8
Smart Centers
  6
Continuous
 62
     0
440
 16777216
 48
0.75
100
AcDbLine
 10
0.0
 20
-0.892969
 30
0.0
 11
0.0
 21
0.892969
 31
0.0
  0
LINE
  5
C1F
330
C1B
100
AcDbEntity
  8
Smart Centers
 62
     0
440
 16777216
 48
0.75
100
AcDbLine
 10
-8.65
 20
0.0
 30
0.0
 11
-2.678906
 21
0.0
 31
0.0
  0
LINE
  5
C20
330
C1B
100
AcDbEntity
  8
Smart Centers
 62
     0
440
 16777216
 48
0.75
100
AcDbLine
 10
2.678906
 20
0.0
 30
0.0
 11
8.65
 21
0.0
 31
0.0
  0
LINE
  5
C21
330
C1B
100
AcDbEntity
  8
Smart Centers
 62
     0
440
 16777216
 48
0.75
100
AcDbLine
 10
0.0
 20
-8.65
 30
0.0
 11
0.0
 21
-2.678906
 31
0.0
  0
LINE
  5
C22
330
C1B
100
AcDbEntity
  8
Smart Centers
 62
     0
440
 16777216
 48
0.75
100
AcDbLine
 10
0.0
 20
2.678906
 30
0.0
 11
0.0
 21
8.65
 31
0.0
  0
ENDBLK
  5
C23
330
C1B
100
AcDbEntity
  8
0
100
AcDbBlockEnd
  0
BLOCK
  5
C26
330
C25
100
AcDbEntity
  8
0
100
AcDbBlockBegin
  2
*U238
 70
     1
 10
0.0
 20
0.0
 30
0.0
  3
*U238
  1

  0
LINE
  5
C27
330
C25
100
AcDbEntity
  8
Smart Centers
  6
Continuous
 62
     0
440
 16777216
 48
0.75
100
AcDbLine
 10
-0.892969
 20
0.0
 30
0.0
 11
0.892969
 21
0.0
 31
0.0
  0
LINE
  5
C28
330
C25
100
AcDbEntity
  8
Smart Centers
  6
Continuous
 62
     0
440
 16777216
 48
0.75
100
AcDbLine
 10
0.0
 20
-0.892969
 30
0.0
 11
0.0
 21
0.892969
 31
0.0
  0
LINE
  5
C29
330
C25
100
AcDbEntity
  8
Smart Centers
 62
     0
440
 16777216
 48
0.75
100
AcDbLine
 10
-8.65
 20
0.0
 30
0.0
 11
-2.678906
 21
0.0
 31
0.0
  0
LINE
  5
C2A
330
C25
100
AcDbEntity
  8
Smart Centers
 62
     0
440
 16777216
 48
0.75
100
AcDbLine
 10
2.678906
 20
0.0
 30
0.0
 11
8.65
 21
0.0
 31
0.0
  0
LINE
  5
C2B
330
C25
100
AcDbEntity
  8
Smart Centers
 62
     0
440
 16777216
 48
0.75
100
AcDbLine
 10
0.0
 20
-8.65
 30
0.0
 11
0.0
 21
-2.678906
 31
0.0
  0
LINE
  5
C2C
330
C25
100
AcDbEntity
  8
Smart Centers
 62
     0
440
 16777216
 48
0.75
100
AcDbLine
 10
0.0
 20
2.678906
 30
0.0
 11
0.0
 21
8.65
 31
0.0
  0
ENDBLK
  5
C2D
330
C25
100
AcDbEntity
  8
0
100
AcDbBlockEnd
  0
BLOCK
  5
C30
330
C2F
100
AcDbEntity
  8
0
100
AcDbBlockBegin
  2
*U239
 70
     1
 10
0.0
 20
0.0
 30
0.0
  3
*U239
  1

  0
LINE
  5
C31
330
C2F
100
AcDbEntity
  8
Smart Centers
  6
Continuous
 62
     0
440
 16777216
 48
0.75
100
AcDbLine
 10
-0.892969
 20
0.0
 30
0.0
 11
0.892969
 21
0.0
 31
0.0
  0
LINE
  5
C32
330
C2F
100
AcDbEntity
  8
Smart Centers
  6
Continuous
 62
     0
440
 16777216
 48
0.75
100
AcDbLine
 10
0.0
 20
-0.892969
 30
0.0
 11
0.0
 21
0.892969
 31
0.0
  0
LINE
  5
C33
330
C2F
100
AcDbEntity
  8
Smart Centers
 62
     0
440
 16777216
 48
0.75
100
AcDbLine
 10
-8.65
 20
0.0
 30
0.0
 11
-2.678906
 21
0.0
 31
0.0
  0
LINE
  5
C34
330
C2F
100
AcDbEntity
  8
Smart Centers
 62
     0
440
 16777216
 48
0.75
100
AcDbLine
 10
2.678906
 20
0.0
 30
0.0
 11
8.65
 21
0.0
 31
0.0
  0
LINE
  5
C35
330
C2F
100
AcDbEntity
  8
Smart Centers
 62
     0
440
 16777216
 48
0.75
100
AcDbLine
 10
0.0
 20
-8.65
 30
0.0
 11
0.0
 21
-2.678906
 31
0.0
  0
LINE
  5
C36
330
C2F
100
AcDbEntity
  8
Smart Centers
 62
     0
440
 16777216
 48
0.75
100
AcDbLine
 10
0.0
 20
2.678906
 30
0.0
 11
0.0
 21
8.65
 31
0.0
  0
ENDBLK
  5
C37
330
C2F
100
AcDbEntity
  8
0
100
AcDbBlockEnd
  0
BLOCK
  5
C3A
330
C39
100
AcDbEntity
  8
0
100
AcDbBlockBegin
  2
*U240
 70
     1
 10
0.0
 20
0.0
 30
0.0
  3
*U240
  1

  0
LINE
  5
C3B
330
C39
100
AcDbEntity
  8
Smart Centers
  6
Continuous
 62
     0
440
 16777216
 48
0.75
100
AcDbLine
 10
-0.892969
 20
0.0
 30
0.0
 11
0.892969
 21
0.0
 31
0.0
  0
LINE
  5
C3C
330
C39
100
AcDbEntity
  8
Smart Centers
  6
Continuous
 62
     0
440
 16777216
 48
0.75
100
AcDbLine
 10
0.0
 20
-0.892969
 30
0.0
 11
0.0
 21
0.892969
 31
0.0
  0
LINE
  5
C3D
330
C39
100
AcDbEntity
  8
Smart Centers
 62
     0
440
 16777216
 48
0.75
100
AcDbLine
 10
-8.65
 20
0.0
 30
0.0
 11
-2.678906
 21
0.0
 31
0.0
  0
LINE
  5
C3E
330
C39
100
AcDbEntity
  8
Smart Centers
 62
     0
440
 16777216
 48
0.75
100
AcDbLine
 10
2.678906
 20
0.0
 30
0.0
 11
8.65
 21
0.0
 31
0.0
  0
LINE
  5
C3F
330
C39
100
AcDbEntity
  8
Smart Centers
 62
     0
440
 16777216
 48
0.75
100
AcDbLine
 10
0.0
 20
-8.65
 30
0.0
 11
0.0
 21
-2.678906
 31
0.0
  0
LINE
  5
C40
330
C39
100
AcDbEntity
  8
Smart Centers
 62
     0
440
 16777216
 48
0.75
100
AcDbLine
 10
0.0
 20
2.678906
 30
0.0
 11
0.0
 21
8.65
 31
0.0
  0
ENDBLK
  5
C41
330
C39
100
AcDbEntity
  8
0
100
AcDbBlockEnd
  0
BLOCK
  5
C44
330
C43
100
AcDbEntity
  8
0
100
AcDbBlockBegin
  2
*U241
 70
     1
 10
0.0
 20
0.0
 30
0.0
  3
*U241
  1

  0
LINE
  5
C45
330
C43
100
AcDbEntity
  8
Smart Centers
  6
Continuous
 62
     0
440
 16777216
 48
0.75
100
AcDbLine
 10
-0.892969
 20
0.0
 30
0.0
 11
0.892969
 21
0.0
 31
0.0
  0
LINE
  5
C46
330
C43
100
AcDbEntity
  8
Smart Centers
  6
Continuous
 62
     0
440
 16777216
 48
0.75
100
AcDbLine
 10
0.0
 20
-0.892969
 30
0.0
 11
0.0
 21
0.892969
 31
0.0
  0
LINE
  5
C47
330
C43
100
AcDbEntity
  8
Smart Centers
 62
     0
440
 16777216
 48
0.75
100
AcDbLine
 10
-8.65
 20
0.0
 30
0.0
 11
-2.678906
 21
0.0
 31
0.0
  0
LINE
  5
C48
330
C43
100
AcDbEntity
  8
Smart Centers
 62
     0
440
 16777216
 48
0.75
100
AcDbLine
 10
2.678906
 20
0.0
 30
0.0
 11
8.65
 21
0.0
 31
0.0
  0
LINE
  5
C49
330
C43
100
AcDbEntity
  8
Smart Centers
 62
     0
440
 16777216
 48
0.75
100
AcDbLine
 10
0.0
 20
-8.65
 30
0.0
 11
0.0
 21
-2.678906
 31
0.0
  0
LINE
  5
C4A
330
C43
100
AcDbEntity
  8
Smart Centers
 62
     0
440
 16777216
 48
0.75
100
AcDbLine
 10
0.0
 20
2.678906
 30
0.0
 11
0.0
 21
8.65
 31
0.0
  0
ENDBLK
  5
C4B
330
C43
100
AcDbEntity
  8
0
100
AcDbBlockEnd
  0
BLOCK
  5
C4E
330
C4D
100
AcDbEntity
  8
0
100
AcDbBlockBegin
  2
*U242
 70
     1
 10
0.0
 20
0.0
 30
0.0
  3
*U242
  1

  0
LINE
  5
C4F
330
C4D
100
AcDbEntity
  8
Smart Centers
  6
Continuous
 62
     0
440
 16777216
 48
0.75
100
AcDbLine
 10
-0.892969
 20
0.0
 30
0.0
 11
0.892969
 21
0.0
 31
0.0
  0
LINE
  5
C50
330
C4D
100
AcDbEntity
  8
Smart Centers
  6
Continuous
 62
     0
440
 16777216
 48
0.75
100
AcDbLine
 10
0.0
 20
-0.892969
 30
0.0
 11
0.0
 21
0.892969
 31
0.0
  0
LINE
  5
C51
330
C4D
100
AcDbEntity
  8
Smart Centers
 62
     0
440
 16777216
 48
0.75
100
AcDbLine
 10
-8.65
 20
0.0
 30
0.0
 11
-2.678906
 21
0.0
 31
0.0
  0
LINE
  5
C52
330
C4D
100
AcDbEntity
  8
Smart Centers
 62
     0
440
 16777216
 48
0.75
100
AcDbLine
 10
2.678906
 20
0.0
 30
0.0
 11
8.65
 21
0.0
 31
0.0
  0
LINE
  5
C53
330
C4D
100
AcDbEntity
  8
Smart Centers
 62
     0
440
 16777216
 48
0.75
100
AcDbLine
 10
0.0
 20
-8.65
 30
0.0
 11
0.0
 21
-2.678906
 31
0.0
  0
LINE
  5
C54
330
C4D
100
AcDbEntity
  8
Smart Centers
 62
     0
440
 16777216
 48
0.75
100
AcDbLine
 10
0.0
 20
2.678906
 30
0.0
 11
0.0
 21
8.65
 31
0.0
  0
ENDBLK
  5
C55
330
C4D
100
AcDbEntity
  8
0
100
AcDbBlockEnd
  0
BLOCK
  5
C58
330
C57
100
AcDbEntity
  8
0
100
AcDbBlockBegin
  2
*U243
 70
     1
 10
0.0
 20
0.0
 30
0.0
  3
*U243
  1

  0
LINE
  5
C59
330
C57
100
AcDbEntity
  8
Smart Centers
  6
Continuous
 62
     0
440
 16777216
 48
0.75
100
AcDbLine
 10
-0.892969
 20
0.0
 30
0.0
 11
0.892969
 21
0.0
 31
0.0
  0
LINE
  5
C5A
330
C57
100
AcDbEntity
  8
Smart Centers
  6
Continuous
 62
     0
440
 16777216
 48
0.75
100
AcDbLine
 10
0.0
 20
-0.892969
 30
0.0
 11
0.0
 21
0.892969
 31
0.0
  0
LINE
  5
C5B
330
C57
100
AcDbEntity
  8
Smart Centers
 62
     0
440
 16777216
 48
0.75
100
AcDbLine
 10
-8.65
 20
0.0
 30
0.0
 11
-2.678906
 21
0.0
 31
0.0
  0
LINE
  5
C5C
330
C57
100
AcDbEntity
  8
Smart Centers
 62
     0
440
 16777216
 48
0.75
100
AcDbLine
 10
2.678906
 20
0.0
 30
0.0
 11
8.65
 21
0.0
 31
0.0
  0
LINE
  5
C5D
330
C57
100
AcDbEntity
  8
Smart Centers
 62
     0
440
 16777216
 48
0.75
100
AcDbLine
 10
0.0
 20
-8.65
 30
0.0
 11
0.0
 21
-2.678906
 31
0.0
  0
LINE
  5
C5E
330
C57
100
AcDbEntity
  8
Smart Centers
 62
     0
440
 16777216
 48
0.75
100
AcDbLine
 10
0.0
 20
2.678906
 30
0.0
 11
0.0
 21
8.65
 31
0.0
  0
ENDBLK
  5
C5F
330
C57
100
AcDbEntity
  8
0
100
AcDbBlockEnd
  0
BLOCK
  5
C62
330
C61
100
AcDbEntity
  8
0
100
AcDbBlockBegin
  2
*U244
 70
     1
 10
0.0
 20
0.0
 30
0.0
  3
*U244
  1

  0
LINE
  5
C63
330
C61
100
AcDbEntity
  8
Smart Centers
  6
Continuous
 62
     0
440
 16777216
 48
0.75
100
AcDbLine
 10
-0.892969
 20
0.0
 30
0.0
 11
0.892969
 21
0.0
 31
0.0
  0
LINE
  5
C64
330
C61
100
AcDbEntity
  8
Smart Centers
  6
Continuous
 62
     0
440
 16777216
 48
0.75
100
AcDbLine
 10
0.0
 20
-0.892969
 30
0.0
 11
0.0
 21
0.892969
 31
0.0
  0
LINE
  5
C65
330
C61
100
AcDbEntity
  8
Smart Centers
 62
     0
440
 16777216
 48
0.75
100
AcDbLine
 10
-8.65
 20
0.0
 30
0.0
 11
-2.678906
 21
0.0
 31
0.0
  0
LINE
  5
C66
330
C61
100
AcDbEntity
  8
Smart Centers
 62
     0
440
 16777216
 48
0.75
100
AcDbLine
 10
2.678906
 20
0.0
 30
0.0
 11
8.65
 21
0.0
 31
0.0
  0
LINE
  5
C67
330
C61
100
AcDbEntity
  8
Smart Centers
 62
     0
440
 16777216
 48
0.75
100
AcDbLine
 10
0.0
 20
-8.65
 30
0.0
 11
0.0
 21
-2.678906
 31
0.0
  0
LINE
  5
C68
330
C61
100
AcDbEntity
  8
Smart Centers
 62
     0
440
 16777216
 48
0.75
100
AcDbLine
 10
0.0
 20
2.678906
 30
0.0
 11
0.0
 21
8.65
 31
0.0
  0
ENDBLK
  5
C69
330
C61
100
AcDbEntity
  8
0
100
AcDbBlockEnd
  0
BLOCK
  5
C6C
330
C6B
100
AcDbEntity
  8
0
100
AcDbBlockBegin
  2
*U245
 70
     1
 10
0.0
 20
0.0
 30
0.0
  3
*U245
  1

  0
LINE
  5
C6D
330
C6B
100
AcDbEntity
  8
Smart Centers
  6
Continuous
 62
     0
440
 16777216
 48
0.75
100
AcDbLine
 10
-0.892969
 20
0.0
 30
0.0
 11
0.892969
 21
0.0
 31
0.0
  0
LINE
  5
C6E
330
C6B
100
AcDbEntity
  8
Smart Centers
  6
Continuous
 62
     0
440
 16777216
 48
0.75
100
AcDbLine
 10
0.0
 20
-0.892969
 30
0.0
 11
0.0
 21
0.892969
 31
0.0
  0
LINE
  5
C6F
330
C6B
100
AcDbEntity
  8
Smart Centers
 62
     0
440
 16777216
 48
0.75
100
AcDbLine
 10
-8.65
 20
0.0
 30
0.0
 11
-2.678906
 21
0.0
 31
0.0
  0
LINE
  5
C70
330
C6B
100
AcDbEntity
  8
Smart Centers
 62
     0
440
 16777216
 48
0.75
100
AcDbLine
 10
2.678906
 20
0.0
 30
0.0
 11
8.65
 21
0.0
 31
0.0
  0
LINE
  5
C71
330
C6B
100
AcDbEntity
  8
Smart Centers
 62
     0
440
 16777216
 48
0.75
100
AcDbLine
 10
0.0
 20
-8.65
 30
0.0
 11
0.0
 21
-2.678906
 31
0.0
  0
LINE
  5
C72
330
C6B
100
AcDbEntity
  8
Smart Centers
 62
     0
440
 16777216
 48
0.75
100
AcDbLine
 10
0.0
 20
2.678906
 30
0.0
 11
0.0
 21
8.65
 31
0.0
  0
ENDBLK
  5
C73
330
C6B
100
AcDbEntity
  8
0
100
AcDbBlockEnd
  0
BLOCK
  5
C76
330
C75
100
AcDbEntity
  8
0
100
AcDbBlockBegin
  2
*U246
 70
     1
 10
0.0
 20
0.0
 30
0.0
  3
*U246
  1

  0
LINE
  5
C77
330
C75
100
AcDbEntity
  8
Smart Centers
  6
Continuous
 62
     0
440
 16777216
 48
0.75
100
AcDbLine
 10
-0.892969
 20
0.0
 30
0.0
 11
0.892969
 21
0.0
 31
0.0
  0
LINE
  5
C78
330
C75
100
AcDbEntity
  8
Smart Centers
  6
Continuous
 62
     0
440
 16777216
 48
0.75
100
AcDbLine
 10
0.0
 20
-0.892969
 30
0.0
 11
0.0
 21
0.892969
 31
0.0
  0
LINE
  5
C79
330
C75
100
AcDbEntity
  8
Smart Centers
 62
     0
440
 16777216
 48
0.75
100
AcDbLine
 10
-8.65
 20
0.0
 30
0.0
 11
-2.678906
 21
0.0
 31
0.0
  0
LINE
  5
C7A
330
C75
100
AcDbEntity
  8
Smart Centers
 62
     0
440
 16777216
 48
0.75
100
AcDbLine
 10
2.678906
 20
0.0
 30
0.0
 11
8.65
 21
0.0
 31
0.0
  0
LINE
  5
C7B
330
C75
100
AcDbEntity
  8
Smart Centers
 62
     0
440
 16777216
 48
0.75
100
AcDbLine
 10
0.0
 20
-8.65
 30
0.0
 11
0.0
 21
-2.678906
 31
0.0
  0
LINE
  5
C7C
330
C75
100
AcDbEntity
  8
Smart Centers
 62
     0
440
 16777216
 48
0.75
100
AcDbLine
 10
0.0
 20
2.678906
 30
0.0
 11
0.0
 21
8.65
 31
0.0
  0
ENDBLK
  5
C7D
330
C75
100
AcDbEntity
  8
0
100
AcDbBlockEnd
  0
BLOCK
  5
C80
330
C7F
100
AcDbEntity
  8
0
100
AcDbBlockBegin
  2
*U247
 70
     1
 10
0.0
 20
0.0
 30
0.0
  3
*U247
  1

  0
LINE
  5
C81
330
C7F
100
AcDbEntity
  8
Smart Centers
  6
Continuous
 62
     0
440
 16777216
 48
0.75
100
AcDbLine
 10
-0.892969
 20
0.0
 30
0.0
 11
0.892969
 21
0.0
 31
0.0
  0
LINE
  5
C82
330
C7F
100
AcDbEntity
  8
Smart Centers
  6
Continuous
 62
     0
440
 16777216
 48
0.75
100
AcDbLine
 10
0.0
 20
-0.892969
 30
0.0
 11
0.0
 21
0.892969
 31
0.0
  0
LINE
  5
C83
330
C7F
100
AcDbEntity
  8
Smart Centers
 62
     0
440
 16777216
 48
0.75
100
AcDbLine
 10
-8.65
 20
0.0
 30
0.0
 11
-2.678906
 21
0.0
 31
0.0
  0
LINE
  5
C84
330
C7F
100
AcDbEntity
  8
Smart Centers
 62
     0
440
 16777216
 48
0.75
100
AcDbLine
 10
2.678906
 20
0.0
 30
0.0
 11
8.65
 21
0.0
 31
0.0
  0
LINE
  5
C85
330
C7F
100
AcDbEntity
  8
Smart Centers
 62
     0
440
 16777216
 48
0.75
100
AcDbLine
 10
0.0
 20
-8.65
 30
0.0
 11
0.0
 21
-2.678906
 31
0.0
  0
LINE
  5
C86
330
C7F
100
AcDbEntity
  8
Smart Centers
 62
     0
440
 16777216
 48
0.75
100
AcDbLine
 10
0.0
 20
2.678906
 30
0.0
 11
0.0
 21
8.65
 31
0.0
  0
ENDBLK
  5
C87
330
C7F
100
AcDbEntity
  8
0
100
AcDbBlockEnd
  0
BLOCK
  5
C8A
330
C89
100
AcDbEntity
  8
0
100
AcDbBlockBegin
  2
*U248
 70
     1
 10
0.0
 20
0.0
 30
0.0
  3
*U248
  1

  0
LINE
  5
C8B
330
C89
100
AcDbEntity
  8
Smart Centers
  6
Continuous
 62
     0
440
 16777216
 48
0.75
100
AcDbLine
 10
-0.892969
 20
0.0
 30
0.0
 11
0.892969
 21
0.0
 31
0.0
  0
LINE
  5
C8C
330
C89
100
AcDbEntity
  8
Smart Centers
  6
Continuous
 62
     0
440
 16777216
 48
0.75
100
AcDbLine
 10
0.0
 20
-0.892969
 30
0.0
 11
0.0
 21
0.892969
 31
0.0
  0
LINE
  5
C8D
330
C89
100
AcDbEntity
  8
Smart Centers
 62
     0
440
 16777216
 48
0.75
100
AcDbLine
 10
-8.65
 20
0.0
 30
0.0
 11
-2.678906
 21
0.0
 31
0.0
  0
LINE
  5
C8E
330
C89
100
AcDbEntity
  8
Smart Centers
 62
     0
440
 16777216
 48
0.75
100
AcDbLine
 10
2.678906
 20
0.0
 30
0.0
 11
8.65
 21
0.0
 31
0.0
  0
LINE
  5
C8F
330
C89
100
AcDbEntity
  8
Smart Centers
 62
     0
440
 16777216
 48
0.75
100
AcDbLine
 10
0.0
 20
-8.65
 30
0.0
 11
0.0
 21
-2.678906
 31
0.0
  0
LINE
  5
C90
330
C89
100
AcDbEntity
  8
Smart Centers
 62
     0
440
 16777216
 48
0.75
100
AcDbLine
 10
0.0
 20
2.678906
 30
0.0
 11
0.0
 21
8.65
 31
0.0
  0
ENDBLK
  5
C91
330
C89
100
AcDbEntity
  8
0
100
AcDbBlockEnd
  0
BLOCK
  5
C94
330
C93
100
AcDbEntity
  8
0
100
AcDbBlockBegin
  2
*U249
 70
     1
 10
0.0
 20
0.0
 30
0.0
  3
*U249
  1

  0
LINE
  5
C95
330
C93
100
AcDbEntity
  8
Smart Centers
  6
Continuous
 62
     0
440
 16777216
 48
0.75
100
AcDbLine
 10
-0.892969
 20
0.0
 30
0.0
 11
0.892969
 21
0.0
 31
0.0
  0
LINE
  5
C96
330
C93
100
AcDbEntity
  8
Smart Centers
  6
Continuous
 62
     0
440
 16777216
 48
0.75
100
AcDbLine
 10
0.0
 20
-0.892969
 30
0.0
 11
0.0
 21
0.892969
 31
0.0
  0
LINE
  5
C97
330
C93
100
AcDbEntity
  8
Smart Centers
 62
     0
440
 16777216
 48
0.75
100
AcDbLine
 10
-8.65
 20
0.0
 30
0.0
 11
-2.678906
 21
0.0
 31
0.0
  0
LINE
  5
C98
330
C93
100
AcDbEntity
  8
Smart Centers
 62
     0
440
 16777216
 48
0.75
100
AcDbLine
 10
2.678906
 20
0.0
 30
0.0
 11
8.65
 21
0.0
 31
0.0
  0
LINE
  5
C99
330
C93
100
AcDbEntity
  8
Smart Centers
 62
     0
440
 16777216
 48
0.75
100
AcDbLine
 10
0.0
 20
-8.65
 30
0.0
 11
0.0
 21
-2.678906
 31
0.0
  0
LINE
  5
C9A
330
C93
100
AcDbEntity
  8
Smart Centers
 62
     0
440
 16777216
 48
0.75
100
AcDbLine
 10
0.0
 20
2.678906
 30
0.0
 11
0.0
 21
8.65
 31
0.0
  0
ENDBLK
  5
C9B
330
C93
100
AcDbEntity
  8
0
100
AcDbBlockEnd
  0
BLOCK
  5
C9E
330
C9D
100
AcDbEntity
  8
0
100
AcDbBlockBegin
  2
*U250
 70
     1
 10
0.0
 20
0.0
 30
0.0
  3
*U250
  1

  0
LINE
  5
C9F
330
C9D
100
AcDbEntity
  8
Smart Centers
  6
Continuous
 62
     0
440
 16777216
 48
0.75
100
AcDbLine
 10
-0.892969
 20
0.0
 30
0.0
 11
0.892969
 21
0.0
 31
0.0
  0
LINE
  5
CA0
330
C9D
100
AcDbEntity
  8
Smart Centers
  6
Continuous
 62
     0
440
 16777216
 48
0.75
100
AcDbLine
 10
0.0
 20
-0.892969
 30
0.0
 11
0.0
 21
0.892969
 31
0.0
  0
LINE
  5
CA1
330
C9D
100
AcDbEntity
  8
Smart Centers
 62
     0
440
 16777216
 48
0.75
100
AcDbLine
 10
-8.65
 20
0.0
 30
0.0
 11
-2.678906
 21
0.0
 31
0.0
  0
LINE
  5
CA2
330
C9D
100
AcDbEntity
  8
Smart Centers
 62
     0
440
 16777216
 48
0.75
100
AcDbLine
 10
2.678906
 20
0.0
 30
0.0
 11
8.65
 21
0.0
 31
0.0
  0
LINE
  5
CA3
330
C9D
100
AcDbEntity
  8
Smart Centers
 62
     0
440
 16777216
 48
0.75
100
AcDbLine
 10
0.0
 20
-8.65
 30
0.0
 11
0.0
 21
-2.678906
 31
0.0
  0
LINE
  5
CA4
330
C9D
100
AcDbEntity
  8
Smart Centers
 62
     0
440
 16777216
 48
0.75
100
AcDbLine
 10
0.0
 20
2.678906
 30
0.0
 11
0.0
 21
8.65
 31
0.0
  0
ENDBLK
  5
CA5
330
C9D
100
AcDbEntity
  8
0
100
AcDbBlockEnd
  0
BLOCK
  5
CA8
330
CA7
100
AcDbEntity
  8
0
100
AcDbBlockBegin
  2
*U251
 70
     1
 10
0.0
 20
0.0
 30
0.0
  3
*U251
  1

  0
LINE
  5
CA9
330
CA7
100
AcDbEntity
  8
Smart Centers
  6
Continuous
 62
     0
440
 16777216
 48
0.75
100
AcDbLine
 10
-0.892969
 20
0.0
 30
0.0
 11
0.892969
 21
0.0
 31
0.0
  0
LINE
  5
CAA
330
CA7
100
AcDbEntity
  8
Smart Centers
  6
Continuous
 62
     0
440
 16777216
 48
0.75
100
AcDbLine
 10
0.0
 20
-0.892969
 30
0.0
 11
0.0
 21
0.892969
 31
0.0
  0
LINE
  5
CAB
330
CA7
100
AcDbEntity
  8
Smart Centers
 62
     0
440
 16777216
 48
0.75
100
AcDbLine
 10
-8.65
 20
0.0
 30
0.0
 11
-2.678906
 21
0.0
 31
0.0
  0
LINE
  5
CAC
330
CA7
100
AcDbEntity
  8
Smart Centers
 62
     0
440
 16777216
 48
0.75
100
AcDbLine
 10
2.678906
 20
0.0
 30
0.0
 11
8.65
 21
0.0
 31
0.0
  0
LINE
  5
CAD
330
CA7
100
AcDbEntity
  8
Smart Centers
 62
     0
440
 16777216
 48
0.75
100
AcDbLine
 10
0.0
 20
-8.65
 30
0.0
 11
0.0
 21
-2.678906
 31
0.0
  0
LINE
  5
CAE
330
CA7
100
AcDbEntity
  8
Smart Centers
 62
     0
440
 16777216
 48
0.75
100
AcDbLine
 10
0.0
 20
2.678906
 30
0.0
 11
0.0
 21
8.65
 31
0.0
  0
ENDBLK
  5
CAF
330
CA7
100
AcDbEntity
  8
0
100
AcDbBlockEnd
  0
BLOCK
  5
CB2
330
CB1
100
AcDbEntity
  8
0
100
AcDbBlockBegin
  2
*U252
 70
     1
 10
0.0
 20
0.0
 30
0.0
  3
*U252
  1

  0
LINE
  5
CB3
330
CB1
100
AcDbEntity
  8
Smart Centers
  6
Continuous
 62
     0
440
 16777216
 48
0.75
100
AcDbLine
 10
-0.892969
 20
0.0
 30
0.0
 11
0.892969
 21
0.0
 31
0.0
  0
LINE
  5
CB4
330
CB1
100
AcDbEntity
  8
Smart Centers
  6
Continuous
 62
     0
440
 16777216
 48
0.75
100
AcDbLine
 10
0.0
 20
-0.892969
 30
0.0
 11
0.0
 21
0.892969
 31
0.0
  0
LINE
  5
CB5
330
CB1
100
AcDbEntity
  8
Smart Centers
 62
     0
440
 16777216
 48
0.75
100
AcDbLine
 10
-8.65
 20
0.0
 30
0.0
 11
-2.678906
 21
0.0
 31
0.0
  0
LINE
  5
CB6
330
CB1
100
AcDbEntity
  8
Smart Centers
 62
     0
440
 16777216
 48
0.75
100
AcDbLine
 10
2.678906
 20
0.0
 30
0.0
 11
8.65
 21
0.0
 31
0.0
  0
LINE
  5
CB7
330
CB1
100
AcDbEntity
  8
Smart Centers
 62
     0
440
 16777216
 48
0.75
100
AcDbLine
 10
0.0
 20
-8.65
 30
0.0
 11
0.0
 21
-2.678906
 31
0.0
  0
LINE
  5
CB8
330
CB1
100
AcDbEntity
  8
Smart Centers
 62
     0
440
 16777216
 48
0.75
100
AcDbLine
 10
0.0
 20
2.678906
 30
0.0
 11
0.0
 21
8.65
 31
0.0
  0
ENDBLK
  5
CB9
330
CB1
100
AcDbEntity
  8
0
100
AcDbBlockEnd
  0
BLOCK
  5
CBC
330
CBB
100
AcDbEntity
  8
0
100
AcDbBlockBegin
  2
*U253
 70
     1
 10
0.0
 20
0.0
 30
0.0
  3
*U253
  1

  0
LINE
  5
CBD
330
CBB
100
AcDbEntity
  8
Smart Centers
  6
Continuous
 62
     0
440
 16777216
 48
0.75
100
AcDbLine
 10
-0.892969
 20
0.0
 30
0.0
 11
0.892969
 21
0.0
 31
0.0
  0
LINE
  5
CBE
330
CBB
100
AcDbEntity
  8
Smart Centers
  6
Continuous
 62
     0
440
 16777216
 48
0.75
100
AcDbLine
 10
0.0
 20
-0.892969
 30
0.0
 11
0.0
 21
0.892969
 31
0.0
  0
LINE
  5
CBF
330
CBB
100
AcDbEntity
  8
Smart Centers
 62
     0
440
 16777216
 48
0.75
100
AcDbLine
 10
-8.65
 20
0.0
 30
0.0
 11
-2.678906
 21
0.0
 31
0.0
  0
LINE
  5
CC0
330
CBB
100
AcDbEntity
  8
Smart Centers
 62
     0
440
 16777216
 48
0.75
100
AcDbLine
 10
2.678906
 20
0.0
 30
0.0
 11
8.65
 21
0.0
 31
0.0
  0
LINE
  5
CC1
330
CBB
100
AcDbEntity
  8
Smart Centers
 62
     0
440
 16777216
 48
0.75
100
AcDbLine
 10
0.0
 20
-8.65
 30
0.0
 11
0.0
 21
-2.678906
 31
0.0
  0
LINE
  5
CC2
330
CBB
100
AcDbEntity
  8
Smart Centers
 62
     0
440
 16777216
 48
0.75
100
AcDbLine
 10
0.0
 20
2.678906
 30
0.0
 11
0.0
 21
8.65
 31
0.0
  0
ENDBLK
  5
CC3
330
CBB
100
AcDbEntity
  8
0
100
AcDbBlockEnd
  0
BLOCK
  5
CC6
330
CC5
100
AcDbEntity
  8
0
100
AcDbBlockBegin
  2
*U254
 70
     1
 10
0.0
 20
0.0
 30
0.0
  3
*U254
  1

  0
LINE
  5
CC7
330
CC5
100
AcDbEntity
  8
Smart Centers
  6
Continuous
 62
     0
440
 16777216
 48
0.75
100
AcDbLine
 10
-0.892969
 20
0.0
 30
0.0
 11
0.892969
 21
0.0
 31
0.0
  0
LINE
  5
CC8
330
CC5
100
AcDbEntity
  8
Smart Centers
  6
Continuous
 62
     0
440
 16777216
 48
0.75
100
AcDbLine
 10
0.0
 20
-0.892969
 30
0.0
 11
0.0
 21
0.892969
 31
0.0
  0
LINE
  5
CC9
330
CC5
100
AcDbEntity
  8
Smart Centers
 62
     0
440
 16777216
 48
0.75
100
AcDbLine
 10
-8.65
 20
0.0
 30
0.0
 11
-2.678906
 21
0.0
 31
0.0
  0
LINE
  5
CCA
330
CC5
100
AcDbEntity
  8
Smart Centers
 62
     0
440
 16777216
 48
0.75
100
AcDbLine
 10
2.678906
 20
0.0
 30
0.0
 11
8.65
 21
0.0
 31
0.0
  0
LINE
  5
CCB
330
CC5
100
AcDbEntity
  8
Smart Centers
 62
     0
440
 16777216
 48
0.75
100
AcDbLine
 10
0.0
 20
-8.65
 30
0.0
 11
0.0
 21
-2.678906
 31
0.0
  0
LINE
  5
CCC
330
CC5
100
AcDbEntity
  8
Smart Centers
 62
     0
440
 16777216
 48
0.75
100
AcDbLine
 10
0.0
 20
2.678906
 30
0.0
 11
0.0
 21
8.65
 31
0.0
  0
ENDBLK
  5
CCD
330
CC5
100
AcDbEntity
  8
0
100
AcDbBlockEnd
  0
BLOCK
  5
CD0
330
CCF
100
AcDbEntity
  8
0
100
AcDbBlockBegin
  2
*U255
 70
     1
 10
0.0
 20
0.0
 30
0.0
  3
*U255
  1

  0
LINE
  5
CD1
330
CCF
100
AcDbEntity
  8
Smart Centers
  6
Continuous
 62
     0
440
 16777216
 48
0.75
100
AcDbLine
 10
-0.892969
 20
0.0
 30
0.0
 11
0.892969
 21
0.0
 31
0.0
  0
LINE
  5
CD2
330
CCF
100
AcDbEntity
  8
Smart Centers
  6
Continuous
 62
     0
440
 16777216
 48
0.75
100
AcDbLine
 10
0.0
 20
-0.892969
 30
0.0
 11
0.0
 21
0.892969
 31
0.0
  0
LINE
  5
CD3
330
CCF
100
AcDbEntity
  8
Smart Centers
 62
     0
440
 16777216
 48
0.75
100
AcDbLine
 10
-8.65
 20
0.0
 30
0.0
 11
-2.678906
 21
0.0
 31
0.0
  0
LINE
  5
CD4
330
CCF
100
AcDbEntity
  8
Smart Centers
 62
     0
440
 16777216
 48
0.75
100
AcDbLine
 10
2.678906
 20
0.0
 30
0.0
 11
8.65
 21
0.0
 31
0.0
  0
LINE
  5
CD5
330
CCF
100
AcDbEntity
  8
Smart Centers
 62
     0
440
 16777216
 48
0.75
100
AcDbLine
 10
0.0
 20
-8.65
 30
0.0
 11
0.0
 21
-2.678906
 31
0.0
  0
LINE
  5
CD6
330
CCF
100
AcDbEntity
  8
Smart Centers
 62
     0
440
 16777216
 48
0.75
100
AcDbLine
 10
0.0
 20
2.678906
 30
0.0
 11
0.0
 21
8.65
 31
0.0
  0
ENDBLK
  5
CD7
330
CCF
100
AcDbEntity
  8
0
100
AcDbBlockEnd
  0
BLOCK
  5
CDA
330
CD9
100
AcDbEntity
  8
0
100
AcDbBlockBegin
  2
*U256
 70
     1
 10
0.0
 20
0.0
 30
0.0
  3
*U256
  1

  0
LINE
  5
CDB
330
CD9
100
AcDbEntity
  8
Smart Centers
  6
Continuous
 62
     0
440
 16777216
 48
0.75
100
AcDbLine
 10
-0.892969
 20
0.0
 30
0.0
 11
0.892969
 21
0.0
 31
0.0
  0
LINE
  5
CDC
330
CD9
100
AcDbEntity
  8
Smart Centers
  6
Continuous
 62
     0
440
 16777216
 48
0.75
100
AcDbLine
 10
0.0
 20
-0.892969
 30
0.0
 11
0.0
 21
0.892969
 31
0.0
  0
LINE
  5
CDD
330
CD9
100
AcDbEntity
  8
Smart Centers
 62
     0
440
 16777216
 48
0.75
100
AcDbLine
 10
-8.65
 20
0.0
 30
0.0
 11
-2.678906
 21
0.0
 31
0.0
  0
LINE
  5
CDE
330
CD9
100
AcDbEntity
  8
Smart Centers
 62
     0
440
 16777216
 48
0.75
100
AcDbLine
 10
2.678906
 20
0.0
 30
0.0
 11
8.65
 21
0.0
 31
0.0
  0
LINE
  5
CDF
330
CD9
100
AcDbEntity
  8
Smart Centers
 62
     0
440
 16777216
 48
0.75
100
AcDbLine
 10
0.0
 20
-8.65
 30
0.0
 11
0.0
 21
-2.678906
 31
0.0
  0
LINE
  5
CE0
330
CD9
100
AcDbEntity
  8
Smart Centers
 62
     0
440
 16777216
 48
0.75
100
AcDbLine
 10
0.0
 20
2.678906
 30
0.0
 11
0.0
 21
8.65
 31
0.0
  0
ENDBLK
  5
CE1
330
CD9
100
AcDbEntity
  8
0
100
AcDbBlockEnd
  0
BLOCK
  5
CE4
330
CE3
100
AcDbEntity
  8
0
100
AcDbBlockBegin
  2
*U257
 70
     1
 10
0.0
 20
0.0
 30
0.0
  3
*U257
  1

  0
LINE
  5
CE5
330
CE3
100
AcDbEntity
  8
Smart Centers
  6
Continuous
 62
     0
440
 16777216
 48
0.75
100
AcDbLine
 10
-0.892969
 20
0.0
 30
0.0
 11
0.892969
 21
0.0
 31
0.0
  0
LINE
  5
CE6
330
CE3
100
AcDbEntity
  8
Smart Centers
  6
Continuous
 62
     0
440
 16777216
 48
0.75
100
AcDbLine
 10
0.0
 20
-0.892969
 30
0.0
 11
0.0
 21
0.892969
 31
0.0
  0
LINE
  5
CE7
330
CE3
100
AcDbEntity
  8
Smart Centers
 62
     0
440
 16777216
 48
0.75
100
AcDbLine
 10
-8.65
 20
0.0
 30
0.0
 11
-2.678906
 21
0.0
 31
0.0
  0
LINE
  5
CE8
330
CE3
100
AcDbEntity
  8
Smart Centers
 62
     0
440
 16777216
 48
0.75
100
AcDbLine
 10
2.678906
 20
0.0
 30
0.0
 11
8.65
 21
0.0
 31
0.0
  0
LINE
  5
CE9
330
CE3
100
AcDbEntity
  8
Smart Centers
 62
     0
440
 16777216
 48
0.75
100
AcDbLine
 10
0.0
 20
-8.65
 30
0.0
 11
0.0
 21
-2.678906
 31
0.0
  0
LINE
  5
CEA
330
CE3
100
AcDbEntity
  8
Smart Centers
 62
     0
440
 16777216
 48
0.75
100
AcDbLine
 10
0.0
 20
2.678906
 30
0.0
 11
0.0
 21
8.65
 31
0.0
  0
ENDBLK
  5
CEB
330
CE3
100
AcDbEntity
  8
0
100
AcDbBlockEnd
  0
BLOCK
  5
CEE
330
CED
100
AcDbEntity
  8
0
100
AcDbBlockBegin
  2
*U258
 70
     1
 10
0.0
 20
0.0
 30
0.0
  3
*U258
  1

  0
LINE
  5
CEF
330
CED
100
AcDbEntity
  8
Smart Centers
  6
Continuous
 62
     0
440
 16777216
 48
0.75
100
AcDbLine
 10
-0.892969
 20
0.0
 30
0.0
 11
0.892969
 21
0.0
 31
0.0
  0
LINE
  5
CF0
330
CED
100
AcDbEntity
  8
Smart Centers
  6
Continuous
 62
     0
440
 16777216
 48
0.75
100
AcDbLine
 10
0.0
 20
-0.892969
 30
0.0
 11
0.0
 21
0.892969
 31
0.0
  0
LINE
  5
CF1
330
CED
100
AcDbEntity
  8
Smart Centers
 62
     0
440
 16777216
 48
0.75
100
AcDbLine
 10
-8.65
 20
0.0
 30
0.0
 11
-2.678906
 21
0.0
 31
0.0
  0
LINE
  5
CF2
330
CED
100
AcDbEntity
  8
Smart Centers
 62
     0
440
 16777216
 48
0.75
100
AcDbLine
 10
2.678906
 20
0.0
 30
0.0
 11
8.65
 21
0.0
 31
0.0
  0
LINE
  5
CF3
330
CED
100
AcDbEntity
  8
Smart Centers
 62
     0
440
 16777216
 48
0.75
100
AcDbLine
 10
0.0
 20
-8.65
 30
0.0
 11
0.0
 21
-2.678906
 31
0.0
  0
LINE
  5
CF4
330
CED
100
AcDbEntity
  8
Smart Centers
 62
     0
440
 16777216
 48
0.75
100
AcDbLine
 10
0.0
 20
2.678906
 30
0.0
 11
0.0
 21
8.65
 31
0.0
  0
ENDBLK
  5
CF5
330
CED
100
AcDbEntity
  8
0
100
AcDbBlockEnd
  0
BLOCK
  5
CF8
330
CF7
100
AcDbEntity
  8
0
100
AcDbBlockBegin
  2
*U259
 70
     1
 10
0.0
 20
0.0
 30
0.0
  3
*U259
  1

  0
LINE
  5
CF9
330
CF7
100
AcDbEntity
  8
Smart Centers
  6
Continuous
 62
     0
440
 16777216
 48
0.75
100
AcDbLine
 10
-0.892969
 20
0.0
 30
0.0
 11
0.892969
 21
0.0
 31
0.0
  0
LINE
  5
CFA
330
CF7
100
AcDbEntity
  8
Smart Centers
  6
Continuous
 62
     0
440
 16777216
 48
0.75
100
AcDbLine
 10
0.0
 20
-0.892969
 30
0.0
 11
0.0
 21
0.892969
 31
0.0
  0
LINE
  5
CFB
330
CF7
100
AcDbEntity
  8
Smart Centers
 62
     0
440
 16777216
 48
0.75
100
AcDbLine
 10
-8.65
 20
0.0
 30
0.0
 11
-2.678906
 21
0.0
 31
0.0
  0
LINE
  5
CFC
330
CF7
100
AcDbEntity
  8
Smart Centers
 62
     0
440
 16777216
 48
0.75
100
AcDbLine
 10
2.678906
 20
0.0
 30
0.0
 11
8.65
 21
0.0
 31
0.0
  0
LINE
  5
CFD
330
CF7
100
AcDbEntity
  8
Smart Centers
 62
     0
440
 16777216
 48
0.75
100
AcDbLine
 10
0.0
 20
-8.65
 30
0.0
 11
0.0
 21
-2.678906
 31
0.0
  0
LINE
  5
CFE
330
CF7
100
AcDbEntity
  8
Smart Centers
 62
     0
440
 16777216
 48
0.75
100
AcDbLine
 10
0.0
 20
2.678906
 30
0.0
 11
0.0
 21
8.65
 31
0.0
  0
ENDBLK
  5
CFF
330
CF7
100
AcDbEntity
  8
0
100
AcDbBlockEnd
  0
BLOCK
  5
D02
330
D01
100
AcDbEntity
  8
0
100
AcDbBlockBegin
  2
*U260
 70
     1
 10
0.0
 20
0.0
 30
0.0
  3
*U260
  1

  0
LINE
  5
D03
330
D01
100
AcDbEntity
  8
Smart Centers
  6
Continuous
 62
     0
440
 16777216
 48
0.75
100
AcDbLine
 10
-0.892969
 20
0.0
 30
0.0
 11
0.892969
 21
0.0
 31
0.0
  0
LINE
  5
D04
330
D01
100
AcDbEntity
  8
Smart Centers
  6
Continuous
 62
     0
440
 16777216
 48
0.75
100
AcDbLine
 10
0.0
 20
-0.892969
 30
0.0
 11
0.0
 21
0.892969
 31
0.0
  0
LINE
  5
D05
330
D01
100
AcDbEntity
  8
Smart Centers
 62
     0
440
 16777216
 48
0.75
100
AcDbLine
 10
-8.65
 20
0.0
 30
0.0
 11
-2.678906
 21
0.0
 31
0.0
  0
LINE
  5
D06
330
D01
100
AcDbEntity
  8
Smart Centers
 62
     0
440
 16777216
 48
0.75
100
AcDbLine
 10
2.678906
 20
0.0
 30
0.0
 11
8.65
 21
0.0
 31
0.0
  0
LINE
  5
D07
330
D01
100
AcDbEntity
  8
Smart Centers
 62
     0
440
 16777216
 48
0.75
100
AcDbLine
 10
0.0
 20
-8.65
 30
0.0
 11
0.0
 21
-2.678906
 31
0.0
  0
LINE
  5
D08
330
D01
100
AcDbEntity
  8
Smart Centers
 62
     0
440
 16777216
 48
0.75
100
AcDbLine
 10
0.0
 20
2.678906
 30
0.0
 11
0.0
 21
8.65
 31
0.0
  0
ENDBLK
  5
D09
330
D01
100
AcDbEntity
  8
0
100
AcDbBlockEnd
  0
BLOCK
  5
D0C
330
D0B
100
AcDbEntity
  8
0
100
AcDbBlockBegin
  2
*U261
 70
     1
 10
0.0
 20
0.0
 30
0.0
  3
*U261
  1

  0
LINE
  5
D0D
330
D0B
100
AcDbEntity
  8
Smart Centers
  6
Continuous
 62
     0
440
 16777216
 48
0.75
100
AcDbLine
 10
-0.892969
 20
0.0
 30
0.0
 11
0.892969
 21
0.0
 31
0.0
  0
LINE
  5
D0E
330
D0B
100
AcDbEntity
  8
Smart Centers
  6
Continuous
 62
     0
440
 16777216
 48
0.75
100
AcDbLine
 10
0.0
 20
-0.892969
 30
0.0
 11
0.0
 21
0.892969
 31
0.0
  0
LINE
  5
D0F
330
D0B
100
AcDbEntity
  8
Smart Centers
 62
     0
440
 16777216
 48
0.75
100
AcDbLine
 10
-8.65
 20
0.0
 30
0.0
 11
-2.678906
 21
0.0
 31
0.0
  0
LINE
  5
D10
330
D0B
100
AcDbEntity
  8
Smart Centers
 62
     0
440
 16777216
 48
0.75
100
AcDbLine
 10
2.678906
 20
0.0
 30
0.0
 11
8.65
 21
0.0
 31
0.0
  0
LINE
  5
D11
330
D0B
100
AcDbEntity
  8
Smart Centers
 62
     0
440
 16777216
 48
0.75
100
AcDbLine
 10
0.0
 20
-8.65
 30
0.0
 11
0.0
 21
-2.678906
 31
0.0
  0
LINE
  5
D12
330
D0B
100
AcDbEntity
  8
Smart Centers
 62
     0
440
 16777216
 48
0.75
100
AcDbLine
 10
0.0
 20
2.678906
 30
0.0
 11
0.0
 21
8.65
 31
0.0
  0
ENDBLK
  5
D13
330
D0B
100
AcDbEntity
  8
0
100
AcDbBlockEnd
  0
BLOCK
  5
D16
330
D15
100
AcDbEntity
  8
0
100
AcDbBlockBegin
  2
*U262
 70
     1
 10
0.0
 20
0.0
 30
0.0
  3
*U262
  1

  0
LINE
  5
D17
330
D15
100
AcDbEntity
  8
Smart Centers
  6
Continuous
 62
     0
440
 16777216
 48
0.75
100
AcDbLine
 10
-0.892969
 20
0.0
 30
0.0
 11
0.892969
 21
0.0
 31
0.0
  0
LINE
  5
D18
330
D15
100
AcDbEntity
  8
Smart Centers
  6
Continuous
 62
     0
440
 16777216
 48
0.75
100
AcDbLine
 10
0.0
 20
-0.892969
 30
0.0
 11
0.0
 21
0.892969
 31
0.0
  0
LINE
  5
D19
330
D15
100
AcDbEntity
  8
Smart Centers
 62
     0
440
 16777216
 48
0.75
100
AcDbLine
 10
-8.65
 20
0.0
 30
0.0
 11
-2.678906
 21
0.0
 31
0.0
  0
LINE
  5
D1A
330
D15
100
AcDbEntity
  8
Smart Centers
 62
     0
440
 16777216
 48
0.75
100
AcDbLine
 10
2.678906
 20
0.0
 30
0.0
 11
8.65
 21
0.0
 31
0.0
  0
LINE
  5
D1B
330
D15
100
AcDbEntity
  8
Smart Centers
 62
     0
440
 16777216
 48
0.75
100
AcDbLine
 10
0.0
 20
-8.65
 30
0.0
 11
0.0
 21
-2.678906
 31
0.0
  0
LINE
  5
D1C
330
D15
100
AcDbEntity
  8
Smart Centers
 62
     0
440
 16777216
 48
0.75
100
AcDbLine
 10
0.0
 20
2.678906
 30
0.0
 11
0.0
 21
8.65
 31
0.0
  0
ENDBLK
  5
D1D
330
D15
100
AcDbEntity
  8
0
100
AcDbBlockEnd
  0
BLOCK
  5
D20
330
D1F
100
AcDbEntity
  8
0
100
AcDbBlockBegin
  2
*U263
 70
     1
 10
0.0
 20
0.0
 30
0.0
  3
*U263
  1

  0
LINE
  5
D21
330
D1F
100
AcDbEntity
  8
Smart Centers
  6
Continuous
 62
     0
440
 16777216
 48
0.75
100
AcDbLine
 10
-0.892969
 20
0.0
 30
0.0
 11
0.892969
 21
0.0
 31
0.0
  0
LINE
  5
D22
330
D1F
100
AcDbEntity
  8
Smart Centers
  6
Continuous
 62
     0
440
 16777216
 48
0.75
100
AcDbLine
 10
0.0
 20
-0.892969
 30
0.0
 11
0.0
 21
0.892969
 31
0.0
  0
LINE
  5
D23
330
D1F
100
AcDbEntity
  8
Smart Centers
 62
     0
440
 16777216
 48
0.75
100
AcDbLine
 10
-8.65
 20
0.0
 30
0.0
 11
-2.678906
 21
0.0
 31
0.0
  0
LINE
  5
D24
330
D1F
100
AcDbEntity
  8
Smart Centers
 62
     0
440
 16777216
 48
0.75
100
AcDbLine
 10
2.678906
 20
0.0
 30
0.0
 11
8.65
 21
0.0
 31
0.0
  0
LINE
  5
D25
330
D1F
100
AcDbEntity
  8
Smart Centers
 62
     0
440
 16777216
 48
0.75
100
AcDbLine
 10
0.0
 20
-8.65
 30
0.0
 11
0.0
 21
-2.678906
 31
0.0
  0
LINE
  5
D26
330
D1F
100
AcDbEntity
  8
Smart Centers
 62
     0
440
 16777216
 48
0.75
100
AcDbLine
 10
0.0
 20
2.678906
 30
0.0
 11
0.0
 21
8.65
 31
0.0
  0
ENDBLK
  5
D27
330
D1F
100
AcDbEntity
  8
0
100
AcDbBlockEnd
  0
BLOCK
  5
D2A
330
D29
100
AcDbEntity
  8
0
100
AcDbBlockBegin
  2
*U264
 70
     1
 10
0.0
 20
0.0
 30
0.0
  3
*U264
  1

  0
LINE
  5
D2B
330
D29
100
AcDbEntity
  8
Smart Centers
  6
Continuous
 62
     0
440
 16777216
 48
0.75
100
AcDbLine
 10
-0.892969
 20
0.0
 30
0.0
 11
0.892969
 21
0.0
 31
0.0
  0
LINE
  5
D2C
330
D29
100
AcDbEntity
  8
Smart Centers
  6
Continuous
 62
     0
440
 16777216
 48
0.75
100
AcDbLine
 10
0.0
 20
-0.892969
 30
0.0
 11
0.0
 21
0.892969
 31
0.0
  0
LINE
  5
D2D
330
D29
100
AcDbEntity
  8
Smart Centers
 62
     0
440
 16777216
 48
0.75
100
AcDbLine
 10
-8.65
 20
0.0
 30
0.0
 11
-2.678906
 21
0.0
 31
0.0
  0
LINE
  5
D2E
330
D29
100
AcDbEntity
  8
Smart Centers
 62
     0
440
 16777216
 48
0.75
100
AcDbLine
 10
2.678906
 20
0.0
 30
0.0
 11
8.65
 21
0.0
 31
0.0
  0
LINE
  5
D2F
330
D29
100
AcDbEntity
  8
Smart Centers
 62
     0
440
 16777216
 48
0.75
100
AcDbLine
 10
0.0
 20
-8.65
 30
0.0
 11
0.0
 21
-2.678906
 31
0.0
  0
LINE
  5
D30
330
D29
100
AcDbEntity
  8
Smart Centers
 62
     0
440
 16777216
 48
0.75
100
AcDbLine
 10
0.0
 20
2.678906
 30
0.0
 11
0.0
 21
8.65
 31
0.0
  0
ENDBLK
  5
D31
330
D29
100
AcDbEntity
  8
0
100
AcDbBlockEnd
  0
BLOCK
  5
D34
330
D33
100
AcDbEntity
  8
0
100
AcDbBlockBegin
  2
*U265
 70
     1
 10
0.0
 20
0.0
 30
0.0
  3
*U265
  1

  0
LINE
  5
D35
330
D33
100
AcDbEntity
  8
Smart Centers
  6
Continuous
 62
     0
440
 16777216
 48
0.75
100
AcDbLine
 10
-0.892969
 20
0.0
 30
0.0
 11
0.892969
 21
0.0
 31
0.0
  0
LINE
  5
D36
330
D33
100
AcDbEntity
  8
Smart Centers
  6
Continuous
 62
     0
440
 16777216
 48
0.75
100
AcDbLine
 10
0.0
 20
-0.892969
 30
0.0
 11
0.0
 21
0.892969
 31
0.0
  0
LINE
  5
D37
330
D33
100
AcDbEntity
  8
Smart Centers
 62
     0
440
 16777216
 48
0.75
100
AcDbLine
 10
-8.65
 20
0.0
 30
0.0
 11
-2.678906
 21
0.0
 31
0.0
  0
LINE
  5
D38
330
D33
100
AcDbEntity
  8
Smart Centers
 62
     0
440
 16777216
 48
0.75
100
AcDbLine
 10
2.678906
 20
0.0
 30
0.0
 11
8.65
 21
0.0
 31
0.0
  0
LINE
  5
D39
330
D33
100
AcDbEntity
  8
Smart Centers
 62
     0
440
 16777216
 48
0.75
100
AcDbLine
 10
0.0
 20
-8.65
 30
0.0
 11
0.0
 21
-2.678906
 31
0.0
  0
LINE
  5
D3A
330
D33
100
AcDbEntity
  8
Smart Centers
 62
     0
440
 16777216
 48
0.75
100
AcDbLine
 10
0.0
 20
2.678906
 30
0.0
 11
0.0
 21
8.65
 31
0.0
  0
ENDBLK
  5
D3B
330
D33
100
AcDbEntity
  8
0
100
AcDbBlockEnd
  0
BLOCK
  5
D3E
330
D3D
100
AcDbEntity
  8
0
100
AcDbBlockBegin
  2
*U266
 70
     1
 10
0.0
 20
0.0
 30
0.0
  3
*U266
  1

  0
LINE
  5
D3F
330
D3D
100
AcDbEntity
  8
Smart Centers
  6
Continuous
 62
     0
440
 16777216
 48
0.75
100
AcDbLine
 10
-0.892969
 20
0.0
 30
0.0
 11
0.892969
 21
0.0
 31
0.0
  0
LINE
  5
D40
330
D3D
100
AcDbEntity
  8
Smart Centers
  6
Continuous
 62
     0
440
 16777216
 48
0.75
100
AcDbLine
 10
0.0
 20
-0.892969
 30
0.0
 11
0.0
 21
0.892969
 31
0.0
  0
LINE
  5
D41
330
D3D
100
AcDbEntity
  8
Smart Centers
 62
     0
440
 16777216
 48
0.75
100
AcDbLine
 10
-8.65
 20
0.0
 30
0.0
 11
-2.678906
 21
0.0
 31
0.0
  0
LINE
  5
D42
330
D3D
100
AcDbEntity
  8
Smart Centers
 62
     0
440
 16777216
 48
0.75
100
AcDbLine
 10
2.678906
 20
0.0
 30
0.0
 11
8.65
 21
0.0
 31
0.0
  0
LINE
  5
D43
330
D3D
100
AcDbEntity
  8
Smart Centers
 62
     0
440
 16777216
 48
0.75
100
AcDbLine
 10
0.0
 20
-8.65
 30
0.0
 11
0.0
 21
-2.678906
 31
0.0
  0
LINE
  5
D44
330
D3D
100
AcDbEntity
  8
Smart Centers
 62
     0
440
 16777216
 48
0.75
100
AcDbLine
 10
0.0
 20
2.678906
 30
0.0
 11
0.0
 21
8.65
 31
0.0
  0
ENDBLK
  5
D45
330
D3D
100
AcDbEntity
  8
0
100
AcDbBlockEnd
  0
BLOCK
  5
D48
330
D47
100
AcDbEntity
  8
0
100
AcDbBlockBegin
  2
*U267
 70
     1
 10
0.0
 20
0.0
 30
0.0
  3
*U267
  1

  0
LINE
  5
D49
330
D47
100
AcDbEntity
  8
Smart Centers
  6
Continuous
 62
     0
440
 16777216
 48
0.75
100
AcDbLine
 10
-0.892969
 20
0.0
 30
0.0
 11
0.892969
 21
0.0
 31
0.0
  0
LINE
  5
D4A
330
D47
100
AcDbEntity
  8
Smart Centers
  6
Continuous
 62
     0
440
 16777216
 48
0.75
100
AcDbLine
 10
0.0
 20
-0.892969
 30
0.0
 11
0.0
 21
0.892969
 31
0.0
  0
LINE
  5
D4B
330
D47
100
AcDbEntity
  8
Smart Centers
 62
     0
440
 16777216
 48
0.75
100
AcDbLine
 10
-8.65
 20
0.0
 30
0.0
 11
-2.678906
 21
0.0
 31
0.0
  0
LINE
  5
D4C
330
D47
100
AcDbEntity
  8
Smart Centers
 62
     0
440
 16777216
 48
0.75
100
AcDbLine
 10
2.678906
 20
0.0
 30
0.0
 11
8.65
 21
0.0
 31
0.0
  0
LINE
  5
D4D
330
D47
100
AcDbEntity
  8
Smart Centers
 62
     0
440
 16777216
 48
0.75
100
AcDbLine
 10
0.0
 20
-8.65
 30
0.0
 11
0.0
 21
-2.678906
 31
0.0
  0
LINE
  5
D4E
330
D47
100
AcDbEntity
  8
Smart Centers
 62
     0
440
 16777216
 48
0.75
100
AcDbLine
 10
0.0
 20
2.678906
 30
0.0
 11
0.0
 21
8.65
 31
0.0
  0
ENDBLK
  5
D4F
330
D47
100
AcDbEntity
  8
0
100
AcDbBlockEnd
  0
BLOCK
  5
D52
330
D51
100
AcDbEntity
  8
0
100
AcDbBlockBegin
  2
*U268
 70
     1
 10
0.0
 20
0.0
 30
0.0
  3
*U268
  1

  0
LINE
  5
D53
330
D51
100
AcDbEntity
  8
Smart Centers
  6
Continuous
 62
     0
440
 16777216
 48
0.75
100
AcDbLine
 10
-0.892969
 20
0.0
 30
0.0
 11
0.892969
 21
0.0
 31
0.0
  0
LINE
  5
D54
330
D51
100
AcDbEntity
  8
Smart Centers
  6
Continuous
 62
     0
440
 16777216
 48
0.75
100
AcDbLine
 10
0.0
 20
-0.892969
 30
0.0
 11
0.0
 21
0.892969
 31
0.0
  0
LINE
  5
D55
330
D51
100
AcDbEntity
  8
Smart Centers
 62
     0
440
 16777216
 48
0.75
100
AcDbLine
 10
-8.65
 20
0.0
 30
0.0
 11
-2.678906
 21
0.0
 31
0.0
  0
LINE
  5
D56
330
D51
100
AcDbEntity
  8
Smart Centers
 62
     0
440
 16777216
 48
0.75
100
AcDbLine
 10
2.678906
 20
0.0
 30
0.0
 11
8.65
 21
0.0
 31
0.0
  0
LINE
  5
D57
330
D51
100
AcDbEntity
  8
Smart Centers
 62
     0
440
 16777216
 48
0.75
100
AcDbLine
 10
0.0
 20
-8.65
 30
0.0
 11
0.0
 21
-2.678906
 31
0.0
  0
LINE
  5
D58
330
D51
100
AcDbEntity
  8
Smart Centers
 62
     0
440
 16777216
 48
0.75
100
AcDbLine
 10
0.0
 20
2.678906
 30
0.0
 11
0.0
 21
8.65
 31
0.0
  0
ENDBLK
  5
D59
330
D51
100
AcDbEntity
  8
0
100
AcDbBlockEnd
  0
BLOCK
  5
D5C
330
D5B
100
AcDbEntity
  8
0
100
AcDbBlockBegin
  2
*U269
 70
     1
 10
0.0
 20
0.0
 30
0.0
  3
*U269
  1

  0
LINE
  5
D5D
330
D5B
100
AcDbEntity
  8
Smart Centers
  6
Continuous
 62
     0
440
 16777216
 48
0.75
100
AcDbLine
 10
-0.892969
 20
0.0
 30
0.0
 11
0.892969
 21
0.0
 31
0.0
  0
LINE
  5
D5E
330
D5B
100
AcDbEntity
  8
Smart Centers
  6
Continuous
 62
     0
440
 16777216
 48
0.75
100
AcDbLine
 10
0.0
 20
-0.892969
 30
0.0
 11
0.0
 21
0.892969
 31
0.0
  0
LINE
  5
D5F
330
D5B
100
AcDbEntity
  8
Smart Centers
 62
     0
440
 16777216
 48
0.75
100
AcDbLine
 10
-8.65
 20
0.0
 30
0.0
 11
-2.678906
 21
0.0
 31
0.0
  0
LINE
  5
D60
330
D5B
100
AcDbEntity
  8
Smart Centers
 62
     0
440
 16777216
 48
0.75
100
AcDbLine
 10
2.678906
 20
0.0
 30
0.0
 11
8.65
 21
0.0
 31
0.0
  0
LINE
  5
D61
330
D5B
100
AcDbEntity
  8
Smart Centers
 62
     0
440
 16777216
 48
0.75
100
AcDbLine
 10
0.0
 20
-8.65
 30
0.0
 11
0.0
 21
-2.678906
 31
0.0
  0
LINE
  5
D62
330
D5B
100
AcDbEntity
  8
Smart Centers
 62
     0
440
 16777216
 48
0.75
100
AcDbLine
 10
0.0
 20
2.678906
 30
0.0
 11
0.0
 21
8.65
 31
0.0
  0
ENDBLK
  5
D63
330
D5B
100
AcDbEntity
  8
0
100
AcDbBlockEnd
  0
BLOCK
  5
D66
330
D65
100
AcDbEntity
  8
0
100
AcDbBlockBegin
  2
*U270
 70
     1
 10
0.0
 20
0.0
 30
0.0
  3
*U270
  1

  0
LINE
  5
D67
330
D65
100
AcDbEntity
  8
Smart Centers
  6
Continuous
 62
     0
440
 16777216
 48
0.75
100
AcDbLine
 10
-0.892969
 20
0.0
 30
0.0
 11
0.892969
 21
0.0
 31
0.0
  0
LINE
  5
D68
330
D65
100
AcDbEntity
  8
Smart Centers
  6
Continuous
 62
     0
440
 16777216
 48
0.75
100
AcDbLine
 10
0.0
 20
-0.892969
 30
0.0
 11
0.0
 21
0.892969
 31
0.0
  0
LINE
  5
D69
330
D65
100
AcDbEntity
  8
Smart Centers
 62
     0
440
 16777216
 48
0.75
100
AcDbLine
 10
-8.65
 20
0.0
 30
0.0
 11
-2.678906
 21
0.0
 31
0.0
  0
LINE
  5
D6A
330
D65
100
AcDbEntity
  8
Smart Centers
 62
     0
440
 16777216
 48
0.75
100
AcDbLine
 10
2.678906
 20
0.0
 30
0.0
 11
8.65
 21
0.0
 31
0.0
  0
LINE
  5
D6B
330
D65
100
AcDbEntity
  8
Smart Centers
 62
     0
440
 16777216
 48
0.75
100
AcDbLine
 10
0.0
 20
-8.65
 30
0.0
 11
0.0
 21
-2.678906
 31
0.0
  0
LINE
  5
D6C
330
D65
100
AcDbEntity
  8
Smart Centers
 62
     0
440
 16777216
 48
0.75
100
AcDbLine
 10
0.0
 20
2.678906
 30
0.0
 11
0.0
 21
8.65
 31
0.0
  0
ENDBLK
  5
D6D
330
D65
100
AcDbEntity
  8
0
100
AcDbBlockEnd
  0
BLOCK
  5
D70
330
D6F
100
AcDbEntity
  8
0
100
AcDbBlockBegin
  2
*U271
 70
     1
 10
0.0
 20
0.0
 30
0.0
  3
*U271
  1

  0
LINE
  5
D71
330
D6F
100
AcDbEntity
  8
Smart Centers
  6
Continuous
 62
     0
440
 16777216
 48
0.75
100
AcDbLine
 10
-0.892969
 20
0.0
 30
0.0
 11
0.892969
 21
0.0
 31
0.0
  0
LINE
  5
D72
330
D6F
100
AcDbEntity
  8
Smart Centers
  6
Continuous
 62
     0
440
 16777216
 48
0.75
100
AcDbLine
 10
0.0
 20
-0.892969
 30
0.0
 11
0.0
 21
0.892969
 31
0.0
  0
LINE
  5
D73
330
D6F
100
AcDbEntity
  8
Smart Centers
 62
     0
440
 16777216
 48
0.75
100
AcDbLine
 10
-8.65
 20
0.0
 30
0.0
 11
-2.678906
 21
0.0
 31
0.0
  0
LINE
  5
D74
330
D6F
100
AcDbEntity
  8
Smart Centers
 62
     0
440
 16777216
 48
0.75
100
AcDbLine
 10
2.678906
 20
0.0
 30
0.0
 11
8.65
 21
0.0
 31
0.0
  0
LINE
  5
D75
330
D6F
100
AcDbEntity
  8
Smart Centers
 62
     0
440
 16777216
 48
0.75
100
AcDbLine
 10
0.0
 20
-8.65
 30
0.0
 11
0.0
 21
-2.678906
 31
0.0
  0
LINE
  5
D76
330
D6F
100
AcDbEntity
  8
Smart Centers
 62
     0
440
 16777216
 48
0.75
100
AcDbLine
 10
0.0
 20
2.678906
 30
0.0
 11
0.0
 21
8.65
 31
0.0
  0
ENDBLK
  5
D77
330
D6F
100
AcDbEntity
  8
0
100
AcDbBlockEnd
  0
BLOCK
  5
D7A
330
D79
100
AcDbEntity
  8
0
100
AcDbBlockBegin
  2
*U272
 70
     1
 10
0.0
 20
0.0
 30
0.0
  3
*U272
  1

  0
LINE
  5
D7B
330
D79
100
AcDbEntity
  8
Smart Centers
  6
Continuous
 62
     0
440
 16777216
 48
0.75
100
AcDbLine
 10
-0.892969
 20
0.0
 30
0.0
 11
0.892969
 21
0.0
 31
0.0
  0
LINE
  5
D7C
330
D79
100
AcDbEntity
  8
Smart Centers
  6
Continuous
 62
     0
440
 16777216
 48
0.75
100
AcDbLine
 10
0.0
 20
-0.892969
 30
0.0
 11
0.0
 21
0.892969
 31
0.0
  0
LINE
  5
D7D
330
D79
100
AcDbEntity
  8
Smart Centers
 62
     0
440
 16777216
 48
0.75
100
AcDbLine
 10
-8.65
 20
0.0
 30
0.0
 11
-2.678906
 21
0.0
 31
0.0
  0
LINE
  5
D7E
330
D79
100
AcDbEntity
  8
Smart Centers
 62
     0
440
 16777216
 48
0.75
100
AcDbLine
 10
2.678906
 20
0.0
 30
0.0
 11
8.65
 21
0.0
 31
0.0
  0
LINE
  5
D7F
330
D79
100
AcDbEntity
  8
Smart Centers
 62
     0
440
 16777216
 48
0.75
100
AcDbLine
 10
0.0
 20
-8.65
 30
0.0
 11
0.0
 21
-2.678906
 31
0.0
  0
LINE
  5
D80
330
D79
100
AcDbEntity
  8
Smart Centers
 62
     0
440
 16777216
 48
0.75
100
AcDbLine
 10
0.0
 20
2.678906
 30
0.0
 11
0.0
 21
8.65
 31
0.0
  0
ENDBLK
  5
D81
330
D79
100
AcDbEntity
  8
0
100
AcDbBlockEnd
  0
BLOCK
  5
D84
330
D83
100
AcDbEntity
  8
0
100
AcDbBlockBegin
  2
*U273
 70
     1
 10
0.0
 20
0.0
 30
0.0
  3
*U273
  1

  0
LINE
  5
D85
330
D83
100
AcDbEntity
  8
Smart Centers
  6
Continuous
 62
     0
440
 16777216
 48
0.75
100
AcDbLine
 10
-0.892969
 20
0.0
 30
0.0
 11
0.892969
 21
0.0
 31
0.0
  0
LINE
  5
D86
330
D83
100
AcDbEntity
  8
Smart Centers
  6
Continuous
 62
     0
440
 16777216
 48
0.75
100
AcDbLine
 10
0.0
 20
-0.892969
 30
0.0
 11
0.0
 21
0.892969
 31
0.0
  0
LINE
  5
D87
330
D83
100
AcDbEntity
  8
Smart Centers
 62
     0
440
 16777216
 48
0.75
100
AcDbLine
 10
-8.65
 20
0.0
 30
0.0
 11
-2.678906
 21
0.0
 31
0.0
  0
LINE
  5
D88
330
D83
100
AcDbEntity
  8
Smart Centers
 62
     0
440
 16777216
 48
0.75
100
AcDbLine
 10
2.678906
 20
0.0
 30
0.0
 11
8.65
 21
0.0
 31
0.0
  0
LINE
  5
D89
330
D83
100
AcDbEntity
  8
Smart Centers
 62
     0
440
 16777216
 48
0.75
100
AcDbLine
 10
0.0
 20
-8.65
 30
0.0
 11
0.0
 21
-2.678906
 31
0.0
  0
LINE
  5
D8A
330
D83
100
AcDbEntity
  8
Smart Centers
 62
     0
440
 16777216
 48
0.75
100
AcDbLine
 10
0.0
 20
2.678906
 30
0.0
 11
0.0
 21
8.65
 31
0.0
  0
ENDBLK
  5
D8B
330
D83
100
AcDbEntity
  8
0
100
AcDbBlockEnd
  0
BLOCK
  5
D8E
330
D8D
100
AcDbEntity
  8
0
100
AcDbBlockBegin
  2
*U274
 70
     1
 10
0.0
 20
0.0
 30
0.0
  3
*U274
  1

  0
LINE
  5
D8F
330
D8D
100
AcDbEntity
  8
Smart Centers
  6
Continuous
 62
     0
440
 16777216
 48
0.75
100
AcDbLine
 10
-0.892969
 20
0.0
 30
0.0
 11
0.892969
 21
0.0
 31
0.0
  0
LINE
  5
D90
330
D8D
100
AcDbEntity
  8
Smart Centers
  6
Continuous
 62
     0
440
 16777216
 48
0.75
100
AcDbLine
 10
0.0
 20
-0.892969
 30
0.0
 11
0.0
 21
0.892969
 31
0.0
  0
LINE
  5
D91
330
D8D
100
AcDbEntity
  8
Smart Centers
 62
     0
440
 16777216
 48
0.75
100
AcDbLine
 10
-8.65
 20
0.0
 30
0.0
 11
-2.678906
 21
0.0
 31
0.0
  0
LINE
  5
D92
330
D8D
100
AcDbEntity
  8
Smart Centers
 62
     0
440
 16777216
 48
0.75
100
AcDbLine
 10
2.678906
 20
0.0
 30
0.0
 11
8.65
 21
0.0
 31
0.0
  0
LINE
  5
D93
330
D8D
100
AcDbEntity
  8
Smart Centers
 62
     0
440
 16777216
 48
0.75
100
AcDbLine
 10
0.0
 20
-8.65
 30
0.0
 11
0.0
 21
-2.678906
 31
0.0
  0
LINE
  5
D94
330
D8D
100
AcDbEntity
  8
Smart Centers
 62
     0
440
 16777216
 48
0.75
100
AcDbLine
 10
0.0
 20
2.678906
 30
0.0
 11
0.0
 21
8.65
 31
0.0
  0
ENDBLK
  5
D95
330
D8D
100
AcDbEntity
  8
0
100
AcDbBlockEnd
  0
BLOCK
  5
D98
330
D97
100
AcDbEntity
  8
0
100
AcDbBlockBegin
  2
*U275
 70
     1
 10
0.0
 20
0.0
 30
0.0
  3
*U275
  1

  0
LINE
  5
D99
330
D97
100
AcDbEntity
  8
Smart Centers
  6
Continuous
 62
     0
440
 16777216
 48
0.75
100
AcDbLine
 10
-0.892969
 20
0.0
 30
0.0
 11
0.892969
 21
0.0
 31
0.0
  0
LINE
  5
D9A
330
D97
100
AcDbEntity
  8
Smart Centers
  6
Continuous
 62
     0
440
 16777216
 48
0.75
100
AcDbLine
 10
0.0
 20
-0.892969
 30
0.0
 11
0.0
 21
0.892969
 31
0.0
  0
LINE
  5
D9B
330
D97
100
AcDbEntity
  8
Smart Centers
 62
     0
440
 16777216
 48
0.75
100
AcDbLine
 10
-8.65
 20
0.0
 30
0.0
 11
-2.678906
 21
0.0
 31
0.0
  0
LINE
  5
D9C
330
D97
100
AcDbEntity
  8
Smart Centers
 62
     0
440
 16777216
 48
0.75
100
AcDbLine
 10
2.678906
 20
0.0
 30
0.0
 11
8.65
 21
0.0
 31
0.0
  0
LINE
  5
D9D
330
D97
100
AcDbEntity
  8
Smart Centers
 62
     0
440
 16777216
 48
0.75
100
AcDbLine
 10
0.0
 20
-8.65
 30
0.0
 11
0.0
 21
-2.678906
 31
0.0
  0
LINE
  5
D9E
330
D97
100
AcDbEntity
  8
Smart Centers
 62
     0
440
 16777216
 48
0.75
100
AcDbLine
 10
0.0
 20
2.678906
 30
0.0
 11
0.0
 21
8.65
 31
0.0
  0
ENDBLK
  5
D9F
330
D97
100
AcDbEntity
  8
0
100
AcDbBlockEnd
  0
BLOCK
  5
DA2
330
DA1
100
AcDbEntity
  8
0
100
AcDbBlockBegin
  2
*U276
 70
     1
 10
0.0
 20
0.0
 30
0.0
  3
*U276
  1

  0
LINE
  5
DA3
330
DA1
100
AcDbEntity
  8
Smart Centers
  6
Continuous
 62
     0
440
 16777216
 48
0.75
100
AcDbLine
 10
-0.892969
 20
0.0
 30
0.0
 11
0.892969
 21
0.0
 31
0.0
  0
LINE
  5
DA4
330
DA1
100
AcDbEntity
  8
Smart Centers
  6
Continuous
 62
     0
440
 16777216
 48
0.75
100
AcDbLine
 10
0.0
 20
-0.892969
 30
0.0
 11
0.0
 21
0.892969
 31
0.0
  0
LINE
  5
DA5
330
DA1
100
AcDbEntity
  8
Smart Centers
 62
     0
440
 16777216
 48
0.75
100
AcDbLine
 10
-8.65
 20
0.0
 30
0.0
 11
-2.678906
 21
0.0
 31
0.0
  0
LINE
  5
DA6
330
DA1
100
AcDbEntity
  8
Smart Centers
 62
     0
440
 16777216
 48
0.75
100
AcDbLine
 10
2.678906
 20
0.0
 30
0.0
 11
8.65
 21
0.0
 31
0.0
  0
LINE
  5
DA7
330
DA1
100
AcDbEntity
  8
Smart Centers
 62
     0
440
 16777216
 48
0.75
100
AcDbLine
 10
0.0
 20
-8.65
 30
0.0
 11
0.0
 21
-2.678906
 31
0.0
  0
LINE
  5
DA8
330
DA1
100
AcDbEntity
  8
Smart Centers
 62
     0
440
 16777216
 48
0.75
100
AcDbLine
 10
0.0
 20
2.678906
 30
0.0
 11
0.0
 21
8.65
 31
0.0
  0
ENDBLK
  5
DA9
330
DA1
100
AcDbEntity
  8
0
100
AcDbBlockEnd
  0
BLOCK
  5
DAC
330
DAB
100
AcDbEntity
  8
0
100
AcDbBlockBegin
  2
*U277
 70
     1
 10
0.0
 20
0.0
 30
0.0
  3
*U277
  1

  0
LINE
  5
DAD
330
DAB
100
AcDbEntity
  8
Smart Centers
  6
Continuous
 62
     0
440
 16777216
 48
0.75
100
AcDbLine
 10
-0.892969
 20
0.0
 30
0.0
 11
0.892969
 21
0.0
 31
0.0
  0
LINE
  5
DAE
330
DAB
100
AcDbEntity
  8
Smart Centers
  6
Continuous
 62
     0
440
 16777216
 48
0.75
100
AcDbLine
 10
0.0
 20
-0.892969
 30
0.0
 11
0.0
 21
0.892969
 31
0.0
  0
LINE
  5
DAF
330
DAB
100
AcDbEntity
  8
Smart Centers
 62
     0
440
 16777216
 48
0.75
100
AcDbLine
 10
-8.65
 20
0.0
 30
0.0
 11
-2.678906
 21
0.0
 31
0.0
  0
LINE
  5
DB0
330
DAB
100
AcDbEntity
  8
Smart Centers
 62
     0
440
 16777216
 48
0.75
100
AcDbLine
 10
2.678906
 20
0.0
 30
0.0
 11
8.65
 21
0.0
 31
0.0
  0
LINE
  5
DB1
330
DAB
100
AcDbEntity
  8
Smart Centers
 62
     0
440
 16777216
 48
0.75
100
AcDbLine
 10
0.0
 20
-8.65
 30
0.0
 11
0.0
 21
-2.678906
 31
0.0
  0
LINE
  5
DB2
330
DAB
100
AcDbEntity
  8
Smart Centers
 62
     0
440
 16777216
 48
0.75
100
AcDbLine
 10
0.0
 20
2.678906
 30
0.0
 11
0.0
 21
8.65
 31
0.0
  0
ENDBLK
  5
DB3
330
DAB
100
AcDbEntity
  8
0
100
AcDbBlockEnd
  0
BLOCK
  5
DB6
330
DB5
100
AcDbEntity
  8
0
100
AcDbBlockBegin
  2
*U278
 70
     1
 10
0.0
 20
0.0
 30
0.0
  3
*U278
  1

  0
LINE
  5
DB7
330
DB5
100
AcDbEntity
  8
Smart Centers
  6
Continuous
 62
     0
440
 16777216
 48
0.75
100
AcDbLine
 10
-0.892969
 20
0.0
 30
0.0
 11
0.892969
 21
0.0
 31
0.0
  0
LINE
  5
DB8
330
DB5
100
AcDbEntity
  8
Smart Centers
  6
Continuous
 62
     0
440
 16777216
 48
0.75
100
AcDbLine
 10
0.0
 20
-0.892969
 30
0.0
 11
0.0
 21
0.892969
 31
0.0
  0
LINE
  5
DB9
330
DB5
100
AcDbEntity
  8
Smart Centers
 62
     0
440
 16777216
 48
0.75
100
AcDbLine
 10
-8.65
 20
0.0
 30
0.0
 11
-2.678906
 21
0.0
 31
0.0
  0
LINE
  5
DBA
330
DB5
100
AcDbEntity
  8
Smart Centers
 62
     0
440
 16777216
 48
0.75
100
AcDbLine
 10
2.678906
 20
0.0
 30
0.0
 11
8.65
 21
0.0
 31
0.0
  0
LINE
  5
DBB
330
DB5
100
AcDbEntity
  8
Smart Centers
 62
     0
440
 16777216
 48
0.75
100
AcDbLine
 10
0.0
 20
-8.65
 30
0.0
 11
0.0
 21
-2.678906
 31
0.0
  0
LINE
  5
DBC
330
DB5
100
AcDbEntity
  8
Smart Centers
 62
     0
440
 16777216
 48
0.75
100
AcDbLine
 10
0.0
 20
2.678906
 30
0.0
 11
0.0
 21
8.65
 31
0.0
  0
ENDBLK
  5
DBD
330
DB5
100
AcDbEntity
  8
0
100
AcDbBlockEnd
  0
BLOCK
  5
DC0
330
DBF
100
AcDbEntity
  8
0
100
AcDbBlockBegin
  2
*U279
 70
     1
 10
0.0
 20
0.0
 30
0.0
  3
*U279
  1

  0
LINE
  5
DC1
330
DBF
100
AcDbEntity
  8
Smart Centers
  6
Continuous
 62
     0
440
 16777216
 48
0.75
100
AcDbLine
 10
-0.892969
 20
0.0
 30
0.0
 11
0.892969
 21
0.0
 31
0.0
  0
LINE
  5
DC2
330
DBF
100
AcDbEntity
  8
Smart Centers
  6
Continuous
 62
     0
440
 16777216
 48
0.75
100
AcDbLine
 10
0.0
 20
-0.892969
 30
0.0
 11
0.0
 21
0.892969
 31
0.0
  0
LINE
  5
DC3
330
DBF
100
AcDbEntity
  8
Smart Centers
 62
     0
440
 16777216
 48
0.75
100
AcDbLine
 10
-8.65
 20
0.0
 30
0.0
 11
-2.678906
 21
0.0
 31
0.0
  0
LINE
  5
DC4
330
DBF
100
AcDbEntity
  8
Smart Centers
 62
     0
440
 16777216
 48
0.75
100
AcDbLine
 10
2.678906
 20
0.0
 30
0.0
 11
8.65
 21
0.0
 31
0.0
  0
LINE
  5
DC5
330
DBF
100
AcDbEntity
  8
Smart Centers
 62
     0
440
 16777216
 48
0.75
100
AcDbLine
 10
0.0
 20
-8.65
 30
0.0
 11
0.0
 21
-2.678906
 31
0.0
  0
LINE
  5
DC6
330
DBF
100
AcDbEntity
  8
Smart Centers
 62
     0
440
 16777216
 48
0.75
100
AcDbLine
 10
0.0
 20
2.678906
 30
0.0
 11
0.0
 21
8.65
 31
0.0
  0
ENDBLK
  5
DC7
330
DBF
100
AcDbEntity
  8
0
100
AcDbBlockEnd
  0
BLOCK
  5
DCA
330
DC9
100
AcDbEntity
  8
0
100
AcDbBlockBegin
  2
*U280
 70
     1
 10
0.0
 20
0.0
 30
0.0
  3
*U280
  1

  0
LINE
  5
DCB
330
DC9
100
AcDbEntity
  8
Smart Centers
  6
Continuous
 62
     0
440
 16777216
 48
0.75
100
AcDbLine
 10
-0.892969
 20
0.0
 30
0.0
 11
0.892969
 21
0.0
 31
0.0
  0
LINE
  5
DCC
330
DC9
100
AcDbEntity
  8
Smart Centers
  6
Continuous
 62
     0
440
 16777216
 48
0.75
100
AcDbLine
 10
0.0
 20
-0.892969
 30
0.0
 11
0.0
 21
0.892969
 31
0.0
  0
LINE
  5
DCD
330
DC9
100
AcDbEntity
  8
Smart Centers
 62
     0
440
 16777216
 48
0.75
100
AcDbLine
 10
-8.65
 20
0.0
 30
0.0
 11
-2.678906
 21
0.0
 31
0.0
  0
LINE
  5
DCE
330
DC9
100
AcDbEntity
  8
Smart Centers
 62
     0
440
 16777216
 48
0.75
100
AcDbLine
 10
2.678906
 20
0.0
 30
0.0
 11
8.65
 21
0.0
 31
0.0
  0
LINE
  5
DCF
330
DC9
100
AcDbEntity
  8
Smart Centers
 62
     0
440
 16777216
 48
0.75
100
AcDbLine
 10
0.0
 20
-8.65
 30
0.0
 11
0.0
 21
-2.678906
 31
0.0
  0
LINE
  5
DD0
330
DC9
100
AcDbEntity
  8
Smart Centers
 62
     0
440
 16777216
 48
0.75
100
AcDbLine
 10
0.0
 20
2.678906
 30
0.0
 11
0.0
 21
8.65
 31
0.0
  0
ENDBLK
  5
DD1
330
DC9
100
AcDbEntity
  8
0
100
AcDbBlockEnd
  0
BLOCK
  5
DD4
330
DD3
100
AcDbEntity
  8
0
100
AcDbBlockBegin
  2
*U281
 70
     1
 10
0.0
 20
0.0
 30
0.0
  3
*U281
  1

  0
LINE
  5
DD5
330
DD3
100
AcDbEntity
  8
Smart Centers
  6
Continuous
 62
     0
440
 16777216
 48
0.75
100
AcDbLine
 10
-0.892969
 20
0.0
 30
0.0
 11
0.892969
 21
0.0
 31
0.0
  0
LINE
  5
DD6
330
DD3
100
AcDbEntity
  8
Smart Centers
  6
Continuous
 62
     0
440
 16777216
 48
0.75
100
AcDbLine
 10
0.0
 20
-0.892969
 30
0.0
 11
0.0
 21
0.892969
 31
0.0
  0
LINE
  5
DD7
330
DD3
100
AcDbEntity
  8
Smart Centers
 62
     0
440
 16777216
 48
0.75
100
AcDbLine
 10
-8.65
 20
0.0
 30
0.0
 11
-2.678906
 21
0.0
 31
0.0
  0
LINE
  5
DD8
330
DD3
100
AcDbEntity
  8
Smart Centers
 62
     0
440
 16777216
 48
0.75
100
AcDbLine
 10
2.678906
 20
0.0
 30
0.0
 11
8.65
 21
0.0
 31
0.0
  0
LINE
  5
DD9
330
DD3
100
AcDbEntity
  8
Smart Centers
 62
     0
440
 16777216
 48
0.75
100
AcDbLine
 10
0.0
 20
-8.65
 30
0.0
 11
0.0
 21
-2.678906
 31
0.0
  0
LINE
  5
DDA
330
DD3
100
AcDbEntity
  8
Smart Centers
 62
     0
440
 16777216
 48
0.75
100
AcDbLine
 10
0.0
 20
2.678906
 30
0.0
 11
0.0
 21
8.65
 31
0.0
  0
ENDBLK
  5
DDB
330
DD3
100
AcDbEntity
  8
0
100
AcDbBlockEnd
  0
BLOCK
  5
DDE
330
DDD
100
AcDbEntity
  8
0
100
AcDbBlockBegin
  2
*U282
 70
     1
 10
0.0
 20
0.0
 30
0.0
  3
*U282
  1

  0
LINE
  5
DDF
330
DDD
100
AcDbEntity
  8
Smart Centers
  6
Continuous
 62
     0
440
 16777216
 48
0.75
100
AcDbLine
 10
-0.892969
 20
0.0
 30
0.0
 11
0.892969
 21
0.0
 31
0.0
  0
LINE
  5
DE0
330
DDD
100
AcDbEntity
  8
Smart Centers
  6
Continuous
 62
     0
440
 16777216
 48
0.75
100
AcDbLine
 10
0.0
 20
-0.892969
 30
0.0
 11
0.0
 21
0.892969
 31
0.0
  0
LINE
  5
DE1
330
DDD
100
AcDbEntity
  8
Smart Centers
 62
     0
440
 16777216
 48
0.75
100
AcDbLine
 10
-8.65
 20
0.0
 30
0.0
 11
-2.678906
 21
0.0
 31
0.0
  0
LINE
  5
DE2
330
DDD
100
AcDbEntity
  8
Smart Centers
 62
     0
440
 16777216
 48
0.75
100
AcDbLine
 10
2.678906
 20
0.0
 30
0.0
 11
8.65
 21
0.0
 31
0.0
  0
LINE
  5
DE3
330
DDD
100
AcDbEntity
  8
Smart Centers
 62
     0
440
 16777216
 48
0.75
100
AcDbLine
 10
0.0
 20
-8.65
 30
0.0
 11
0.0
 21
-2.678906
 31
0.0
  0
LINE
  5
DE4
330
DDD
100
AcDbEntity
  8
Smart Centers
 62
     0
440
 16777216
 48
0.75
100
AcDbLine
 10
0.0
 20
2.678906
 30
0.0
 11
0.0
 21
8.65
 31
0.0
  0
ENDBLK
  5
DE5
330
DDD
100
AcDbEntity
  8
0
100
AcDbBlockEnd
  0
BLOCK
  5
DE8
330
DE7
100
AcDbEntity
  8
0
100
AcDbBlockBegin
  2
*U283
 70
     1
 10
0.0
 20
0.0
 30
0.0
  3
*U283
  1

  0
LINE
  5
DE9
330
DE7
100
AcDbEntity
  8
Smart Centers
  6
Continuous
 62
     0
440
 16777216
 48
0.75
100
AcDbLine
 10
-0.892969
 20
0.0
 30
0.0
 11
0.892969
 21
0.0
 31
0.0
  0
LINE
  5
DEA
330
DE7
100
AcDbEntity
  8
Smart Centers
  6
Continuous
 62
     0
440
 16777216
 48
0.75
100
AcDbLine
 10
0.0
 20
-0.892969
 30
0.0
 11
0.0
 21
0.892969
 31
0.0
  0
LINE
  5
DEB
330
DE7
100
AcDbEntity
  8
Smart Centers
 62
     0
440
 16777216
 48
0.75
100
AcDbLine
 10
-8.65
 20
0.0
 30
0.0
 11
-2.678906
 21
0.0
 31
0.0
  0
LINE
  5
DEC
330
DE7
100
AcDbEntity
  8
Smart Centers
 62
     0
440
 16777216
 48
0.75
100
AcDbLine
 10
2.678906
 20
0.0
 30
0.0
 11
8.65
 21
0.0
 31
0.0
  0
LINE
  5
DED
330
DE7
100
AcDbEntity
  8
Smart Centers
 62
     0
440
 16777216
 48
0.75
100
AcDbLine
 10
0.0
 20
-8.65
 30
0.0
 11
0.0
 21
-2.678906
 31
0.0
  0
LINE
  5
DEE
330
DE7
100
AcDbEntity
  8
Smart Centers
 62
     0
440
 16777216
 48
0.75
100
AcDbLine
 10
0.0
 20
2.678906
 30
0.0
 11
0.0
 21
8.65
 31
0.0
  0
ENDBLK
  5
DEF
330
DE7
100
AcDbEntity
  8
0
100
AcDbBlockEnd
  0
BLOCK
  5
DF2
330
DF1
100
AcDbEntity
  8
0
100
AcDbBlockBegin
  2
*U284
 70
     1
 10
0.0
 20
0.0
 30
0.0
  3
*U284
  1

  0
LINE
  5
DF3
330
DF1
100
AcDbEntity
  8
Smart Centers
  6
Continuous
 62
     0
440
 16777216
 48
0.75
100
AcDbLine
 10
-0.892969
 20
0.0
 30
0.0
 11
0.892969
 21
0.0
 31
0.0
  0
LINE
  5
DF4
330
DF1
100
AcDbEntity
  8
Smart Centers
  6
Continuous
 62
     0
440
 16777216
 48
0.75
100
AcDbLine
 10
0.0
 20
-0.892969
 30
0.0
 11
0.0
 21
0.892969
 31
0.0
  0
LINE
  5
DF5
330
DF1
100
AcDbEntity
  8
Smart Centers
 62
     0
440
 16777216
 48
0.75
100
AcDbLine
 10
-8.65
 20
0.0
 30
0.0
 11
-2.678906
 21
0.0
 31
0.0
  0
LINE
  5
DF6
330
DF1
100
AcDbEntity
  8
Smart Centers
 62
     0
440
 16777216
 48
0.75
100
AcDbLine
 10
2.678906
 20
0.0
 30
0.0
 11
8.65
 21
0.0
 31
0.0
  0
LINE
  5
DF7
330
DF1
100
AcDbEntity
  8
Smart Centers
 62
     0
440
 16777216
 48
0.75
100
AcDbLine
 10
0.0
 20
-8.65
 30
0.0
 11
0.0
 21
-2.678906
 31
0.0
  0
LINE
  5
DF8
330
DF1
100
AcDbEntity
  8
Smart Centers
 62
     0
440
 16777216
 48
0.75
100
AcDbLine
 10
0.0
 20
2.678906
 30
0.0
 11
0.0
 21
8.65
 31
0.0
  0
ENDBLK
  5
DF9
330
DF1
100
AcDbEntity
  8
0
100
AcDbBlockEnd
  0
BLOCK
  5
DFC
330
DFB
100
AcDbEntity
  8
0
100
AcDbBlockBegin
  2
*U285
 70
     1
 10
0.0
 20
0.0
 30
0.0
  3
*U285
  1

  0
LINE
  5
DFD
330
DFB
100
AcDbEntity
  8
Smart Centers
  6
Continuous
 62
     0
440
 16777216
 48
0.75
100
AcDbLine
 10
-0.892969
 20
0.0
 30
0.0
 11
0.892969
 21
0.0
 31
0.0
  0
LINE
  5
DFE
330
DFB
100
AcDbEntity
  8
Smart Centers
  6
Continuous
 62
     0
440
 16777216
 48
0.75
100
AcDbLine
 10
0.0
 20
-0.892969
 30
0.0
 11
0.0
 21
0.892969
 31
0.0
  0
LINE
  5
DFF
330
DFB
100
AcDbEntity
  8
Smart Centers
 62
     0
440
 16777216
 48
0.75
100
AcDbLine
 10
-8.65
 20
0.0
 30
0.0
 11
-2.678906
 21
0.0
 31
0.0
  0
LINE
  5
E00
330
DFB
100
AcDbEntity
  8
Smart Centers
 62
     0
440
 16777216
 48
0.75
100
AcDbLine
 10
2.678906
 20
0.0
 30
0.0
 11
8.65
 21
0.0
 31
0.0
  0
LINE
  5
E01
330
DFB
100
AcDbEntity
  8
Smart Centers
 62
     0
440
 16777216
 48
0.75
100
AcDbLine
 10
0.0
 20
-8.65
 30
0.0
 11
0.0
 21
-2.678906
 31
0.0
  0
LINE
  5
E02
330
DFB
100
AcDbEntity
  8
Smart Centers
 62
     0
440
 16777216
 48
0.75
100
AcDbLine
 10
0.0
 20
2.678906
 30
0.0
 11
0.0
 21
8.65
 31
0.0
  0
ENDBLK
  5
E03
330
DFB
100
AcDbEntity
  8
0
100
AcDbBlockEnd
  0
BLOCK
  5
E06
330
E05
100
AcDbEntity
  8
0
100
AcDbBlockBegin
  2
*U286
 70
     1
 10
0.0
 20
0.0
 30
0.0
  3
*U286
  1

  0
LINE
  5
E07
330
E05
100
AcDbEntity
  8
Smart Centers
  6
Continuous
 62
     0
440
 16777216
 48
0.75
100
AcDbLine
 10
-0.892969
 20
0.0
 30
0.0
 11
0.892969
 21
0.0
 31
0.0
  0
LINE
  5
E08
330
E05
100
AcDbEntity
  8
Smart Centers
  6
Continuous
 62
     0
440
 16777216
 48
0.75
100
AcDbLine
 10
0.0
 20
-0.892969
 30
0.0
 11
0.0
 21
0.892969
 31
0.0
  0
LINE
  5
E09
330
E05
100
AcDbEntity
  8
Smart Centers
 62
     0
440
 16777216
 48
0.75
100
AcDbLine
 10
-8.65
 20
0.0
 30
0.0
 11
-2.678906
 21
0.0
 31
0.0
  0
LINE
  5
E0A
330
E05
100
AcDbEntity
  8
Smart Centers
 62
     0
440
 16777216
 48
0.75
100
AcDbLine
 10
2.678906
 20
0.0
 30
0.0
 11
8.65
 21
0.0
 31
0.0
  0
LINE
  5
E0B
330
E05
100
AcDbEntity
  8
Smart Centers
 62
     0
440
 16777216
 48
0.75
100
AcDbLine
 10
0.0
 20
-8.65
 30
0.0
 11
0.0
 21
-2.678906
 31
0.0
  0
LINE
  5
E0C
330
E05
100
AcDbEntity
  8
Smart Centers
 62
     0
440
 16777216
 48
0.75
100
AcDbLine
 10
0.0
 20
2.678906
 30
0.0
 11
0.0
 21
8.65
 31
0.0
  0
ENDBLK
  5
E0D
330
E05
100
AcDbEntity
  8
0
100
AcDbBlockEnd
  0
BLOCK
  5
E10
330
E0F
100
AcDbEntity
  8
0
100
AcDbBlockBegin
  2
*U287
 70
     1
 10
0.0
 20
0.0
 30
0.0
  3
*U287
  1

  0
LINE
  5
E11
330
E0F
100
AcDbEntity
  8
Smart Centers
  6
Continuous
 62
     0
440
 16777216
 48
0.75
100
AcDbLine
 10
-0.892969
 20
0.0
 30
0.0
 11
0.892969
 21
0.0
 31
0.0
  0
LINE
  5
E12
330
E0F
100
AcDbEntity
  8
Smart Centers
  6
Continuous
 62
     0
440
 16777216
 48
0.75
100
AcDbLine
 10
0.0
 20
-0.892969
 30
0.0
 11
0.0
 21
0.892969
 31
0.0
  0
LINE
  5
E13
330
E0F
100
AcDbEntity
  8
Smart Centers
 62
     0
440
 16777216
 48
0.75
100
AcDbLine
 10
-8.65
 20
0.0
 30
0.0
 11
-2.678906
 21
0.0
 31
0.0
  0
LINE
  5
E14
330
E0F
100
AcDbEntity
  8
Smart Centers
 62
     0
440
 16777216
 48
0.75
100
AcDbLine
 10
2.678906
 20
0.0
 30
0.0
 11
8.65
 21
0.0
 31
0.0
  0
LINE
  5
E15
330
E0F
100
AcDbEntity
  8
Smart Centers
 62
     0
440
 16777216
 48
0.75
100
AcDbLine
 10
0.0
 20
-8.65
 30
0.0
 11
0.0
 21
-2.678906
 31
0.0
  0
LINE
  5
E16
330
E0F
100
AcDbEntity
  8
Smart Centers
 62
     0
440
 16777216
 48
0.75
100
AcDbLine
 10
0.0
 20
2.678906
 30
0.0
 11
0.0
 21
8.65
 31
0.0
  0
ENDBLK
  5
E17
330
E0F
100
AcDbEntity
  8
0
100
AcDbBlockEnd
  0
BLOCK
  5
E1A
330
E19
100
AcDbEntity
  8
0
100
AcDbBlockBegin
  2
*U288
 70
     1
 10
0.0
 20
0.0
 30
0.0
  3
*U288
  1

  0
LINE
  5
E1B
330
E19
100
AcDbEntity
  8
Smart Centers
  6
Continuous
 62
     0
440
 16777216
 48
0.75
100
AcDbLine
 10
-0.892969
 20
0.0
 30
0.0
 11
0.892969
 21
0.0
 31
0.0
  0
LINE
  5
E1C
330
E19
100
AcDbEntity
  8
Smart Centers
  6
Continuous
 62
     0
440
 16777216
 48
0.75
100
AcDbLine
 10
0.0
 20
-0.892969
 30
0.0
 11
0.0
 21
0.892969
 31
0.0
  0
LINE
  5
E1D
330
E19
100
AcDbEntity
  8
Smart Centers
 62
     0
440
 16777216
 48
0.75
100
AcDbLine
 10
-8.65
 20
0.0
 30
0.0
 11
-2.678906
 21
0.0
 31
0.0
  0
LINE
  5
E1E
330
E19
100
AcDbEntity
  8
Smart Centers
 62
     0
440
 16777216
 48
0.75
100
AcDbLine
 10
2.678906
 20
0.0
 30
0.0
 11
8.65
 21
0.0
 31
0.0
  0
LINE
  5
E1F
330
E19
100
AcDbEntity
  8
Smart Centers
 62
     0
440
 16777216
 48
0.75
100
AcDbLine
 10
0.0
 20
-8.65
 30
0.0
 11
0.0
 21
-2.678906
 31
0.0
  0
LINE
  5
E20
330
E19
100
AcDbEntity
  8
Smart Centers
 62
     0
440
 16777216
 48
0.75
100
AcDbLine
 10
0.0
 20
2.678906
 30
0.0
 11
0.0
 21
8.65
 31
0.0
  0
ENDBLK
  5
E21
330
E19
100
AcDbEntity
  8
0
100
AcDbBlockEnd
  0
BLOCK
  5
E24
330
E23
100
AcDbEntity
  8
0
100
AcDbBlockBegin
  2
*U289
 70
     1
 10
0.0
 20
0.0
 30
0.0
  3
*U289
  1

  0
LINE
  5
E25
330
E23
100
AcDbEntity
  8
Smart Centers
  6
Continuous
 62
     0
440
 16777216
 48
0.75
100
AcDbLine
 10
-0.892969
 20
0.0
 30
0.0
 11
0.892969
 21
0.0
 31
0.0
  0
LINE
  5
E26
330
E23
100
AcDbEntity
  8
Smart Centers
  6
Continuous
 62
     0
440
 16777216
 48
0.75
100
AcDbLine
 10
0.0
 20
-0.892969
 30
0.0
 11
0.0
 21
0.892969
 31
0.0
  0
LINE
  5
E27
330
E23
100
AcDbEntity
  8
Smart Centers
 62
     0
440
 16777216
 48
0.75
100
AcDbLine
 10
-8.65
 20
0.0
 30
0.0
 11
-2.678906
 21
0.0
 31
0.0
  0
LINE
  5
E28
330
E23
100
AcDbEntity
  8
Smart Centers
 62
     0
440
 16777216
 48
0.75
100
AcDbLine
 10
2.678906
 20
0.0
 30
0.0
 11
8.65
 21
0.0
 31
0.0
  0
LINE
  5
E29
330
E23
100
AcDbEntity
  8
Smart Centers
 62
     0
440
 16777216
 48
0.75
100
AcDbLine
 10
0.0
 20
-8.65
 30
0.0
 11
0.0
 21
-2.678906
 31
0.0
  0
LINE
  5
E2A
330
E23
100
AcDbEntity
  8
Smart Centers
 62
     0
440
 16777216
 48
0.75
100
AcDbLine
 10
0.0
 20
2.678906
 30
0.0
 11
0.0
 21
8.65
 31
0.0
  0
ENDBLK
  5
E2B
330
E23
100
AcDbEntity
  8
0
100
AcDbBlockEnd
  0
BLOCK
  5
E2E
330
E2D
100
AcDbEntity
  8
0
100
AcDbBlockBegin
  2
*U290
 70
     1
 10
0.0
 20
0.0
 30
0.0
  3
*U290
  1

  0
LINE
  5
E2F
330
E2D
100
AcDbEntity
  8
Smart Centers
  6
Continuous
 62
     0
440
 16777216
 48
0.75
100
AcDbLine
 10
-0.892969
 20
0.0
 30
0.0
 11
0.892969
 21
0.0
 31
0.0
  0
LINE
  5
E30
330
E2D
100
AcDbEntity
  8
Smart Centers
  6
Continuous
 62
     0
440
 16777216
 48
0.75
100
AcDbLine
 10
0.0
 20
-0.892969
 30
0.0
 11
0.0
 21
0.892969
 31
0.0
  0
LINE
  5
E31
330
E2D
100
AcDbEntity
  8
Smart Centers
 62
     0
440
 16777216
 48
0.75
100
AcDbLine
 10
-8.65
 20
0.0
 30
0.0
 11
-2.678906
 21
0.0
 31
0.0
  0
LINE
  5
E32
330
E2D
100
AcDbEntity
  8
Smart Centers
 62
     0
440
 16777216
 48
0.75
100
AcDbLine
 10
2.678906
 20
0.0
 30
0.0
 11
8.65
 21
0.0
 31
0.0
  0
LINE
  5
E33
330
E2D
100
AcDbEntity
  8
Smart Centers
 62
     0
440
 16777216
 48
0.75
100
AcDbLine
 10
0.0
 20
-8.65
 30
0.0
 11
0.0
 21
-2.678906
 31
0.0
  0
LINE
  5
E34
330
E2D
100
AcDbEntity
  8
Smart Centers
 62
     0
440
 16777216
 48
0.75
100
AcDbLine
 10
0.0
 20
2.678906
 30
0.0
 11
0.0
 21
8.65
 31
0.0
  0
ENDBLK
  5
E35
330
E2D
100
AcDbEntity
  8
0
100
AcDbBlockEnd
  0
BLOCK
  5
E38
330
E37
100
AcDbEntity
  8
0
100
AcDbBlockBegin
  2
*U291
 70
     1
 10
0.0
 20
0.0
 30
0.0
  3
*U291
  1

  0
LINE
  5
E39
330
E37
100
AcDbEntity
  8
Smart Centers
  6
Continuous
 62
     0
440
 16777216
 48
0.75
100
AcDbLine
 10
-0.892969
 20
0.0
 30
0.0
 11
0.892969
 21
0.0
 31
0.0
  0
LINE
  5
E3A
330
E37
100
AcDbEntity
  8
Smart Centers
  6
Continuous
 62
     0
440
 16777216
 48
0.75
100
AcDbLine
 10
0.0
 20
-0.892969
 30
0.0
 11
0.0
 21
0.892969
 31
0.0
  0
LINE
  5
E3B
330
E37
100
AcDbEntity
  8
Smart Centers
 62
     0
440
 16777216
 48
0.75
100
AcDbLine
 10
-8.65
 20
0.0
 30
0.0
 11
-2.678906
 21
0.0
 31
0.0
  0
LINE
  5
E3C
330
E37
100
AcDbEntity
  8
Smart Centers
 62
     0
440
 16777216
 48
0.75
100
AcDbLine
 10
2.678906
 20
0.0
 30
0.0
 11
8.65
 21
0.0
 31
0.0
  0
LINE
  5
E3D
330
E37
100
AcDbEntity
  8
Smart Centers
 62
     0
440
 16777216
 48
0.75
100
AcDbLine
 10
0.0
 20
-8.65
 30
0.0
 11
0.0
 21
-2.678906
 31
0.0
  0
LINE
  5
E3E
330
E37
100
AcDbEntity
  8
Smart Centers
 62
     0
440
 16777216
 48
0.75
100
AcDbLine
 10
0.0
 20
2.678906
 30
0.0
 11
0.0
 21
8.65
 31
0.0
  0
ENDBLK
  5
E3F
330
E37
100
AcDbEntity
  8
0
100
AcDbBlockEnd
  0
BLOCK
  5
E42
330
E41
100
AcDbEntity
  8
0
100
AcDbBlockBegin
  2
*U292
 70
     1
 10
0.0
 20
0.0
 30
0.0
  3
*U292
  1

  0
LINE
  5
E43
330
E41
100
AcDbEntity
  8
Smart Centers
  6
Continuous
 62
     0
440
 16777216
 48
0.75
100
AcDbLine
 10
-0.892969
 20
0.0
 30
0.0
 11
0.892969
 21
0.0
 31
0.0
  0
LINE
  5
E44
330
E41
100
AcDbEntity
  8
Smart Centers
  6
Continuous
 62
     0
440
 16777216
 48
0.75
100
AcDbLine
 10
0.0
 20
-0.892969
 30
0.0
 11
0.0
 21
0.892969
 31
0.0
  0
LINE
  5
E45
330
E41
100
AcDbEntity
  8
Smart Centers
 62
     0
440
 16777216
 48
0.75
100
AcDbLine
 10
-8.65
 20
0.0
 30
0.0
 11
-2.678906
 21
0.0
 31
0.0
  0
LINE
  5
E46
330
E41
100
AcDbEntity
  8
Smart Centers
 62
     0
440
 16777216
 48
0.75
100
AcDbLine
 10
2.678906
 20
0.0
 30
0.0
 11
8.65
 21
0.0
 31
0.0
  0
LINE
  5
E47
330
E41
100
AcDbEntity
  8
Smart Centers
 62
     0
440
 16777216
 48
0.75
100
AcDbLine
 10
0.0
 20
-8.65
 30
0.0
 11
0.0
 21
-2.678906
 31
0.0
  0
LINE
  5
E48
330
E41
100
AcDbEntity
  8
Smart Centers
 62
     0
440
 16777216
 48
0.75
100
AcDbLine
 10
0.0
 20
2.678906
 30
0.0
 11
0.0
 21
8.65
 31
0.0
  0
ENDBLK
  5
E49
330
E41
100
AcDbEntity
  8
0
100
AcDbBlockEnd
  0
BLOCK
  5
E4C
330
E4B
100
AcDbEntity
  8
0
100
AcDbBlockBegin
  2
*U293
 70
     1
 10
0.0
 20
0.0
 30
0.0
  3
*U293
  1

  0
LINE
  5
E4D
330
E4B
100
AcDbEntity
  8
Smart Centers
  6
Continuous
 62
     0
440
 16777216
 48
0.75
100
AcDbLine
 10
-0.892969
 20
0.0
 30
0.0
 11
0.892969
 21
0.0
 31
0.0
  0
LINE
  5
E4E
330
E4B
100
AcDbEntity
  8
Smart Centers
  6
Continuous
 62
     0
440
 16777216
 48
0.75
100
AcDbLine
 10
0.0
 20
-0.892969
 30
0.0
 11
0.0
 21
0.892969
 31
0.0
  0
LINE
  5
E4F
330
E4B
100
AcDbEntity
  8
Smart Centers
 62
     0
440
 16777216
 48
0.75
100
AcDbLine
 10
-8.65
 20
0.0
 30
0.0
 11
-2.678906
 21
0.0
 31
0.0
  0
LINE
  5
E50
330
E4B
100
AcDbEntity
  8
Smart Centers
 62
     0
440
 16777216
 48
0.75
100
AcDbLine
 10
2.678906
 20
0.0
 30
0.0
 11
8.65
 21
0.0
 31
0.0
  0
LINE
  5
E51
330
E4B
100
AcDbEntity
  8
Smart Centers
 62
     0
440
 16777216
 48
0.75
100
AcDbLine
 10
0.0
 20
-8.65
 30
0.0
 11
0.0
 21
-2.678906
 31
0.0
  0
LINE
  5
E52
330
E4B
100
AcDbEntity
  8
Smart Centers
 62
     0
440
 16777216
 48
0.75
100
AcDbLine
 10
0.0
 20
2.678906
 30
0.0
 11
0.0
 21
8.65
 31
0.0
  0
ENDBLK
  5
E53
330
E4B
100
AcDbEntity
  8
0
100
AcDbBlockEnd
  0
BLOCK
  5
E56
330
E55
100
AcDbEntity
  8
0
100
AcDbBlockBegin
  2
*U294
 70
     1
 10
0.0
 20
0.0
 30
0.0
  3
*U294
  1

  0
LINE
  5
E57
330
E55
100
AcDbEntity
  8
Smart Centers
  6
Continuous
 62
     0
440
 16777216
 48
0.75
100
AcDbLine
 10
-0.892969
 20
0.0
 30
0.0
 11
0.892969
 21
0.0
 31
0.0
  0
LINE
  5
E58
330
E55
100
AcDbEntity
  8
Smart Centers
  6
Continuous
 62
     0
440
 16777216
 48
0.75
100
AcDbLine
 10
0.0
 20
-0.892969
 30
0.0
 11
0.0
 21
0.892969
 31
0.0
  0
LINE
  5
E59
330
E55
100
AcDbEntity
  8
Smart Centers
 62
     0
440
 16777216
 48
0.75
100
AcDbLine
 10
-8.65
 20
0.0
 30
0.0
 11
-2.678906
 21
0.0
 31
0.0
  0
LINE
  5
E5A
330
E55
100
AcDbEntity
  8
Smart Centers
 62
     0
440
 16777216
 48
0.75
100
AcDbLine
 10
2.678906
 20
0.0
 30
0.0
 11
8.65
 21
0.0
 31
0.0
  0
LINE
  5
E5B
330
E55
100
AcDbEntity
  8
Smart Centers
 62
     0
440
 16777216
 48
0.75
100
AcDbLine
 10
0.0
 20
-8.65
 30
0.0
 11
0.0
 21
-2.678906
 31
0.0
  0
LINE
  5
E5C
330
E55
100
AcDbEntity
  8
Smart Centers
 62
     0
440
 16777216
 48
0.75
100
AcDbLine
 10
0.0
 20
2.678906
 30
0.0
 11
0.0
 21
8.65
 31
0.0
  0
ENDBLK
  5
E5D
330
E55
100
AcDbEntity
  8
0
100
AcDbBlockEnd
  0
BLOCK
  5
E60
330
E5F
100
AcDbEntity
  8
0
100
AcDbBlockBegin
  2
*U295
 70
     1
 10
0.0
 20
0.0
 30
0.0
  3
*U295
  1

  0
LINE
  5
E61
330
E5F
100
AcDbEntity
  8
Smart Centers
  6
Continuous
 62
     0
440
 16777216
 48
0.75
100
AcDbLine
 10
-0.892969
 20
0.0
 30
0.0
 11
0.892969
 21
0.0
 31
0.0
  0
LINE
  5
E62
330
E5F
100
AcDbEntity
  8
Smart Centers
  6
Continuous
 62
     0
440
 16777216
 48
0.75
100
AcDbLine
 10
0.0
 20
-0.892969
 30
0.0
 11
0.0
 21
0.892969
 31
0.0
  0
LINE
  5
E63
330
E5F
100
AcDbEntity
  8
Smart Centers
 62
     0
440
 16777216
 48
0.75
100
AcDbLine
 10
-8.65
 20
0.0
 30
0.0
 11
-2.678906
 21
0.0
 31
0.0
  0
LINE
  5
E64
330
E5F
100
AcDbEntity
  8
Smart Centers
 62
     0
440
 16777216
 48
0.75
100
AcDbLine
 10
2.678906
 20
0.0
 30
0.0
 11
8.65
 21
0.0
 31
0.0
  0
LINE
  5
E65
330
E5F
100
AcDbEntity
  8
Smart Centers
 62
     0
440
 16777216
 48
0.75
100
AcDbLine
 10
0.0
 20
-8.65
 30
0.0
 11
0.0
 21
-2.678906
 31
0.0
  0
LINE
  5
E66
330
E5F
100
AcDbEntity
  8
Smart Centers
 62
     0
440
 16777216
 48
0.75
100
AcDbLine
 10
0.0
 20
2.678906
 30
0.0
 11
0.0
 21
8.65
 31
0.0
  0
ENDBLK
  5
E67
330
E5F
100
AcDbEntity
  8
0
100
AcDbBlockEnd
  0
BLOCK
  5
E6A
330
E69
100
AcDbEntity
  8
0
100
AcDbBlockBegin
  2
*U296
 70
     1
 10
0.0
 20
0.0
 30
0.0
  3
*U296
  1

  0
LINE
  5
E6B
330
E69
100
AcDbEntity
  8
Smart Centers
  6
Continuous
 62
     0
440
 16777216
 48
0.75
100
AcDbLine
 10
-0.892969
 20
0.0
 30
0.0
 11
0.892969
 21
0.0
 31
0.0
  0
LINE
  5
E6C
330
E69
100
AcDbEntity
  8
Smart Centers
  6
Continuous
 62
     0
440
 16777216
 48
0.75
100
AcDbLine
 10
0.0
 20
-0.892969
 30
0.0
 11
0.0
 21
0.892969
 31
0.0
  0
LINE
  5
E6D
330
E69
100
AcDbEntity
  8
Smart Centers
 62
     0
440
 16777216
 48
0.75
100
AcDbLine
 10
-8.65
 20
0.0
 30
0.0
 11
-2.678906
 21
0.0
 31
0.0
  0
LINE
  5
E6E
330
E69
100
AcDbEntity
  8
Smart Centers
 62
     0
440
 16777216
 48
0.75
100
AcDbLine
 10
2.678906
 20
0.0
 30
0.0
 11
8.65
 21
0.0
 31
0.0
  0
LINE
  5
E6F
330
E69
100
AcDbEntity
  8
Smart Centers
 62
     0
440
 16777216
 48
0.75
100
AcDbLine
 10
0.0
 20
-8.65
 30
0.0
 11
0.0
 21
-2.678906
 31
0.0
  0
LINE
  5
E70
330
E69
100
AcDbEntity
  8
Smart Centers
 62
     0
440
 16777216
 48
0.75
100
AcDbLine
 10
0.0
 20
2.678906
 30
0.0
 11
0.0
 21
8.65
 31
0.0
  0
ENDBLK
  5
E71
330
E69
100
AcDbEntity
  8
0
100
AcDbBlockEnd
  0
BLOCK
  5
E74
330
E73
100
AcDbEntity
  8
0
100
AcDbBlockBegin
  2
*U297
 70
     1
 10
0.0
 20
0.0
 30
0.0
  3
*U297
  1

  0
LINE
  5
E75
330
E73
100
AcDbEntity
  8
Smart Centers
  6
Continuous
 62
     0
440
 16777216
 48
0.75
100
AcDbLine
 10
-0.892969
 20
0.0
 30
0.0
 11
0.892969
 21
0.0
 31
0.0
  0
LINE
  5
E76
330
E73
100
AcDbEntity
  8
Smart Centers
  6
Continuous
 62
     0
440
 16777216
 48
0.75
100
AcDbLine
 10
0.0
 20
-0.892969
 30
0.0
 11
0.0
 21
0.892969
 31
0.0
  0
LINE
  5
E77
330
E73
100
AcDbEntity
  8
Smart Centers
 62
     0
440
 16777216
 48
0.75
100
AcDbLine
 10
-8.65
 20
0.0
 30
0.0
 11
-2.678906
 21
0.0
 31
0.0
  0
LINE
  5
E78
330
E73
100
AcDbEntity
  8
Smart Centers
 62
     0
440
 16777216
 48
0.75
100
AcDbLine
 10
2.678906
 20
0.0
 30
0.0
 11
8.65
 21
0.0
 31
0.0
  0
LINE
  5
E79
330
E73
100
AcDbEntity
  8
Smart Centers
 62
     0
440
 16777216
 48
0.75
100
AcDbLine
 10
0.0
 20
-8.65
 30
0.0
 11
0.0
 21
-2.678906
 31
0.0
  0
LINE
  5
E7A
330
E73
100
AcDbEntity
  8
Smart Centers
 62
     0
440
 16777216
 48
0.75
100
AcDbLine
 10
0.0
 20
2.678906
 30
0.0
 11
0.0
 21
8.65
 31
0.0
  0
ENDBLK
  5
E7B
330
E73
100
AcDbEntity
  8
0
100
AcDbBlockEnd
  0
BLOCK
  5
E7E
330
E7D
100
AcDbEntity
  8
0
100
AcDbBlockBegin
  2
*U298
 70
     1
 10
0.0
 20
0.0
 30
0.0
  3
*U298
  1

  0
LINE
  5
E7F
330
E7D
100
AcDbEntity
  8
Smart Centers
  6
Continuous
 62
     0
440
 16777216
 48
0.75
100
AcDbLine
 10
-0.892969
 20
0.0
 30
0.0
 11
0.892969
 21
0.0
 31
0.0
  0
LINE
  5
E80
330
E7D
100
AcDbEntity
  8
Smart Centers
  6
Continuous
 62
     0
440
 16777216
 48
0.75
100
AcDbLine
 10
0.0
 20
-0.892969
 30
0.0
 11
0.0
 21
0.892969
 31
0.0
  0
LINE
  5
E81
330
E7D
100
AcDbEntity
  8
Smart Centers
 62
     0
440
 16777216
 48
0.75
100
AcDbLine
 10
-8.65
 20
0.0
 30
0.0
 11
-2.678906
 21
0.0
 31
0.0
  0
LINE
  5
E82
330
E7D
100
AcDbEntity
  8
Smart Centers
 62
     0
440
 16777216
 48
0.75
100
AcDbLine
 10
2.678906
 20
0.0
 30
0.0
 11
8.65
 21
0.0
 31
0.0
  0
LINE
  5
E83
330
E7D
100
AcDbEntity
  8
Smart Centers
 62
     0
440
 16777216
 48
0.75
100
AcDbLine
 10
0.0
 20
-8.65
 30
0.0
 11
0.0
 21
-2.678906
 31
0.0
  0
LINE
  5
E84
330
E7D
100
AcDbEntity
  8
Smart Centers
 62
     0
440
 16777216
 48
0.75
100
AcDbLine
 10
0.0
 20
2.678906
 30
0.0
 11
0.0
 21
8.65
 31
0.0
  0
ENDBLK
  5
E85
330
E7D
100
AcDbEntity
  8
0
100
AcDbBlockEnd
  0
BLOCK
  5
E88
330
E87
100
AcDbEntity
  8
0
100
AcDbBlockBegin
  2
*U299
 70
     1
 10
0.0
 20
0.0
 30
0.0
  3
*U299
  1

  0
LINE
  5
E89
330
E87
100
AcDbEntity
  8
Smart Centers
  6
Continuous
 62
     0
440
 16777216
 48
0.75
100
AcDbLine
 10
-0.892969
 20
0.0
 30
0.0
 11
0.892969
 21
0.0
 31
0.0
  0
LINE
  5
E8A
330
E87
100
AcDbEntity
  8
Smart Centers
  6
Continuous
 62
     0
440
 16777216
 48
0.75
100
AcDbLine
 10
0.0
 20
-0.892969
 30
0.0
 11
0.0
 21
0.892969
 31
0.0
  0
LINE
  5
E8B
330
E87
100
AcDbEntity
  8
Smart Centers
 62
     0
440
 16777216
 48
0.75
100
AcDbLine
 10
-8.65
 20
0.0
 30
0.0
 11
-2.678906
 21
0.0
 31
0.0
  0
LINE
  5
E8C
330
E87
100
AcDbEntity
  8
Smart Centers
 62
     0
440
 16777216
 48
0.75
100
AcDbLine
 10
2.678906
 20
0.0
 30
0.0
 11
8.65
 21
0.0
 31
0.0
  0
LINE
  5
E8D
330
E87
100
AcDbEntity
  8
Smart Centers
 62
     0
440
 16777216
 48
0.75
100
AcDbLine
 10
0.0
 20
-8.65
 30
0.0
 11
0.0
 21
-2.678906
 31
0.0
  0
LINE
  5
E8E
330
E87
100
AcDbEntity
  8
Smart Centers
 62
     0
440
 16777216
 48
0.75
100
AcDbLine
 10
0.0
 20
2.678906
 30
0.0
 11
0.0
 21
8.65
 31
0.0
  0
ENDBLK
  5
E8F
330
E87
100
AcDbEntity
  8
0
100
AcDbBlockEnd
  0
BLOCK
  5
E92
330
E91
100
AcDbEntity
  8
0
100
AcDbBlockBegin
  2
*U300
 70
     1
 10
0.0
 20
0.0
 30
0.0
  3
*U300
  1

  0
LINE
  5
E93
330
E91
100
AcDbEntity
  8
Smart Centers
  6
Continuous
 62
     0
440
 16777216
 48
0.75
100
AcDbLine
 10
-0.892969
 20
0.0
 30
0.0
 11
0.892969
 21
0.0
 31
0.0
  0
LINE
  5
E94
330
E91
100
AcDbEntity
  8
Smart Centers
  6
Continuous
 62
     0
440
 16777216
 48
0.75
100
AcDbLine
 10
0.0
 20
-0.892969
 30
0.0
 11
0.0
 21
0.892969
 31
0.0
  0
LINE
  5
E95
330
E91
100
AcDbEntity
  8
Smart Centers
 62
     0
440
 16777216
 48
0.75
100
AcDbLine
 10
-8.65
 20
0.0
 30
0.0
 11
-2.678906
 21
0.0
 31
0.0
  0
LINE
  5
E96
330
E91
100
AcDbEntity
  8
Smart Centers
 62
     0
440
 16777216
 48
0.75
100
AcDbLine
 10
2.678906
 20
0.0
 30
0.0
 11
8.65
 21
0.0
 31
0.0
  0
LINE
  5
E97
330
E91
100
AcDbEntity
  8
Smart Centers
 62
     0
440
 16777216
 48
0.75
100
AcDbLine
 10
0.0
 20
-8.65
 30
0.0
 11
0.0
 21
-2.678906
 31
0.0
  0
LINE
  5
E98
330
E91
100
AcDbEntity
  8
Smart Centers
 62
     0
440
 16777216
 48
0.75
100
AcDbLine
 10
0.0
 20
2.678906
 30
0.0
 11
0.0
 21
8.65
 31
0.0
  0
ENDBLK
  5
E99
330
E91
100
AcDbEntity
  8
0
100
AcDbBlockEnd
  0
BLOCK
  5
E9C
330
E9B
100
AcDbEntity
  8
0
100
AcDbBlockBegin
  2
*U301
 70
     1
 10
0.0
 20
0.0
 30
0.0
  3
*U301
  1

  0
LINE
  5
E9D
330
E9B
100
AcDbEntity
  8
Smart Centers
  6
Continuous
 62
     0
440
 16777216
 48
0.75
100
AcDbLine
 10
-0.892969
 20
0.0
 30
0.0
 11
0.892969
 21
0.0
 31
0.0
  0
LINE
  5
E9E
330
E9B
100
AcDbEntity
  8
Smart Centers
  6
Continuous
 62
     0
440
 16777216
 48
0.75
100
AcDbLine
 10
0.0
 20
-0.892969
 30
0.0
 11
0.0
 21
0.892969
 31
0.0
  0
LINE
  5
E9F
330
E9B
100
AcDbEntity
  8
Smart Centers
 62
     0
440
 16777216
 48
0.75
100
AcDbLine
 10
-8.65
 20
0.0
 30
0.0
 11
-2.678906
 21
0.0
 31
0.0
  0
LINE
  5
EA0
330
E9B
100
AcDbEntity
  8
Smart Centers
 62
     0
440
 16777216
 48
0.75
100
AcDbLine
 10
2.678906
 20
0.0
 30
0.0
 11
8.65
 21
0.0
 31
0.0
  0
LINE
  5
EA1
330
E9B
100
AcDbEntity
  8
Smart Centers
 62
     0
440
 16777216
 48
0.75
100
AcDbLine
 10
0.0
 20
-8.65
 30
0.0
 11
0.0
 21
-2.678906
 31
0.0
  0
LINE
  5
EA2
330
E9B
100
AcDbEntity
  8
Smart Centers
 62
     0
440
 16777216
 48
0.75
100
AcDbLine
 10
0.0
 20
2.678906
 30
0.0
 11
0.0
 21
8.65
 31
0.0
  0
ENDBLK
  5
EA3
330
E9B
100
AcDbEntity
  8
0
100
AcDbBlockEnd
  0
BLOCK
  5
EA6
330
EA5
100
AcDbEntity
  8
0
100
AcDbBlockBegin
  2
*U302
 70
     1
 10
0.0
 20
0.0
 30
0.0
  3
*U302
  1

  0
LINE
  5
EA7
330
EA5
100
AcDbEntity
  8
Smart Centers
  6
Continuous
 62
     0
440
 16777216
 48
0.75
100
AcDbLine
 10
-0.892969
 20
0.0
 30
0.0
 11
0.892969
 21
0.0
 31
0.0
  0
LINE
  5
EA8
330
EA5
100
AcDbEntity
  8
Smart Centers
  6
Continuous
 62
     0
440
 16777216
 48
0.75
100
AcDbLine
 10
0.0
 20
-0.892969
 30
0.0
 11
0.0
 21
0.892969
 31
0.0
  0
LINE
  5
EA9
330
EA5
100
AcDbEntity
  8
Smart Centers
 62
     0
440
 16777216
 48
0.75
100
AcDbLine
 10
-8.65
 20
0.0
 30
0.0
 11
-2.678906
 21
0.0
 31
0.0
  0
LINE
  5
EAA
330
EA5
100
AcDbEntity
  8
Smart Centers
 62
     0
440
 16777216
 48
0.75
100
AcDbLine
 10
2.678906
 20
0.0
 30
0.0
 11
8.65
 21
0.0
 31
0.0
  0
LINE
  5
EAB
330
EA5
100
AcDbEntity
  8
Smart Centers
 62
     0
440
 16777216
 48
0.75
100
AcDbLine
 10
0.0
 20
-8.65
 30
0.0
 11
0.0
 21
-2.678906
 31
0.0
  0
LINE
  5
EAC
330
EA5
100
AcDbEntity
  8
Smart Centers
 62
     0
440
 16777216
 48
0.75
100
AcDbLine
 10
0.0
 20
2.678906
 30
0.0
 11
0.0
 21
8.65
 31
0.0
  0
ENDBLK
  5
EAD
330
EA5
100
AcDbEntity
  8
0
100
AcDbBlockEnd
  0
BLOCK
  5
EB0
330
EAF
100
AcDbEntity
  8
0
100
AcDbBlockBegin
  2
*U303
 70
     1
 10
0.0
 20
0.0
 30
0.0
  3
*U303
  1

  0
LINE
  5
EB1
330
EAF
100
AcDbEntity
  8
Smart Centers
  6
Continuous
 62
     0
440
 16777216
 48
0.75
100
AcDbLine
 10
-0.892969
 20
0.0
 30
0.0
 11
0.892969
 21
0.0
 31
0.0
  0
LINE
  5
EB2
330
EAF
100
AcDbEntity
  8
Smart Centers
  6
Continuous
 62
     0
440
 16777216
 48
0.75
100
AcDbLine
 10
0.0
 20
-0.892969
 30
0.0
 11
0.0
 21
0.892969
 31
0.0
  0
LINE
  5
EB3
330
EAF
100
AcDbEntity
  8
Smart Centers
 62
     0
440
 16777216
 48
0.75
100
AcDbLine
 10
-8.65
 20
0.0
 30
0.0
 11
-2.678906
 21
0.0
 31
0.0
  0
LINE
  5
EB4
330
EAF
100
AcDbEntity
  8
Smart Centers
 62
     0
440
 16777216
 48
0.75
100
AcDbLine
 10
2.678906
 20
0.0
 30
0.0
 11
8.65
 21
0.0
 31
0.0
  0
LINE
  5
EB5
330
EAF
100
AcDbEntity
  8
Smart Centers
 62
     0
440
 16777216
 48
0.75
100
AcDbLine
 10
0.0
 20
-8.65
 30
0.0
 11
0.0
 21
-2.678906
 31
0.0
  0
LINE
  5
EB6
330
EAF
100
AcDbEntity
  8
Smart Centers
 62
     0
440
 16777216
 48
0.75
100
AcDbLine
 10
0.0
 20
2.678906
 30
0.0
 11
0.0
 21
8.65
 31
0.0
  0
ENDBLK
  5
EB7
330
EAF
100
AcDbEntity
  8
0
100
AcDbBlockEnd
  0
BLOCK
  5
EBA
330
EB9
100
AcDbEntity
  8
0
100
AcDbBlockBegin
  2
*U304
 70
     1
 10
0.0
 20
0.0
 30
0.0
  3
*U304
  1

  0
LINE
  5
EBB
330
EB9
100
AcDbEntity
  8
Smart Centers
  6
Continuous
 62
     0
440
 16777216
 48
0.75
100
AcDbLine
 10
-0.892969
 20
0.0
 30
0.0
 11
0.892969
 21
0.0
 31
0.0
  0
LINE
  5
EBC
330
EB9
100
AcDbEntity
  8
Smart Centers
  6
Continuous
 62
     0
440
 16777216
 48
0.75
100
AcDbLine
 10
0.0
 20
-0.892969
 30
0.0
 11
0.0
 21
0.892969
 31
0.0
  0
LINE
  5
EBD
330
EB9
100
AcDbEntity
  8
Smart Centers
 62
     0
440
 16777216
 48
0.75
100
AcDbLine
 10
-8.65
 20
0.0
 30
0.0
 11
-2.678906
 21
0.0
 31
0.0
  0
LINE
  5
EBE
330
EB9
100
AcDbEntity
  8
Smart Centers
 62
     0
440
 16777216
 48
0.75
100
AcDbLine
 10
2.678906
 20
0.0
 30
0.0
 11
8.65
 21
0.0
 31
0.0
  0
LINE
  5
EBF
330
EB9
100
AcDbEntity
  8
Smart Centers
 62
     0
440
 16777216
 48
0.75
100
AcDbLine
 10
0.0
 20
-8.65
 30
0.0
 11
0.0
 21
-2.678906
 31
0.0
  0
LINE
  5
EC0
330
EB9
100
AcDbEntity
  8
Smart Centers
 62
     0
440
 16777216
 48
0.75
100
AcDbLine
 10
0.0
 20
2.678906
 30
0.0
 11
0.0
 21
8.65
 31
0.0
  0
ENDBLK
  5
EC1
330
EB9
100
AcDbEntity
  8
0
100
AcDbBlockEnd
  0
BLOCK
  5
EC4
330
EC3
100
AcDbEntity
  8
0
100
AcDbBlockBegin
  2
*U305
 70
     1
 10
0.0
 20
0.0
 30
0.0
  3
*U305
  1

  0
LINE
  5
EC5
330
EC3
100
AcDbEntity
  8
Smart Centers
  6
Continuous
 62
     0
440
 16777216
 48
0.75
100
AcDbLine
 10
-0.892969
 20
0.0
 30
0.0
 11
0.892969
 21
0.0
 31
0.0
  0
LINE
  5
EC6
330
EC3
100
AcDbEntity
  8
Smart Centers
  6
Continuous
 62
     0
440
 16777216
 48
0.75
100
AcDbLine
 10
0.0
 20
-0.892969
 30
0.0
 11
0.0
 21
0.892969
 31
0.0
  0
LINE
  5
EC7
330
EC3
100
AcDbEntity
  8
Smart Centers
 62
     0
440
 16777216
 48
0.75
100
AcDbLine
 10
-8.65
 20
0.0
 30
0.0
 11
-2.678906
 21
0.0
 31
0.0
  0
LINE
  5
EC8
330
EC3
100
AcDbEntity
  8
Smart Centers
 62
     0
440
 16777216
 48
0.75
100
AcDbLine
 10
2.678906
 20
0.0
 30
0.0
 11
8.65
 21
0.0
 31
0.0
  0
LINE
  5
EC9
330
EC3
100
AcDbEntity
  8
Smart Centers
 62
     0
440
 16777216
 48
0.75
100
AcDbLine
 10
0.0
 20
-8.65
 30
0.0
 11
0.0
 21
-2.678906
 31
0.0
  0
LINE
  5
ECA
330
EC3
100
AcDbEntity
  8
Smart Centers
 62
     0
440
 16777216
 48
0.75
100
AcDbLine
 10
0.0
 20
2.678906
 30
0.0
 11
0.0
 21
8.65
 31
0.0
  0
ENDBLK
  5
ECB
330
EC3
100
AcDbEntity
  8
0
100
AcDbBlockEnd
  0
BLOCK
  5
ECE
330
ECD
100
AcDbEntity
  8
0
100
AcDbBlockBegin
  2
*U306
 70
     1
 10
0.0
 20
0.0
 30
0.0
  3
*U306
  1

  0
LINE
  5
ECF
330
ECD
100
AcDbEntity
  8
Smart Centers
  6
Continuous
 62
     0
440
 16777216
 48
0.75
100
AcDbLine
 10
-0.892969
 20
0.0
 30
0.0
 11
0.892969
 21
0.0
 31
0.0
  0
LINE
  5
ED0
330
ECD
100
AcDbEntity
  8
Smart Centers
  6
Continuous
 62
     0
440
 16777216
 48
0.75
100
AcDbLine
 10
0.0
 20
-0.892969
 30
0.0
 11
0.0
 21
0.892969
 31
0.0
  0
LINE
  5
ED1
330
ECD
100
AcDbEntity
  8
Smart Centers
 62
     0
440
 16777216
 48
0.75
100
AcDbLine
 10
-8.65
 20
0.0
 30
0.0
 11
-2.678906
 21
0.0
 31
0.0
  0
LINE
  5
ED2
330
ECD
100
AcDbEntity
  8
Smart Centers
 62
     0
440
 16777216
 48
0.75
100
AcDbLine
 10
2.678906
 20
0.0
 30
0.0
 11
8.65
 21
0.0
 31
0.0
  0
LINE
  5
ED3
330
ECD
100
AcDbEntity
  8
Smart Centers
 62
     0
440
 16777216
 48
0.75
100
AcDbLine
 10
0.0
 20
-8.65
 30
0.0
 11
0.0
 21
-2.678906
 31
0.0
  0
LINE
  5
ED4
330
ECD
100
AcDbEntity
  8
Smart Centers
 62
     0
440
 16777216
 48
0.75
100
AcDbLine
 10
0.0
 20
2.678906
 30
0.0
 11
0.0
 21
8.65
 31
0.0
  0
ENDBLK
  5
ED5
330
ECD
100
AcDbEntity
  8
0
100
AcDbBlockEnd
  0
BLOCK
  5
ED8
330
ED7
100
AcDbEntity
  8
0
100
AcDbBlockBegin
  2
*U307
 70
     1
 10
0.0
 20
0.0
 30
0.0
  3
*U307
  1

  0
LINE
  5
ED9
330
ED7
100
AcDbEntity
  8
Smart Centers
  6
Continuous
 62
     0
440
 16777216
 48
0.75
100
AcDbLine
 10
-0.892969
 20
0.0
 30
0.0
 11
0.892969
 21
0.0
 31
0.0
  0
LINE
  5
EDA
330
ED7
100
AcDbEntity
  8
Smart Centers
  6
Continuous
 62
     0
440
 16777216
 48
0.75
100
AcDbLine
 10
0.0
 20
-0.892969
 30
0.0
 11
0.0
 21
0.892969
 31
0.0
  0
LINE
  5
EDB
330
ED7
100
AcDbEntity
  8
Smart Centers
 62
     0
440
 16777216
 48
0.75
100
AcDbLine
 10
-8.65
 20
0.0
 30
0.0
 11
-2.678906
 21
0.0
 31
0.0
  0
LINE
  5
EDC
330
ED7
100
AcDbEntity
  8
Smart Centers
 62
     0
440
 16777216
 48
0.75
100
AcDbLine
 10
2.678906
 20
0.0
 30
0.0
 11
8.65
 21
0.0
 31
0.0
  0
LINE
  5
EDD
330
ED7
100
AcDbEntity
  8
Smart Centers
 62
     0
440
 16777216
 48
0.75
100
AcDbLine
 10
0.0
 20
-8.65
 30
0.0
 11
0.0
 21
-2.678906
 31
0.0
  0
LINE
  5
EDE
330
ED7
100
AcDbEntity
  8
Smart Centers
 62
     0
440
 16777216
 48
0.75
100
AcDbLine
 10
0.0
 20
2.678906
 30
0.0
 11
0.0
 21
8.65
 31
0.0
  0
ENDBLK
  5
EDF
330
ED7
100
AcDbEntity
  8
0
100
AcDbBlockEnd
  0
BLOCK
  5
EE2
330
EE1
100
AcDbEntity
  8
0
100
AcDbBlockBegin
  2
*U308
 70
     1
 10
0.0
 20
0.0
 30
0.0
  3
*U308
  1

  0
LINE
  5
EE3
330
EE1
100
AcDbEntity
  8
Smart Centers
  6
Continuous
 62
     0
440
 16777216
 48
0.75
100
AcDbLine
 10
-0.892969
 20
0.0
 30
0.0
 11
0.892969
 21
0.0
 31
0.0
  0
LINE
  5
EE4
330
EE1
100
AcDbEntity
  8
Smart Centers
  6
Continuous
 62
     0
440
 16777216
 48
0.75
100
AcDbLine
 10
0.0
 20
-0.892969
 30
0.0
 11
0.0
 21
0.892969
 31
0.0
  0
LINE
  5
EE5
330
EE1
100
AcDbEntity
  8
Smart Centers
 62
     0
440
 16777216
 48
0.75
100
AcDbLine
 10
-8.65
 20
0.0
 30
0.0
 11
-2.678906
 21
0.0
 31
0.0
  0
LINE
  5
EE6
330
EE1
100
AcDbEntity
  8
Smart Centers
 62
     0
440
 16777216
 48
0.75
100
AcDbLine
 10
2.678906
 20
0.0
 30
0.0
 11
8.65
 21
0.0
 31
0.0
  0
LINE
  5
EE7
330
EE1
100
AcDbEntity
  8
Smart Centers
 62
     0
440
 16777216
 48
0.75
100
AcDbLine
 10
0.0
 20
-8.65
 30
0.0
 11
0.0
 21
-2.678906
 31
0.0
  0
LINE
  5
EE8
330
EE1
100
AcDbEntity
  8
Smart Centers
 62
     0
440
 16777216
 48
0.75
100
AcDbLine
 10
0.0
 20
2.678906
 30
0.0
 11
0.0
 21
8.65
 31
0.0
  0
ENDBLK
  5
EE9
330
EE1
100
AcDbEntity
  8
0
100
AcDbBlockEnd
  0
BLOCK
  5
EEC
330
EEB
100
AcDbEntity
  8
0
100
AcDbBlockBegin
  2
*U309
 70
     1
 10
0.0
 20
0.0
 30
0.0
  3
*U309
  1

  0
LINE
  5
EED
330
EEB
100
AcDbEntity
  8
Smart Centers
  6
Continuous
 62
     0
440
 16777216
 48
0.75
100
AcDbLine
 10
-0.892969
 20
0.0
 30
0.0
 11
0.892969
 21
0.0
 31
0.0
  0
LINE
  5
EEE
330
EEB
100
AcDbEntity
  8
Smart Centers
  6
Continuous
 62
     0
440
 16777216
 48
0.75
100
AcDbLine
 10
0.0
 20
-0.892969
 30
0.0
 11
0.0
 21
0.892969
 31
0.0
  0
LINE
  5
EEF
330
EEB
100
AcDbEntity
  8
Smart Centers
 62
     0
440
 16777216
 48
0.75
100
AcDbLine
 10
-8.65
 20
0.0
 30
0.0
 11
-2.678906
 21
0.0
 31
0.0
  0
LINE
  5
EF0
330
EEB
100
AcDbEntity
  8
Smart Centers
 62
     0
440
 16777216
 48
0.75
100
AcDbLine
 10
2.678906
 20
0.0
 30
0.0
 11
8.65
 21
0.0
 31
0.0
  0
LINE
  5
EF1
330
EEB
100
AcDbEntity
  8
Smart Centers
 62
     0
440
 16777216
 48
0.75
100
AcDbLine
 10
0.0
 20
-8.65
 30
0.0
 11
0.0
 21
-2.678906
 31
0.0
  0
LINE
  5
EF2
330
EEB
100
AcDbEntity
  8
Smart Centers
 62
     0
440
 16777216
 48
0.75
100
AcDbLine
 10
0.0
 20
2.678906
 30
0.0
 11
0.0
 21
8.65
 31
0.0
  0
ENDBLK
  5
EF3
330
EEB
100
AcDbEntity
  8
0
100
AcDbBlockEnd
  0
BLOCK
  5
EF6
330
EF5
100
AcDbEntity
  8
0
100
AcDbBlockBegin
  2
*U310
 70
     1
 10
0.0
 20
0.0
 30
0.0
  3
*U310
  1

  0
LINE
  5
EF7
330
EF5
100
AcDbEntity
  8
Smart Centers
  6
Continuous
 62
     0
440
 16777216
 48
0.75
100
AcDbLine
 10
-0.892969
 20
0.0
 30
0.0
 11
0.892969
 21
0.0
 31
0.0
  0
LINE
  5
EF8
330
EF5
100
AcDbEntity
  8
Smart Centers
  6
Continuous
 62
     0
440
 16777216
 48
0.75
100
AcDbLine
 10
0.0
 20
-0.892969
 30
0.0
 11
0.0
 21
0.892969
 31
0.0
  0
LINE
  5
EF9
330
EF5
100
AcDbEntity
  8
Smart Centers
 62
     0
440
 16777216
 48
0.75
100
AcDbLine
 10
-8.65
 20
0.0
 30
0.0
 11
-2.678906
 21
0.0
 31
0.0
  0
LINE
  5
EFA
330
EF5
100
AcDbEntity
  8
Smart Centers
 62
     0
440
 16777216
 48
0.75
100
AcDbLine
 10
2.678906
 20
0.0
 30
0.0
 11
8.65
 21
0.0
 31
0.0
  0
LINE
  5
EFB
330
EF5
100
AcDbEntity
  8
Smart Centers
 62
     0
440
 16777216
 48
0.75
100
AcDbLine
 10
0.0
 20
-8.65
 30
0.0
 11
0.0
 21
-2.678906
 31
0.0
  0
LINE
  5
EFC
330
EF5
100
AcDbEntity
  8
Smart Centers
 62
     0
440
 16777216
 48
0.75
100
AcDbLine
 10
0.0
 20
2.678906
 30
0.0
 11
0.0
 21
8.65
 31
0.0
  0
ENDBLK
  5
EFD
330
EF5
100
AcDbEntity
  8
0
100
AcDbBlockEnd
  0
BLOCK
  5
F00
330
EFF
100
AcDbEntity
  8
0
100
AcDbBlockBegin
  2
*U311
 70
     1
 10
0.0
 20
0.0
 30
0.0
  3
*U311
  1

  0
LINE
  5
F01
330
EFF
100
AcDbEntity
  8
Smart Centers
  6
Continuous
 62
     0
440
 16777216
 48
0.75
100
AcDbLine
 10
-0.892969
 20
0.0
 30
0.0
 11
0.892969
 21
0.0
 31
0.0
  0
LINE
  5
F02
330
EFF
100
AcDbEntity
  8
Smart Centers
  6
Continuous
 62
     0
440
 16777216
 48
0.75
100
AcDbLine
 10
0.0
 20
-0.892969
 30
0.0
 11
0.0
 21
0.892969
 31
0.0
  0
LINE
  5
F03
330
EFF
100
AcDbEntity
  8
Smart Centers
 62
     0
440
 16777216
 48
0.75
100
AcDbLine
 10
-8.65
 20
0.0
 30
0.0
 11
-2.678906
 21
0.0
 31
0.0
  0
LINE
  5
F04
330
EFF
100
AcDbEntity
  8
Smart Centers
 62
     0
440
 16777216
 48
0.75
100
AcDbLine
 10
2.678906
 20
0.0
 30
0.0
 11
8.65
 21
0.0
 31
0.0
  0
LINE
  5
F05
330
EFF
100
AcDbEntity
  8
Smart Centers
 62
     0
440
 16777216
 48
0.75
100
AcDbLine
 10
0.0
 20
-8.65
 30
0.0
 11
0.0
 21
-2.678906
 31
0.0
  0
LINE
  5
F06
330
EFF
100
AcDbEntity
  8
Smart Centers
 62
     0
440
 16777216
 48
0.75
100
AcDbLine
 10
0.0
 20
2.678906
 30
0.0
 11
0.0
 21
8.65
 31
0.0
  0
ENDBLK
  5
F07
330
EFF
100
AcDbEntity
  8
0
100
AcDbBlockEnd
  0
BLOCK
  5
F0A
330
F09
100
AcDbEntity
  8
0
100
AcDbBlockBegin
  2
*U312
 70
     1
 10
0.0
 20
0.0
 30
0.0
  3
*U312
  1

  0
LINE
  5
F0B
330
F09
100
AcDbEntity
  8
Smart Centers
  6
Continuous
 62
     0
440
 16777216
 48
0.75
100
AcDbLine
 10
-0.892969
 20
0.0
 30
0.0
 11
0.892969
 21
0.0
 31
0.0
  0
LINE
  5
F0C
330
F09
100
AcDbEntity
  8
Smart Centers
  6
Continuous
 62
     0
440
 16777216
 48
0.75
100
AcDbLine
 10
0.0
 20
-0.892969
 30
0.0
 11
0.0
 21
0.892969
 31
0.0
  0
LINE
  5
F0D
330
F09
100
AcDbEntity
  8
Smart Centers
 62
     0
440
 16777216
 48
0.75
100
AcDbLine
 10
-8.65
 20
0.0
 30
0.0
 11
-2.678906
 21
0.0
 31
0.0
  0
LINE
  5
F0E
330
F09
100
AcDbEntity
  8
Smart Centers
 62
     0
440
 16777216
 48
0.75
100
AcDbLine
 10
2.678906
 20
0.0
 30
0.0
 11
8.65
 21
0.0
 31
0.0
  0
LINE
  5
F0F
330
F09
100
AcDbEntity
  8
Smart Centers
 62
     0
440
 16777216
 48
0.75
100
AcDbLine
 10
0.0
 20
-8.65
 30
0.0
 11
0.0
 21
-2.678906
 31
0.0
  0
LINE
  5
F10
330
F09
100
AcDbEntity
  8
Smart Centers
 62
     0
440
 16777216
 48
0.75
100
AcDbLine
 10
0.0
 20
2.678906
 30
0.0
 11
0.0
 21
8.65
 31
0.0
  0
ENDBLK
  5
F11
330
F09
100
AcDbEntity
  8
0
100
AcDbBlockEnd
  0
BLOCK
  5
F14
330
F13
100
AcDbEntity
  8
0
100
AcDbBlockBegin
  2
*U313
 70
     1
 10
0.0
 20
0.0
 30
0.0
  3
*U313
  1

  0
LINE
  5
F15
330
F13
100
AcDbEntity
  8
Smart Centers
  6
Continuous
 62
     0
440
 16777216
 48
0.75
100
AcDbLine
 10
-0.892969
 20
0.0
 30
0.0
 11
0.892969
 21
0.0
 31
0.0
  0
LINE
  5
F16
330
F13
100
AcDbEntity
  8
Smart Centers
  6
Continuous
 62
     0
440
 16777216
 48
0.75
100
AcDbLine
 10
0.0
 20
-0.892969
 30
0.0
 11
0.0
 21
0.892969
 31
0.0
  0
LINE
  5
F17
330
F13
100
AcDbEntity
  8
Smart Centers
 62
     0
440
 16777216
 48
0.75
100
AcDbLine
 10
-8.65
 20
0.0
 30
0.0
 11
-2.678906
 21
0.0
 31
0.0
  0
LINE
  5
F18
330
F13
100
AcDbEntity
  8
Smart Centers
 62
     0
440
 16777216
 48
0.75
100
AcDbLine
 10
2.678906
 20
0.0
 30
0.0
 11
8.65
 21
0.0
 31
0.0
  0
LINE
  5
F19
330
F13
100
AcDbEntity
  8
Smart Centers
 62
     0
440
 16777216
 48
0.75
100
AcDbLine
 10
0.0
 20
-8.65
 30
0.0
 11
0.0
 21
-2.678906
 31
0.0
  0
LINE
  5
F1A
330
F13
100
AcDbEntity
  8
Smart Centers
 62
     0
440
 16777216
 48
0.75
100
AcDbLine
 10
0.0
 20
2.678906
 30
0.0
 11
0.0
 21
8.65
 31
0.0
  0
ENDBLK
  5
F1B
330
F13
100
AcDbEntity
  8
0
100
AcDbBlockEnd
  0
BLOCK
  5
F1E
330
F1D
100
AcDbEntity
  8
0
100
AcDbBlockBegin
  2
*U314
 70
     1
 10
0.0
 20
0.0
 30
0.0
  3
*U314
  1

  0
LINE
  5
F1F
330
F1D
100
AcDbEntity
  8
Smart Centers
  6
Continuous
 62
     0
440
 16777216
 48
0.75
100
AcDbLine
 10
-0.892969
 20
0.0
 30
0.0
 11
0.892969
 21
0.0
 31
0.0
  0
LINE
  5
F20
330
F1D
100
AcDbEntity
  8
Smart Centers
  6
Continuous
 62
     0
440
 16777216
 48
0.75
100
AcDbLine
 10
0.0
 20
-0.892969
 30
0.0
 11
0.0
 21
0.892969
 31
0.0
  0
LINE
  5
F21
330
F1D
100
AcDbEntity
  8
Smart Centers
 62
     0
440
 16777216
 48
0.75
100
AcDbLine
 10
-8.65
 20
0.0
 30
0.0
 11
-2.678906
 21
0.0
 31
0.0
  0
LINE
  5
F22
330
F1D
100
AcDbEntity
  8
Smart Centers
 62
     0
440
 16777216
 48
0.75
100
AcDbLine
 10
2.678906
 20
0.0
 30
0.0
 11
8.65
 21
0.0
 31
0.0
  0
LINE
  5
F23
330
F1D
100
AcDbEntity
  8
Smart Centers
 62
     0
440
 16777216
 48
0.75
100
AcDbLine
 10
0.0
 20
-8.65
 30
0.0
 11
0.0
 21
-2.678906
 31
0.0
  0
LINE
  5
F24
330
F1D
100
AcDbEntity
  8
Smart Centers
 62
     0
440
 16777216
 48
0.75
100
AcDbLine
 10
0.0
 20
2.678906
 30
0.0
 11
0.0
 21
8.65
 31
0.0
  0
ENDBLK
  5
F25
330
F1D
100
AcDbEntity
  8
0
100
AcDbBlockEnd
  0
BLOCK
  5
F28
330
F27
100
AcDbEntity
  8
0
100
AcDbBlockBegin
  2
*U315
 70
     1
 10
0.0
 20
0.0
 30
0.0
  3
*U315
  1

  0
LINE
  5
F29
330
F27
100
AcDbEntity
  8
Smart Centers
  6
Continuous
 62
     0
440
 16777216
 48
0.75
100
AcDbLine
 10
-0.892969
 20
0.0
 30
0.0
 11
0.892969
 21
0.0
 31
0.0
  0
LINE
  5
F2A
330
F27
100
AcDbEntity
  8
Smart Centers
  6
Continuous
 62
     0
440
 16777216
 48
0.75
100
AcDbLine
 10
0.0
 20
-0.892969
 30
0.0
 11
0.0
 21
0.892969
 31
0.0
  0
LINE
  5
F2B
330
F27
100
AcDbEntity
  8
Smart Centers
 62
     0
440
 16777216
 48
0.75
100
AcDbLine
 10
-8.65
 20
0.0
 30
0.0
 11
-2.678906
 21
0.0
 31
0.0
  0
LINE
  5
F2C
330
F27
100
AcDbEntity
  8
Smart Centers
 62
     0
440
 16777216
 48
0.75
100
AcDbLine
 10
2.678906
 20
0.0
 30
0.0
 11
8.65
 21
0.0
 31
0.0
  0
LINE
  5
F2D
330
F27
100
AcDbEntity
  8
Smart Centers
 62
     0
440
 16777216
 48
0.75
100
AcDbLine
 10
0.0
 20
-8.65
 30
0.0
 11
0.0
 21
-2.678906
 31
0.0
  0
LINE
  5
F2E
330
F27
100
AcDbEntity
  8
Smart Centers
 62
     0
440
 16777216
 48
0.75
100
AcDbLine
 10
0.0
 20
2.678906
 30
0.0
 11
0.0
 21
8.65
 31
0.0
  0
ENDBLK
  5
F2F
330
F27
100
AcDbEntity
  8
0
100
AcDbBlockEnd
  0
BLOCK
  5
F32
330
F31
100
AcDbEntity
  8
0
100
AcDbBlockBegin
  2
*U316
 70
     1
 10
0.0
 20
0.0
 30
0.0
  3
*U316
  1

  0
LINE
  5
F33
330
F31
100
AcDbEntity
  8
Smart Centers
  6
Continuous
 62
     0
440
 16777216
 48
0.75
100
AcDbLine
 10
-0.892969
 20
0.0
 30
0.0
 11
0.892969
 21
0.0
 31
0.0
  0
LINE
  5
F34
330
F31
100
AcDbEntity
  8
Smart Centers
  6
Continuous
 62
     0
440
 16777216
 48
0.75
100
AcDbLine
 10
0.0
 20
-0.892969
 30
0.0
 11
0.0
 21
0.892969
 31
0.0
  0
LINE
  5
F35
330
F31
100
AcDbEntity
  8
Smart Centers
 62
     0
440
 16777216
 48
0.75
100
AcDbLine
 10
-8.65
 20
0.0
 30
0.0
 11
-2.678906
 21
0.0
 31
0.0
  0
LINE
  5
F36
330
F31
100
AcDbEntity
  8
Smart Centers
 62
     0
440
 16777216
 48
0.75
100
AcDbLine
 10
2.678906
 20
0.0
 30
0.0
 11
8.65
 21
0.0
 31
0.0
  0
LINE
  5
F37
330
F31
100
AcDbEntity
  8
Smart Centers
 62
     0
440
 16777216
 48
0.75
100
AcDbLine
 10
0.0
 20
-8.65
 30
0.0
 11
0.0
 21
-2.678906
 31
0.0
  0
LINE
  5
F38
330
F31
100
AcDbEntity
  8
Smart Centers
 62
     0
440
 16777216
 48
0.75
100
AcDbLine
 10
0.0
 20
2.678906
 30
0.0
 11
0.0
 21
8.65
 31
0.0
  0
ENDBLK
  5
F39
330
F31
100
AcDbEntity
  8
0
100
AcDbBlockEnd
  0
BLOCK
  5
F3C
330
F3B
100
AcDbEntity
  8
0
100
AcDbBlockBegin
  2
*U317
 70
     1
 10
0.0
 20
0.0
 30
0.0
  3
*U317
  1

  0
LINE
  5
F3D
330
F3B
100
AcDbEntity
  8
Smart Centers
  6
Continuous
 62
     0
440
 16777216
 48
0.75
100
AcDbLine
 10
-0.892969
 20
0.0
 30
0.0
 11
0.892969
 21
0.0
 31
0.0
  0
LINE
  5
F3E
330
F3B
100
AcDbEntity
  8
Smart Centers
  6
Continuous
 62
     0
440
 16777216
 48
0.75
100
AcDbLine
 10
0.0
 20
-0.892969
 30
0.0
 11
0.0
 21
0.892969
 31
0.0
  0
LINE
  5
F3F
330
F3B
100
AcDbEntity
  8
Smart Centers
 62
     0
440
 16777216
 48
0.75
100
AcDbLine
 10
-8.65
 20
0.0
 30
0.0
 11
-2.678906
 21
0.0
 31
0.0
  0
LINE
  5
F40
330
F3B
100
AcDbEntity
  8
Smart Centers
 62
     0
440
 16777216
 48
0.75
100
AcDbLine
 10
2.678906
 20
0.0
 30
0.0
 11
8.65
 21
0.0
 31
0.0
  0
LINE
  5
F41
330
F3B
100
AcDbEntity
  8
Smart Centers
 62
     0
440
 16777216
 48
0.75
100
AcDbLine
 10
0.0
 20
-8.65
 30
0.0
 11
0.0
 21
-2.678906
 31
0.0
  0
LINE
  5
F42
330
F3B
100
AcDbEntity
  8
Smart Centers
 62
     0
440
 16777216
 48
0.75
100
AcDbLine
 10
0.0
 20
2.678906
 30
0.0
 11
0.0
 21
8.65
 31
0.0
  0
ENDBLK
  5
F43
330
F3B
100
AcDbEntity
  8
0
100
AcDbBlockEnd
  0
BLOCK
  5
F46
330
F45
100
AcDbEntity
  8
0
100
AcDbBlockBegin
  2
*U318
 70
     1
 10
0.0
 20
0.0
 30
0.0
  3
*U318
  1

  0
LINE
  5
F47
330
F45
100
AcDbEntity
  8
Smart Centers
  6
Continuous
 62
     0
440
 16777216
 48
0.75
100
AcDbLine
 10
-0.892969
 20
0.0
 30
0.0
 11
0.892969
 21
0.0
 31
0.0
  0
LINE
  5
F48
330
F45
100
AcDbEntity
  8
Smart Centers
  6
Continuous
 62
     0
440
 16777216
 48
0.75
100
AcDbLine
 10
0.0
 20
-0.892969
 30
0.0
 11
0.0
 21
0.892969
 31
0.0
  0
LINE
  5
F49
330
F45
100
AcDbEntity
  8
Smart Centers
 62
     0
440
 16777216
 48
0.75
100
AcDbLine
 10
-8.65
 20
0.0
 30
0.0
 11
-2.678906
 21
0.0
 31
0.0
  0
LINE
  5
F4A
330
F45
100
AcDbEntity
  8
Smart Centers
 62
     0
440
 16777216
 48
0.75
100
AcDbLine
 10
2.678906
 20
0.0
 30
0.0
 11
8.65
 21
0.0
 31
0.0
  0
LINE
  5
F4B
330
F45
100
AcDbEntity
  8
Smart Centers
 62
     0
440
 16777216
 48
0.75
100
AcDbLine
 10
0.0
 20
-8.65
 30
0.0
 11
0.0
 21
-2.678906
 31
0.0
  0
LINE
  5
F4C
330
F45
100
AcDbEntity
  8
Smart Centers
 62
     0
440
 16777216
 48
0.75
100
AcDbLine
 10
0.0
 20
2.678906
 30
0.0
 11
0.0
 21
8.65
 31
0.0
  0
ENDBLK
  5
F4D
330
F45
100
AcDbEntity
  8
0
100
AcDbBlockEnd
  0
BLOCK
  5
F50
330
F4F
100
AcDbEntity
  8
0
100
AcDbBlockBegin
  2
*U319
 70
     1
 10
0.0
 20
0.0
 30
0.0
  3
*U319
  1

  0
LINE
  5
F51
330
F4F
100
AcDbEntity
  8
Smart Centers
  6
Continuous
 62
     0
440
 16777216
 48
0.75
100
AcDbLine
 10
-0.892969
 20
0.0
 30
0.0
 11
0.892969
 21
0.0
 31
0.0
  0
LINE
  5
F52
330
F4F
100
AcDbEntity
  8
Smart Centers
  6
Continuous
 62
     0
440
 16777216
 48
0.75
100
AcDbLine
 10
0.0
 20
-0.892969
 30
0.0
 11
0.0
 21
0.892969
 31
0.0
  0
LINE
  5
F53
330
F4F
100
AcDbEntity
  8
Smart Centers
 62
     0
440
 16777216
 48
0.75
100
AcDbLine
 10
-8.65
 20
0.0
 30
0.0
 11
-2.678906
 21
0.0
 31
0.0
  0
LINE
  5
F54
330
F4F
100
AcDbEntity
  8
Smart Centers
 62
     0
440
 16777216
 48
0.75
100
AcDbLine
 10
2.678906
 20
0.0
 30
0.0
 11
8.65
 21
0.0
 31
0.0
  0
LINE
  5
F55
330
F4F
100
AcDbEntity
  8
Smart Centers
 62
     0
440
 16777216
 48
0.75
100
AcDbLine
 10
0.0
 20
-8.65
 30
0.0
 11
0.0
 21
-2.678906
 31
0.0
  0
LINE
  5
F56
330
F4F
100
AcDbEntity
  8
Smart Centers
 62
     0
440
 16777216
 48
0.75
100
AcDbLine
 10
0.0
 20
2.678906
 30
0.0
 11
0.0
 21
8.65
 31
0.0
  0
ENDBLK
  5
F57
330
F4F
100
AcDbEntity
  8
0
100
AcDbBlockEnd
  0
BLOCK
  5
F5A
330
F59
100
AcDbEntity
  8
0
100
AcDbBlockBegin
  2
*U320
 70
     1
 10
0.0
 20
0.0
 30
0.0
  3
*U320
  1

  0
LINE
  5
F5B
330
F59
100
AcDbEntity
  8
Smart Centers
  6
Continuous
 62
     0
440
 16777216
 48
0.75
100
AcDbLine
 10
-0.892969
 20
0.0
 30
0.0
 11
0.892969
 21
0.0
 31
0.0
  0
LINE
  5
F5C
330
F59
100
AcDbEntity
  8
Smart Centers
  6
Continuous
 62
     0
440
 16777216
 48
0.75
100
AcDbLine
 10
0.0
 20
-0.892969
 30
0.0
 11
0.0
 21
0.892969
 31
0.0
  0
LINE
  5
F5D
330
F59
100
AcDbEntity
  8
Smart Centers
 62
     0
440
 16777216
 48
0.75
100
AcDbLine
 10
-8.65
 20
0.0
 30
0.0
 11
-2.678906
 21
0.0
 31
0.0
  0
LINE
  5
F5E
330
F59
100
AcDbEntity
  8
Smart Centers
 62
     0
440
 16777216
 48
0.75
100
AcDbLine
 10
2.678906
 20
0.0
 30
0.0
 11
8.65
 21
0.0
 31
0.0
  0
LINE
  5
F5F
330
F59
100
AcDbEntity
  8
Smart Centers
 62
     0
440
 16777216
 48
0.75
100
AcDbLine
 10
0.0
 20
-8.65
 30
0.0
 11
0.0
 21
-2.678906
 31
0.0
  0
LINE
  5
F60
330
F59
100
AcDbEntity
  8
Smart Centers
 62
     0
440
 16777216
 48
0.75
100
AcDbLine
 10
0.0
 20
2.678906
 30
0.0
 11
0.0
 21
8.65
 31
0.0
  0
ENDBLK
  5
F61
330
F59
100
AcDbEntity
  8
0
100
AcDbBlockEnd
  0
BLOCK
  5
F64
330
F63
100
AcDbEntity
  8
0
100
AcDbBlockBegin
  2
*U321
 70
     1
 10
0.0
 20
0.0
 30
0.0
  3
*U321
  1

  0
LINE
  5
F65
330
F63
100
AcDbEntity
  8
Smart Centers
  6
Continuous
 62
     0
440
 16777216
 48
0.75
100
AcDbLine
 10
-0.892969
 20
0.0
 30
0.0
 11
0.892969
 21
0.0
 31
0.0
  0
LINE
  5
F66
330
F63
100
AcDbEntity
  8
Smart Centers
  6
Continuous
 62
     0
440
 16777216
 48
0.75
100
AcDbLine
 10
0.0
 20
-0.892969
 30
0.0
 11
0.0
 21
0.892969
 31
0.0
  0
LINE
  5
F67
330
F63
100
AcDbEntity
  8
Smart Centers
 62
     0
440
 16777216
 48
0.75
100
AcDbLine
 10
-8.65
 20
0.0
 30
0.0
 11
-2.678906
 21
0.0
 31
0.0
  0
LINE
  5
F68
330
F63
100
AcDbEntity
  8
Smart Centers
 62
     0
440
 16777216
 48
0.75
100
AcDbLine
 10
2.678906
 20
0.0
 30
0.0
 11
8.65
 21
0.0
 31
0.0
  0
LINE
  5
F69
330
F63
100
AcDbEntity
  8
Smart Centers
 62
     0
440
 16777216
 48
0.75
100
AcDbLine
 10
0.0
 20
-8.65
 30
0.0
 11
0.0
 21
-2.678906
 31
0.0
  0
LINE
  5
F6A
330
F63
100
AcDbEntity
  8
Smart Centers
 62
     0
440
 16777216
 48
0.75
100
AcDbLine
 10
0.0
 20
2.678906
 30
0.0
 11
0.0
 21
8.65
 31
0.0
  0
ENDBLK
  5
F6B
330
F63
100
AcDbEntity
  8
0
100
AcDbBlockEnd
  0
BLOCK
  5
F6E
330
F6D
100
AcDbEntity
  8
0
100
AcDbBlockBegin
  2
*U322
 70
     1
 10
0.0
 20
0.0
 30
0.0
  3
*U322
  1

  0
LINE
  5
F6F
330
F6D
100
AcDbEntity
  8
Smart Centers
  6
Continuous
 62
     0
440
 16777216
 48
0.75
100
AcDbLine
 10
-0.892969
 20
0.0
 30
0.0
 11
0.892969
 21
0.0
 31
0.0
  0
LINE
  5
F70
330
F6D
100
AcDbEntity
  8
Smart Centers
  6
Continuous
 62
     0
440
 16777216
 48
0.75
100
AcDbLine
 10
0.0
 20
-0.892969
 30
0.0
 11
0.0
 21
0.892969
 31
0.0
  0
LINE
  5
F71
330
F6D
100
AcDbEntity
  8
Smart Centers
 62
     0
440
 16777216
 48
0.75
100
AcDbLine
 10
-8.65
 20
0.0
 30
0.0
 11
-2.678906
 21
0.0
 31
0.0
  0
LINE
  5
F72
330
F6D
100
AcDbEntity
  8
Smart Centers
 62
     0
440
 16777216
 48
0.75
100
AcDbLine
 10
2.678906
 20
0.0
 30
0.0
 11
8.65
 21
0.0
 31
0.0
  0
LINE
  5
F73
330
F6D
100
AcDbEntity
  8
Smart Centers
 62
     0
440
 16777216
 48
0.75
100
AcDbLine
 10
0.0
 20
-8.65
 30
0.0
 11
0.0
 21
-2.678906
 31
0.0
  0
LINE
  5
F74
330
F6D
100
AcDbEntity
  8
Smart Centers
 62
     0
440
 16777216
 48
0.75
100
AcDbLine
 10
0.0
 20
2.678906
 30
0.0
 11
0.0
 21
8.65
 31
0.0
  0
ENDBLK
  5
F75
330
F6D
100
AcDbEntity
  8
0
100
AcDbBlockEnd
  0
BLOCK
  5
F78
330
F77
100
AcDbEntity
  8
0
100
AcDbBlockBegin
  2
*U323
 70
     1
 10
0.0
 20
0.0
 30
0.0
  3
*U323
  1

  0
LINE
  5
F79
330
F77
100
AcDbEntity
  8
Smart Centers
  6
Continuous
 62
     0
440
 16777216
 48
0.75
100
AcDbLine
 10
-0.892969
 20
0.0
 30
0.0
 11
0.892969
 21
0.0
 31
0.0
  0
LINE
  5
F7A
330
F77
100
AcDbEntity
  8
Smart Centers
  6
Continuous
 62
     0
440
 16777216
 48
0.75
100
AcDbLine
 10
0.0
 20
-0.892969
 30
0.0
 11
0.0
 21
0.892969
 31
0.0
  0
LINE
  5
F7B
330
F77
100
AcDbEntity
  8
Smart Centers
 62
     0
440
 16777216
 48
0.75
100
AcDbLine
 10
-8.65
 20
0.0
 30
0.0
 11
-2.678906
 21
0.0
 31
0.0
  0
LINE
  5
F7C
330
F77
100
AcDbEntity
  8
Smart Centers
 62
     0
440
 16777216
 48
0.75
100
AcDbLine
 10
2.678906
 20
0.0
 30
0.0
 11
8.65
 21
0.0
 31
0.0
  0
LINE
  5
F7D
330
F77
100
AcDbEntity
  8
Smart Centers
 62
     0
440
 16777216
 48
0.75
100
AcDbLine
 10
0.0
 20
-8.65
 30
0.0
 11
0.0
 21
-2.678906
 31
0.0
  0
LINE
  5
F7E
330
F77
100
AcDbEntity
  8
Smart Centers
 62
     0
440
 16777216
 48
0.75
100
AcDbLine
 10
0.0
 20
2.678906
 30
0.0
 11
0.0
 21
8.65
 31
0.0
  0
ENDBLK
  5
F7F
330
F77
100
AcDbEntity
  8
0
100
AcDbBlockEnd
  0
BLOCK
  5
F82
330
F81
100
AcDbEntity
  8
0
100
AcDbBlockBegin
  2
*U324
 70
     1
 10
0.0
 20
0.0
 30
0.0
  3
*U324
  1

  0
LINE
  5
F83
330
F81
100
AcDbEntity
  8
Smart Centers
  6
Continuous
 62
     0
440
 16777216
 48
0.75
100
AcDbLine
 10
-0.892969
 20
0.0
 30
0.0
 11
0.892969
 21
0.0
 31
0.0
  0
LINE
  5
F84
330
F81
100
AcDbEntity
  8
Smart Centers
  6
Continuous
 62
     0
440
 16777216
 48
0.75
100
AcDbLine
 10
0.0
 20
-0.892969
 30
0.0
 11
0.0
 21
0.892969
 31
0.0
  0
LINE
  5
F85
330
F81
100
AcDbEntity
  8
Smart Centers
 62
     0
440
 16777216
 48
0.75
100
AcDbLine
 10
-8.65
 20
0.0
 30
0.0
 11
-2.678906
 21
0.0
 31
0.0
  0
LINE
  5
F86
330
F81
100
AcDbEntity
  8
Smart Centers
 62
     0
440
 16777216
 48
0.75
100
AcDbLine
 10
2.678906
 20
0.0
 30
0.0
 11
8.65
 21
0.0
 31
0.0
  0
LINE
  5
F87
330
F81
100
AcDbEntity
  8
Smart Centers
 62
     0
440
 16777216
 48
0.75
100
AcDbLine
 10
0.0
 20
-8.65
 30
0.0
 11
0.0
 21
-2.678906
 31
0.0
  0
LINE
  5
F88
330
F81
100
AcDbEntity
  8
Smart Centers
 62
     0
440
 16777216
 48
0.75
100
AcDbLine
 10
0.0
 20
2.678906
 30
0.0
 11
0.0
 21
8.65
 31
0.0
  0
ENDBLK
  5
F89
330
F81
100
AcDbEntity
  8
0
100
AcDbBlockEnd
  0
BLOCK
  5
F8C
330
F8B
100
AcDbEntity
  8
0
100
AcDbBlockBegin
  2
*U325
 70
     1
 10
0.0
 20
0.0
 30
0.0
  3
*U325
  1

  0
LINE
  5
F8D
330
F8B
100
AcDbEntity
  8
Smart Centers
  6
Continuous
 62
     0
440
 16777216
 48
0.75
100
AcDbLine
 10
-0.892969
 20
0.0
 30
0.0
 11
0.892969
 21
0.0
 31
0.0
  0
LINE
  5
F8E
330
F8B
100
AcDbEntity
  8
Smart Centers
  6
Continuous
 62
     0
440
 16777216
 48
0.75
100
AcDbLine
 10
0.0
 20
-0.892969
 30
0.0
 11
0.0
 21
0.892969
 31
0.0
  0
LINE
  5
F8F
330
F8B
100
AcDbEntity
  8
Smart Centers
 62
     0
440
 16777216
 48
0.75
100
AcDbLine
 10
-8.65
 20
0.0
 30
0.0
 11
-2.678906
 21
0.0
 31
0.0
  0
LINE
  5
F90
330
F8B
100
AcDbEntity
  8
Smart Centers
 62
     0
440
 16777216
 48
0.75
100
AcDbLine
 10
2.678906
 20
0.0
 30
0.0
 11
8.65
 21
0.0
 31
0.0
  0
LINE
  5
F91
330
F8B
100
AcDbEntity
  8
Smart Centers
 62
     0
440
 16777216
 48
0.75
100
AcDbLine
 10
0.0
 20
-8.65
 30
0.0
 11
0.0
 21
-2.678906
 31
0.0
  0
LINE
  5
F92
330
F8B
100
AcDbEntity
  8
Smart Centers
 62
     0
440
 16777216
 48
0.75
100
AcDbLine
 10
0.0
 20
2.678906
 30
0.0
 11
0.0
 21
8.65
 31
0.0
  0
ENDBLK
  5
F93
330
F8B
100
AcDbEntity
  8
0
100
AcDbBlockEnd
  0
BLOCK
  5
F96
330
F95
100
AcDbEntity
  8
0
100
AcDbBlockBegin
  2
*U326
 70
     1
 10
0.0
 20
0.0
 30
0.0
  3
*U326
  1

  0
LINE
  5
F97
330
F95
100
AcDbEntity
  8
Smart Centers
  6
Continuous
 62
     0
440
 16777216
 48
0.75
100
AcDbLine
 10
-0.892969
 20
0.0
 30
0.0
 11
0.892969
 21
0.0
 31
0.0
  0
LINE
  5
F98
330
F95
100
AcDbEntity
  8
Smart Centers
  6
Continuous
 62
     0
440
 16777216
 48
0.75
100
AcDbLine
 10
0.0
 20
-0.892969
 30
0.0
 11
0.0
 21
0.892969
 31
0.0
  0
LINE
  5
F99
330
F95
100
AcDbEntity
  8
Smart Centers
 62
     0
440
 16777216
 48
0.75
100
AcDbLine
 10
-8.65
 20
0.0
 30
0.0
 11
-2.678906
 21
0.0
 31
0.0
  0
LINE
  5
F9A
330
F95
100
AcDbEntity
  8
Smart Centers
 62
     0
440
 16777216
 48
0.75
100
AcDbLine
 10
2.678906
 20
0.0
 30
0.0
 11
8.65
 21
0.0
 31
0.0
  0
LINE
  5
F9B
330
F95
100
AcDbEntity
  8
Smart Centers
 62
     0
440
 16777216
 48
0.75
100
AcDbLine
 10
0.0
 20
-8.65
 30
0.0
 11
0.0
 21
-2.678906
 31
0.0
  0
LINE
  5
F9C
330
F95
100
AcDbEntity
  8
Smart Centers
 62
     0
440
 16777216
 48
0.75
100
AcDbLine
 10
0.0
 20
2.678906
 30
0.0
 11
0.0
 21
8.65
 31
0.0
  0
ENDBLK
  5
F9D
330
F95
100
AcDbEntity
  8
0
100
AcDbBlockEnd
  0
BLOCK
  5
FA0
330
F9F
100
AcDbEntity
  8
0
100
AcDbBlockBegin
  2
*U327
 70
     1
 10
0.0
 20
0.0
 30
0.0
  3
*U327
  1

  0
LINE
  5
FA1
330
F9F
100
AcDbEntity
  8
Smart Centers
  6
Continuous
 62
     0
440
 16777216
 48
0.75
100
AcDbLine
 10
-0.892969
 20
0.0
 30
0.0
 11
0.892969
 21
0.0
 31
0.0
  0
LINE
  5
FA2
330
F9F
100
AcDbEntity
  8
Smart Centers
  6
Continuous
 62
     0
440
 16777216
 48
0.75
100
AcDbLine
 10
0.0
 20
-0.892969
 30
0.0
 11
0.0
 21
0.892969
 31
0.0
  0
LINE
  5
FA3
330
F9F
100
AcDbEntity
  8
Smart Centers
 62
     0
440
 16777216
 48
0.75
100
AcDbLine
 10
-8.65
 20
0.0
 30
0.0
 11
-2.678906
 21
0.0
 31
0.0
  0
LINE
  5
FA4
330
F9F
100
AcDbEntity
  8
Smart Centers
 62
     0
440
 16777216
 48
0.75
100
AcDbLine
 10
2.678906
 20
0.0
 30
0.0
 11
8.65
 21
0.0
 31
0.0
  0
LINE
  5
FA5
330
F9F
100
AcDbEntity
  8
Smart Centers
 62
     0
440
 16777216
 48
0.75
100
AcDbLine
 10
0.0
 20
-8.65
 30
0.0
 11
0.0
 21
-2.678906
 31
0.0
  0
LINE
  5
FA6
330
F9F
100
AcDbEntity
  8
Smart Centers
 62
     0
440
 16777216
 48
0.75
100
AcDbLine
 10
0.0
 20
2.678906
 30
0.0
 11
0.0
 21
8.65
 31
0.0
  0
ENDBLK
  5
FA7
330
F9F
100
AcDbEntity
  8
0
100
AcDbBlockEnd
  0
BLOCK
  5
FAA
330
FA9
100
AcDbEntity
  8
0
100
AcDbBlockBegin
  2
*U328
 70
     1
 10
0.0
 20
0.0
 30
0.0
  3
*U328
  1

  0
LINE
  5
FAB
330
FA9
100
AcDbEntity
  8
Smart Centers
  6
Continuous
 62
     0
440
 16777216
 48
0.75
100
AcDbLine
 10
-0.892969
 20
0.0
 30
0.0
 11
0.892969
 21
0.0
 31
0.0
  0
LINE
  5
FAC
330
FA9
100
AcDbEntity
  8
Smart Centers
  6
Continuous
 62
     0
440
 16777216
 48
0.75
100
AcDbLine
 10
0.0
 20
-0.892969
 30
0.0
 11
0.0
 21
0.892969
 31
0.0
  0
LINE
  5
FAD
330
FA9
100
AcDbEntity
  8
Smart Centers
 62
     0
440
 16777216
 48
0.75
100
AcDbLine
 10
-8.65
 20
0.0
 30
0.0
 11
-2.678906
 21
0.0
 31
0.0
  0
LINE
  5
FAE
330
FA9
100
AcDbEntity
  8
Smart Centers
 62
     0
440
 16777216
 48
0.75
100
AcDbLine
 10
2.678906
 20
0.0
 30
0.0
 11
8.65
 21
0.0
 31
0.0
  0
LINE
  5
FAF
330
FA9
100
AcDbEntity
  8
Smart Centers
 62
     0
440
 16777216
 48
0.75
100
AcDbLine
 10
0.0
 20
-8.65
 30
0.0
 11
0.0
 21
-2.678906
 31
0.0
  0
LINE
  5
FB0
330
FA9
100
AcDbEntity
  8
Smart Centers
 62
     0
440
 16777216
 48
0.75
100
AcDbLine
 10
0.0
 20
2.678906
 30
0.0
 11
0.0
 21
8.65
 31
0.0
  0
ENDBLK
  5
FB1
330
FA9
100
AcDbEntity
  8
0
100
AcDbBlockEnd
  0
BLOCK
  5
FB4
330
FB3
100
AcDbEntity
  8
0
100
AcDbBlockBegin
  2
*U329
 70
     1
 10
0.0
 20
0.0
 30
0.0
  3
*U329
  1

  0
LINE
  5
FB5
330
FB3
100
AcDbEntity
  8
Smart Centers
  6
Continuous
 62
     0
440
 16777216
 48
0.75
100
AcDbLine
 10
-0.892969
 20
0.0
 30
0.0
 11
0.892969
 21
0.0
 31
0.0
  0
LINE
  5
FB6
330
FB3
100
AcDbEntity
  8
Smart Centers
  6
Continuous
 62
     0
440
 16777216
 48
0.75
100
AcDbLine
 10
0.0
 20
-0.892969
 30
0.0
 11
0.0
 21
0.892969
 31
0.0
  0
LINE
  5
FB7
330
FB3
100
AcDbEntity
  8
Smart Centers
 62
     0
440
 16777216
 48
0.75
100
AcDbLine
 10
-8.65
 20
0.0
 30
0.0
 11
-2.678906
 21
0.0
 31
0.0
  0
LINE
  5
FB8
330
FB3
100
AcDbEntity
  8
Smart Centers
 62
     0
440
 16777216
 48
0.75
100
AcDbLine
 10
2.678906
 20
0.0
 30
0.0
 11
8.65
 21
0.0
 31
0.0
  0
LINE
  5
FB9
330
FB3
100
AcDbEntity
  8
Smart Centers
 62
     0
440
 16777216
 48
0.75
100
AcDbLine
 10
0.0
 20
-8.65
 30
0.0
 11
0.0
 21
-2.678906
 31
0.0
  0
LINE
  5
FBA
330
FB3
100
AcDbEntity
  8
Smart Centers
 62
     0
440
 16777216
 48
0.75
100
AcDbLine
 10
0.0
 20
2.678906
 30
0.0
 11
0.0
 21
8.65
 31
0.0
  0
ENDBLK
  5
FBB
330
FB3
100
AcDbEntity
  8
0
100
AcDbBlockEnd
  0
BLOCK
  5
FBE
330
FBD
100
AcDbEntity
  8
0
100
AcDbBlockBegin
  2
*U330
 70
     1
 10
0.0
 20
0.0
 30
0.0
  3
*U330
  1

  0
LINE
  5
FBF
330
FBD
100
AcDbEntity
  8
Smart Centers
  6
Continuous
 62
     0
440
 16777216
 48
0.75
100
AcDbLine
 10
-0.892969
 20
0.0
 30
0.0
 11
0.892969
 21
0.0
 31
0.0
  0
LINE
  5
FC0
330
FBD
100
AcDbEntity
  8
Smart Centers
  6
Continuous
 62
     0
440
 16777216
 48
0.75
100
AcDbLine
 10
0.0
 20
-0.892969
 30
0.0
 11
0.0
 21
0.892969
 31
0.0
  0
LINE
  5
FC1
330
FBD
100
AcDbEntity
  8
Smart Centers
 62
     0
440
 16777216
 48
0.75
100
AcDbLine
 10
-8.65
 20
0.0
 30
0.0
 11
-2.678906
 21
0.0
 31
0.0
  0
LINE
  5
FC2
330
FBD
100
AcDbEntity
  8
Smart Centers
 62
     0
440
 16777216
 48
0.75
100
AcDbLine
 10
2.678906
 20
0.0
 30
0.0
 11
8.65
 21
0.0
 31
0.0
  0
LINE
  5
FC3
330
FBD
100
AcDbEntity
  8
Smart Centers
 62
     0
440
 16777216
 48
0.75
100
AcDbLine
 10
0.0
 20
-8.65
 30
0.0
 11
0.0
 21
-2.678906
 31
0.0
  0
LINE
  5
FC4
330
FBD
100
AcDbEntity
  8
Smart Centers
 62
     0
440
 16777216
 48
0.75
100
AcDbLine
 10
0.0
 20
2.678906
 30
0.0
 11
0.0
 21
8.65
 31
0.0
  0
ENDBLK
  5
FC5
330
FBD
100
AcDbEntity
  8
0
100
AcDbBlockEnd
  0
BLOCK
  5
FC8
330
FC7
100
AcDbEntity
  8
0
100
AcDbBlockBegin
  2
*U331
 70
     1
 10
0.0
 20
0.0
 30
0.0
  3
*U331
  1

  0
LINE
  5
FC9
330
FC7
100
AcDbEntity
  8
Smart Centers
  6
Continuous
 62
     0
440
 16777216
 48
0.75
100
AcDbLine
 10
-0.892969
 20
0.0
 30
0.0
 11
0.892969
 21
0.0
 31
0.0
  0
LINE
  5
FCA
330
FC7
100
AcDbEntity
  8
Smart Centers
  6
Continuous
 62
     0
440
 16777216
 48
0.75
100
AcDbLine
 10
0.0
 20
-0.892969
 30
0.0
 11
0.0
 21
0.892969
 31
0.0
  0
LINE
  5
FCB
330
FC7
100
AcDbEntity
  8
Smart Centers
 62
     0
440
 16777216
 48
0.75
100
AcDbLine
 10
-8.65
 20
0.0
 30
0.0
 11
-2.678906
 21
0.0
 31
0.0
  0
LINE
  5
FCC
330
FC7
100
AcDbEntity
  8
Smart Centers
 62
     0
440
 16777216
 48
0.75
100
AcDbLine
 10
2.678906
 20
0.0
 30
0.0
 11
8.65
 21
0.0
 31
0.0
  0
LINE
  5
FCD
330
FC7
100
AcDbEntity
  8
Smart Centers
 62
     0
440
 16777216
 48
0.75
100
AcDbLine
 10
0.0
 20
-8.65
 30
0.0
 11
0.0
 21
-2.678906
 31
0.0
  0
LINE
  5
FCE
330
FC7
100
AcDbEntity
  8
Smart Centers
 62
     0
440
 16777216
 48
0.75
100
AcDbLine
 10
0.0
 20
2.678906
 30
0.0
 11
0.0
 21
8.65
 31
0.0
  0
ENDBLK
  5
FCF
330
FC7
100
AcDbEntity
  8
0
100
AcDbBlockEnd
  0
BLOCK
  5
FD2
330
FD1
100
AcDbEntity
  8
0
100
AcDbBlockBegin
  2
*U332
 70
     1
 10
0.0
 20
0.0
 30
0.0
  3
*U332
  1

  0
LINE
  5
FD3
330
FD1
100
AcDbEntity
  8
Smart Centers
  6
Continuous
 62
     0
440
 16777216
 48
0.75
100
AcDbLine
 10
-0.892969
 20
0.0
 30
0.0
 11
0.892969
 21
0.0
 31
0.0
  0
LINE
  5
FD4
330
FD1
100
AcDbEntity
  8
Smart Centers
  6
Continuous
 62
     0
440
 16777216
 48
0.75
100
AcDbLine
 10
0.0
 20
-0.892969
 30
0.0
 11
0.0
 21
0.892969
 31
0.0
  0
LINE
  5
FD5
330
FD1
100
AcDbEntity
  8
Smart Centers
 62
     0
440
 16777216
 48
0.75
100
AcDbLine
 10
-8.65
 20
0.0
 30
0.0
 11
-2.678906
 21
0.0
 31
0.0
  0
LINE
  5
FD6
330
FD1
100
AcDbEntity
  8
Smart Centers
 62
     0
440
 16777216
 48
0.75
100
AcDbLine
 10
2.678906
 20
0.0
 30
0.0
 11
8.65
 21
0.0
 31
0.0
  0
LINE
  5
FD7
330
FD1
100
AcDbEntity
  8
Smart Centers
 62
     0
440
 16777216
 48
0.75
100
AcDbLine
 10
0.0
 20
-8.65
 30
0.0
 11
0.0
 21
-2.678906
 31
0.0
  0
LINE
  5
FD8
330
FD1
100
AcDbEntity
  8
Smart Centers
 62
     0
440
 16777216
 48
0.75
100
AcDbLine
 10
0.0
 20
2.678906
 30
0.0
 11
0.0
 21
8.65
 31
0.0
  0
ENDBLK
  5
FD9
330
FD1
100
AcDbEntity
  8
0
100
AcDbBlockEnd
  0
BLOCK
  5
FDC
330
FDB
100
AcDbEntity
  8
0
100
AcDbBlockBegin
  2
*U333
 70
     1
 10
0.0
 20
0.0
 30
0.0
  3
*U333
  1

  0
LINE
  5
FDD
330
FDB
100
AcDbEntity
  8
Smart Centers
  6
Continuous
 62
     0
440
 16777216
 48
0.75
100
AcDbLine
 10
-0.892969
 20
0.0
 30
0.0
 11
0.892969
 21
0.0
 31
0.0
  0
LINE
  5
FDE
330
FDB
100
AcDbEntity
  8
Smart Centers
  6
Continuous
 62
     0
440
 16777216
 48
0.75
100
AcDbLine
 10
0.0
 20
-0.892969
 30
0.0
 11
0.0
 21
0.892969
 31
0.0
  0
LINE
  5
FDF
330
FDB
100
AcDbEntity
  8
Smart Centers
 62
     0
440
 16777216
 48
0.75
100
AcDbLine
 10
-8.65
 20
0.0
 30
0.0
 11
-2.678906
 21
0.0
 31
0.0
  0
LINE
  5
FE0
330
FDB
100
AcDbEntity
  8
Smart Centers
 62
     0
440
 16777216
 48
0.75
100
AcDbLine
 10
2.678906
 20
0.0
 30
0.0
 11
8.65
 21
0.0
 31
0.0
  0
LINE
  5
FE1
330
FDB
100
AcDbEntity
  8
Smart Centers
 62
     0
440
 16777216
 48
0.75
100
AcDbLine
 10
0.0
 20
-8.65
 30
0.0
 11
0.0
 21
-2.678906
 31
0.0
  0
LINE
  5
FE2
330
FDB
100
AcDbEntity
  8
Smart Centers
 62
     0
440
 16777216
 48
0.75
100
AcDbLine
 10
0.0
 20
2.678906
 30
0.0
 11
0.0
 21
8.65
 31
0.0
  0
ENDBLK
  5
FE3
330
FDB
100
AcDbEntity
  8
0
100
AcDbBlockEnd
  0
BLOCK
  5
FE6
330
FE5
100
AcDbEntity
  8
0
100
AcDbBlockBegin
  2
*U334
 70
     1
 10
0.0
 20
0.0
 30
0.0
  3
*U334
  1

  0
LINE
  5
FE7
330
FE5
100
AcDbEntity
  8
Smart Centers
  6
Continuous
 62
     0
440
 16777216
 48
0.75
100
AcDbLine
 10
-0.892969
 20
0.0
 30
0.0
 11
0.892969
 21
0.0
 31
0.0
  0
LINE
  5
FE8
330
FE5
100
AcDbEntity
  8
Smart Centers
  6
Continuous
 62
     0
440
 16777216
 48
0.75
100
AcDbLine
 10
0.0
 20
-0.892969
 30
0.0
 11
0.0
 21
0.892969
 31
0.0
  0
LINE
  5
FE9
330
FE5
100
AcDbEntity
  8
Smart Centers
 62
     0
440
 16777216
 48
0.75
100
AcDbLine
 10
-8.65
 20
0.0
 30
0.0
 11
-2.678906
 21
0.0
 31
0.0
  0
LINE
  5
FEA
330
FE5
100
AcDbEntity
  8
Smart Centers
 62
     0
440
 16777216
 48
0.75
100
AcDbLine
 10
2.678906
 20
0.0
 30
0.0
 11
8.65
 21
0.0
 31
0.0
  0
LINE
  5
FEB
330
FE5
100
AcDbEntity
  8
Smart Centers
 62
     0
440
 16777216
 48
0.75
100
AcDbLine
 10
0.0
 20
-8.65
 30
0.0
 11
0.0
 21
-2.678906
 31
0.0
  0
LINE
  5
FEC
330
FE5
100
AcDbEntity
  8
Smart Centers
 62
     0
440
 16777216
 48
0.75
100
AcDbLine
 10
0.0
 20
2.678906
 30
0.0
 11
0.0
 21
8.65
 31
0.0
  0
ENDBLK
  5
FED
330
FE5
100
AcDbEntity
  8
0
100
AcDbBlockEnd
  0
BLOCK
  5
FF0
330
FEF
100
AcDbEntity
  8
0
100
AcDbBlockBegin
  2
*U335
 70
     1
 10
0.0
 20
0.0
 30
0.0
  3
*U335
  1

  0
LINE
  5
FF1
330
FEF
100
AcDbEntity
  8
Smart Centers
  6
Continuous
 62
     0
440
 16777216
 48
0.75
100
AcDbLine
 10
-0.892969
 20
0.0
 30
0.0
 11
0.892969
 21
0.0
 31
0.0
  0
LINE
  5
FF2
330
FEF
100
AcDbEntity
  8
Smart Centers
  6
Continuous
 62
     0
440
 16777216
 48
0.75
100
AcDbLine
 10
0.0
 20
-0.892969
 30
0.0
 11
0.0
 21
0.892969
 31
0.0
  0
LINE
  5
FF3
330
FEF
100
AcDbEntity
  8
Smart Centers
 62
     0
440
 16777216
 48
0.75
100
AcDbLine
 10
-8.65
 20
0.0
 30
0.0
 11
-2.678906
 21
0.0
 31
0.0
  0
LINE
  5
FF4
330
FEF
100
AcDbEntity
  8
Smart Centers
 62
     0
440
 16777216
 48
0.75
100
AcDbLine
 10
2.678906
 20
0.0
 30
0.0
 11
8.65
 21
0.0
 31
0.0
  0
LINE
  5
FF5
330
FEF
100
AcDbEntity
  8
Smart Centers
 62
     0
440
 16777216
 48
0.75
100
AcDbLine
 10
0.0
 20
-8.65
 30
0.0
 11
0.0
 21
-2.678906
 31
0.0
  0
LINE
  5
FF6
330
FEF
100
AcDbEntity
  8
Smart Centers
 62
     0
440
 16777216
 48
0.75
100
AcDbLine
 10
0.0
 20
2.678906
 30
0.0
 11
0.0
 21
8.65
 31
0.0
  0
ENDBLK
  5
FF7
330
FEF
100
AcDbEntity
  8
0
100
AcDbBlockEnd
  0
BLOCK
  5
FFA
330
FF9
100
AcDbEntity
  8
0
100
AcDbBlockBegin
  2
*U336
 70
     1
 10
0.0
 20
0.0
 30
0.0
  3
*U336
  1

  0
LINE
  5
FFB
330
FF9
100
AcDbEntity
  8
Smart Centers
  6
Continuous
 62
     0
440
 16777216
 48
0.75
100
AcDbLine
 10
-0.892969
 20
0.0
 30
0.0
 11
0.892969
 21
0.0
 31
0.0
  0
LINE
  5
FFC
330
FF9
100
AcDbEntity
  8
Smart Centers
  6
Continuous
 62
     0
440
 16777216
 48
0.75
100
AcDbLine
 10
0.0
 20
-0.892969
 30
0.0
 11
0.0
 21
0.892969
 31
0.0
  0
LINE
  5
FFD
330
FF9
100
AcDbEntity
  8
Smart Centers
 62
     0
440
 16777216
 48
0.75
100
AcDbLine
 10
-8.65
 20
0.0
 30
0.0
 11
-2.678906
 21
0.0
 31
0.0
  0
LINE
  5
FFE
330
FF9
100
AcDbEntity
  8
Smart Centers
 62
     0
440
 16777216
 48
0.75
100
AcDbLine
 10
2.678906
 20
0.0
 30
0.0
 11
8.65
 21
0.0
 31
0.0
  0
LINE
  5
FFF
330
FF9
100
AcDbEntity
  8
Smart Centers
 62
     0
440
 16777216
 48
0.75
100
AcDbLine
 10
0.0
 20
-8.65
 30
0.0
 11
0.0
 21
-2.678906
 31
0.0
  0
LINE
  5
1000
330
FF9
100
AcDbEntity
  8
Smart Centers
 62
     0
440
 16777216
 48
0.75
100
AcDbLine
 10
0.0
 20
2.678906
 30
0.0
 11
0.0
 21
8.65
 31
0.0
  0
ENDBLK
  5
1001
330
FF9
100
AcDbEntity
  8
0
100
AcDbBlockEnd
  0
BLOCK
  5
1004
330
1003
100
AcDbEntity
  8
0
100
AcDbBlockBegin
  2
*U337
 70
     1
 10
0.0
 20
0.0
 30
0.0
  3
*U337
  1

  0
LINE
  5
1005
330
1003
100
AcDbEntity
  8
Smart Centers
  6
Continuous
 62
     0
440
 16777216
 48
0.75
100
AcDbLine
 10
-0.892969
 20
0.0
 30
0.0
 11
0.892969
 21
0.0
 31
0.0
  0
LINE
  5
1006
330
1003
100
AcDbEntity
  8
Smart Centers
  6
Continuous
 62
     0
440
 16777216
 48
0.75
100
AcDbLine
 10
0.0
 20
-0.892969
 30
0.0
 11
0.0
 21
0.892969
 31
0.0
  0
LINE
  5
1007
330
1003
100
AcDbEntity
  8
Smart Centers
 62
     0
440
 16777216
 48
0.75
100
AcDbLine
 10
-8.65
 20
0.0
 30
0.0
 11
-2.678906
 21
0.0
 31
0.0
  0
LINE
  5
1008
330
1003
100
AcDbEntity
  8
Smart Centers
 62
     0
440
 16777216
 48
0.75
100
AcDbLine
 10
2.678906
 20
0.0
 30
0.0
 11
8.65
 21
0.0
 31
0.0
  0
LINE
  5
1009
330
1003
100
AcDbEntity
  8
Smart Centers
 62
     0
440
 16777216
 48
0.75
100
AcDbLine
 10
0.0
 20
-8.65
 30
0.0
 11
0.0
 21
-2.678906
 31
0.0
  0
LINE
  5
100A
330
1003
100
AcDbEntity
  8
Smart Centers
 62
     0
440
 16777216
 48
0.75
100
AcDbLine
 10
0.0
 20
2.678906
 30
0.0
 11
0.0
 21
8.65
 31
0.0
  0
ENDBLK
  5
100B
330
1003
100
AcDbEntity
  8
0
100
AcDbBlockEnd
  0
BLOCK
  5
100E
330
100D
100
AcDbEntity
  8
0
100
AcDbBlockBegin
  2
*U338
 70
     1
 10
0.0
 20
0.0
 30
0.0
  3
*U338
  1

  0
LINE
  5
100F
330
100D
100
AcDbEntity
  8
Smart Centers
  6
Continuous
 62
     0
440
 16777216
 48
0.75
100
AcDbLine
 10
-0.892969
 20
0.0
 30
0.0
 11
0.892969
 21
0.0
 31
0.0
  0
LINE
  5
1010
330
100D
100
AcDbEntity
  8
Smart Centers
  6
Continuous
 62
     0
440
 16777216
 48
0.75
100
AcDbLine
 10
0.0
 20
-0.892969
 30
0.0
 11
0.0
 21
0.892969
 31
0.0
  0
LINE
  5
1011
330
100D
100
AcDbEntity
  8
Smart Centers
 62
     0
440
 16777216
 48
0.75
100
AcDbLine
 10
-8.65
 20
0.0
 30
0.0
 11
-2.678906
 21
0.0
 31
0.0
  0
LINE
  5
1012
330
100D
100
AcDbEntity
  8
Smart Centers
 62
     0
440
 16777216
 48
0.75
100
AcDbLine
 10
2.678906
 20
0.0
 30
0.0
 11
8.65
 21
0.0
 31
0.0
  0
LINE
  5
1013
330
100D
100
AcDbEntity
  8
Smart Centers
 62
     0
440
 16777216
 48
0.75
100
AcDbLine
 10
0.0
 20
-8.65
 30
0.0
 11
0.0
 21
-2.678906
 31
0.0
  0
LINE
  5
1014
330
100D
100
AcDbEntity
  8
Smart Centers
 62
     0
440
 16777216
 48
0.75
100
AcDbLine
 10
0.0
 20
2.678906
 30
0.0
 11
0.0
 21
8.65
 31
0.0
  0
ENDBLK
  5
1015
330
100D
100
AcDbEntity
  8
0
100
AcDbBlockEnd
  0
BLOCK
  5
1018
330
1017
100
AcDbEntity
  8
0
100
AcDbBlockBegin
  2
*U339
 70
     1
 10
0.0
 20
0.0
 30
0.0
  3
*U339
  1

  0
LINE
  5
1019
330
1017
100
AcDbEntity
  8
Smart Centers
  6
Continuous
 62
     0
440
 16777216
 48
0.75
100
AcDbLine
 10
-0.892969
 20
0.0
 30
0.0
 11
0.892969
 21
0.0
 31
0.0
  0
LINE
  5
101A
330
1017
100
AcDbEntity
  8
Smart Centers
  6
Continuous
 62
     0
440
 16777216
 48
0.75
100
AcDbLine
 10
0.0
 20
-0.892969
 30
0.0
 11
0.0
 21
0.892969
 31
0.0
  0
LINE
  5
101B
330
1017
100
AcDbEntity
  8
Smart Centers
 62
     0
440
 16777216
 48
0.75
100
AcDbLine
 10
-8.65
 20
0.0
 30
0.0
 11
-2.678906
 21
0.0
 31
0.0
  0
LINE
  5
101C
330
1017
100
AcDbEntity
  8
Smart Centers
 62
     0
440
 16777216
 48
0.75
100
AcDbLine
 10
2.678906
 20
0.0
 30
0.0
 11
8.65
 21
0.0
 31
0.0
  0
LINE
  5
101D
330
1017
100
AcDbEntity
  8
Smart Centers
 62
     0
440
 16777216
 48
0.75
100
AcDbLine
 10
0.0
 20
-8.65
 30
0.0
 11
0.0
 21
-2.678906
 31
0.0
  0
LINE
  5
101E
330
1017
100
AcDbEntity
  8
Smart Centers
 62
     0
440
 16777216
 48
0.75
100
AcDbLine
 10
0.0
 20
2.678906
 30
0.0
 11
0.0
 21
8.65
 31
0.0
  0
ENDBLK
  5
101F
330
1017
100
AcDbEntity
  8
0
100
AcDbBlockEnd
  0
BLOCK
  5
1022
330
1021
100
AcDbEntity
  8
0
100
AcDbBlockBegin
  2
*U340
 70
     1
 10
0.0
 20
0.0
 30
0.0
  3
*U340
  1

  0
LINE
  5
1023
330
1021
100
AcDbEntity
  8
Smart Centers
  6
Continuous
 62
     0
440
 16777216
 48
0.75
100
AcDbLine
 10
-0.892969
 20
0.0
 30
0.0
 11
0.892969
 21
0.0
 31
0.0
  0
LINE
  5
1024
330
1021
100
AcDbEntity
  8
Smart Centers
  6
Continuous
 62
     0
440
 16777216
 48
0.75
100
AcDbLine
 10
0.0
 20
-0.892969
 30
0.0
 11
0.0
 21
0.892969
 31
0.0
  0
LINE
  5
1025
330
1021
100
AcDbEntity
  8
Smart Centers
 62
     0
440
 16777216
 48
0.75
100
AcDbLine
 10
-8.65
 20
0.0
 30
0.0
 11
-2.678906
 21
0.0
 31
0.0
  0
LINE
  5
1026
330
1021
100
AcDbEntity
  8
Smart Centers
 62
     0
440
 16777216
 48
0.75
100
AcDbLine
 10
2.678906
 20
0.0
 30
0.0
 11
8.65
 21
0.0
 31
0.0
  0
LINE
  5
1027
330
1021
100
AcDbEntity
  8
Smart Centers
 62
     0
440
 16777216
 48
0.75
100
AcDbLine
 10
0.0
 20
-8.65
 30
0.0
 11
0.0
 21
-2.678906
 31
0.0
  0
LINE
  5
1028
330
1021
100
AcDbEntity
  8
Smart Centers
 62
     0
440
 16777216
 48
0.75
100
AcDbLine
 10
0.0
 20
2.678906
 30
0.0
 11
0.0
 21
8.65
 31
0.0
  0
ENDBLK
  5
1029
330
1021
100
AcDbEntity
  8
0
100
AcDbBlockEnd
  0
BLOCK
  5
102C
330
102B
100
AcDbEntity
  8
0
100
AcDbBlockBegin
  2
*U341
 70
     1
 10
0.0
 20
0.0
 30
0.0
  3
*U341
  1

  0
LINE
  5
102D
330
102B
100
AcDbEntity
  8
Smart Centers
  6
Continuous
 62
     0
440
 16777216
 48
0.75
100
AcDbLine
 10
-0.892969
 20
0.0
 30
0.0
 11
0.892969
 21
0.0
 31
0.0
  0
LINE
  5
102E
330
102B
100
AcDbEntity
  8
Smart Centers
  6
Continuous
 62
     0
440
 16777216
 48
0.75
100
AcDbLine
 10
0.0
 20
-0.892969
 30
0.0
 11
0.0
 21
0.892969
 31
0.0
  0
LINE
  5
102F
330
102B
100
AcDbEntity
  8
Smart Centers
 62
     0
440
 16777216
 48
0.75
100
AcDbLine
 10
-8.65
 20
0.0
 30
0.0
 11
-2.678906
 21
0.0
 31
0.0
  0
LINE
  5
1030
330
102B
100
AcDbEntity
  8
Smart Centers
 62
     0
440
 16777216
 48
0.75
100
AcDbLine
 10
2.678906
 20
0.0
 30
0.0
 11
8.65
 21
0.0
 31
0.0
  0
LINE
  5
1031
330
102B
100
AcDbEntity
  8
Smart Centers
 62
     0
440
 16777216
 48
0.75
100
AcDbLine
 10
0.0
 20
-8.65
 30
0.0
 11
0.0
 21
-2.678906
 31
0.0
  0
LINE
  5
1032
330
102B
100
AcDbEntity
  8
Smart Centers
 62
     0
440
 16777216
 48
0.75
100
AcDbLine
 10
0.0
 20
2.678906
 30
0.0
 11
0.0
 21
8.65
 31
0.0
  0
ENDBLK
  5
1033
330
102B
100
AcDbEntity
  8
0
100
AcDbBlockEnd
  0
BLOCK
  5
1036
330
1035
100
AcDbEntity
  8
0
100
AcDbBlockBegin
  2
*U342
 70
     1
 10
0.0
 20
0.0
 30
0.0
  3
*U342
  1

  0
LINE
  5
1037
330
1035
100
AcDbEntity
  8
Smart Centers
  6
Continuous
 62
     0
440
 16777216
 48
0.75
100
AcDbLine
 10
-0.892969
 20
0.0
 30
0.0
 11
0.892969
 21
0.0
 31
0.0
  0
LINE
  5
1038
330
1035
100
AcDbEntity
  8
Smart Centers
  6
Continuous
 62
     0
440
 16777216
 48
0.75
100
AcDbLine
 10
0.0
 20
-0.892969
 30
0.0
 11
0.0
 21
0.892969
 31
0.0
  0
LINE
  5
1039
330
1035
100
AcDbEntity
  8
Smart Centers
 62
     0
440
 16777216
 48
0.75
100
AcDbLine
 10
-8.65
 20
0.0
 30
0.0
 11
-2.678906
 21
0.0
 31
0.0
  0
LINE
  5
103A
330
1035
100
AcDbEntity
  8
Smart Centers
 62
     0
440
 16777216
 48
0.75
100
AcDbLine
 10
2.678906
 20
0.0
 30
0.0
 11
8.65
 21
0.0
 31
0.0
  0
LINE
  5
103B
330
1035
100
AcDbEntity
  8
Smart Centers
 62
     0
440
 16777216
 48
0.75
100
AcDbLine
 10
0.0
 20
-8.65
 30
0.0
 11
0.0
 21
-2.678906
 31
0.0
  0
LINE
  5
103C
330
1035
100
AcDbEntity
  8
Smart Centers
 62
     0
440
 16777216
 48
0.75
100
AcDbLine
 10
0.0
 20
2.678906
 30
0.0
 11
0.0
 21
8.65
 31
0.0
  0
ENDBLK
  5
103D
330
1035
100
AcDbEntity
  8
0
100
AcDbBlockEnd
  0
BLOCK
  5
1040
330
103F
100
AcDbEntity
  8
0
100
AcDbBlockBegin
  2
*U343
 70
     1
 10
0.0
 20
0.0
 30
0.0
  3
*U343
  1

  0
LINE
  5
1041
330
103F
100
AcDbEntity
  8
Smart Centers
  6
Continuous
 62
     0
440
 16777216
 48
0.75
100
AcDbLine
 10
-0.892969
 20
0.0
 30
0.0
 11
0.892969
 21
0.0
 31
0.0
  0
LINE
  5
1042
330
103F
100
AcDbEntity
  8
Smart Centers
  6
Continuous
 62
     0
440
 16777216
 48
0.75
100
AcDbLine
 10
0.0
 20
-0.892969
 30
0.0
 11
0.0
 21
0.892969
 31
0.0
  0
LINE
  5
1043
330
103F
100
AcDbEntity
  8
Smart Centers
 62
     0
440
 16777216
 48
0.75
100
AcDbLine
 10
-8.65
 20
0.0
 30
0.0
 11
-2.678906
 21
0.0
 31
0.0
  0
LINE
  5
1044
330
103F
100
AcDbEntity
  8
Smart Centers
 62
     0
440
 16777216
 48
0.75
100
AcDbLine
 10
2.678906
 20
0.0
 30
0.0
 11
8.65
 21
0.0
 31
0.0
  0
LINE
  5
1045
330
103F
100
AcDbEntity
  8
Smart Centers
 62
     0
440
 16777216
 48
0.75
100
AcDbLine
 10
0.0
 20
-8.65
 30
0.0
 11
0.0
 21
-2.678906
 31
0.0
  0
LINE
  5
1046
330
103F
100
AcDbEntity
  8
Smart Centers
 62
     0
440
 16777216
 48
0.75
100
AcDbLine
 10
0.0
 20
2.678906
 30
0.0
 11
0.0
 21
8.65
 31
0.0
  0
ENDBLK
  5
1047
330
103F
100
AcDbEntity
  8
0
100
AcDbBlockEnd
  0
BLOCK
  5
104A
330
1049
100
AcDbEntity
  8
0
100
AcDbBlockBegin
  2
*U344
 70
     1
 10
0.0
 20
0.0
 30
0.0
  3
*U344
  1

  0
LINE
  5
104B
330
1049
100
AcDbEntity
  8
Smart Centers
  6
Continuous
 62
     0
440
 16777216
 48
0.75
100
AcDbLine
 10
-0.892969
 20
0.0
 30
0.0
 11
0.892969
 21
0.0
 31
0.0
  0
LINE
  5
104C
330
1049
100
AcDbEntity
  8
Smart Centers
  6
Continuous
 62
     0
440
 16777216
 48
0.75
100
AcDbLine
 10
0.0
 20
-0.892969
 30
0.0
 11
0.0
 21
0.892969
 31
0.0
  0
LINE
  5
104D
330
1049
100
AcDbEntity
  8
Smart Centers
 62
     0
440
 16777216
 48
0.75
100
AcDbLine
 10
-8.65
 20
0.0
 30
0.0
 11
-2.678906
 21
0.0
 31
0.0
  0
LINE
  5
104E
330
1049
100
AcDbEntity
  8
Smart Centers
 62
     0
440
 16777216
 48
0.75
100
AcDbLine
 10
2.678906
 20
0.0
 30
0.0
 11
8.65
 21
0.0
 31
0.0
  0
LINE
  5
104F
330
1049
100
AcDbEntity
  8
Smart Centers
 62
     0
440
 16777216
 48
0.75
100
AcDbLine
 10
0.0
 20
-8.65
 30
0.0
 11
0.0
 21
-2.678906
 31
0.0
  0
LINE
  5
1050
330
1049
100
AcDbEntity
  8
Smart Centers
 62
     0
440
 16777216
 48
0.75
100
AcDbLine
 10
0.0
 20
2.678906
 30
0.0
 11
0.0
 21
8.65
 31
0.0
  0
ENDBLK
  5
1051
330
1049
100
AcDbEntity
  8
0
100
AcDbBlockEnd
  0
BLOCK
  5
1054
330
1053
100
AcDbEntity
  8
0
100
AcDbBlockBegin
  2
*U345
 70
     1
 10
0.0
 20
0.0
 30
0.0
  3
*U345
  1

  0
LINE
  5
1055
330
1053
100
AcDbEntity
  8
Smart Centers
  6
Continuous
 62
     0
440
 16777216
 48
0.75
100
AcDbLine
 10
-0.892969
 20
0.0
 30
0.0
 11
0.892969
 21
0.0
 31
0.0
  0
LINE
  5
1056
330
1053
100
AcDbEntity
  8
Smart Centers
  6
Continuous
 62
     0
440
 16777216
 48
0.75
100
AcDbLine
 10
0.0
 20
-0.892969
 30
0.0
 11
0.0
 21
0.892969
 31
0.0
  0
LINE
  5
1057
330
1053
100
AcDbEntity
  8
Smart Centers
 62
     0
440
 16777216
 48
0.75
100
AcDbLine
 10
-8.65
 20
0.0
 30
0.0
 11
-2.678906
 21
0.0
 31
0.0
  0
LINE
  5
1058
330
1053
100
AcDbEntity
  8
Smart Centers
 62
     0
440
 16777216
 48
0.75
100
AcDbLine
 10
2.678906
 20
0.0
 30
0.0
 11
8.65
 21
0.0
 31
0.0
  0
LINE
  5
1059
330
1053
100
AcDbEntity
  8
Smart Centers
 62
     0
440
 16777216
 48
0.75
100
AcDbLine
 10
0.0
 20
-8.65
 30
0.0
 11
0.0
 21
-2.678906
 31
0.0
  0
LINE
  5
105A
330
1053
100
AcDbEntity
  8
Smart Centers
 62
     0
440
 16777216
 48
0.75
100
AcDbLine
 10
0.0
 20
2.678906
 30
0.0
 11
0.0
 21
8.65
 31
0.0
  0
ENDBLK
  5
105B
330
1053
100
AcDbEntity
  8
0
100
AcDbBlockEnd
  0
BLOCK
  5
105E
330
105D
100
AcDbEntity
  8
0
100
AcDbBlockBegin
  2
*U346
 70
     1
 10
0.0
 20
0.0
 30
0.0
  3
*U346
  1

  0
LINE
  5
105F
330
105D
100
AcDbEntity
  8
Smart Centers
  6
Continuous
 62
     0
440
 16777216
 48
0.75
100
AcDbLine
 10
-0.892969
 20
0.0
 30
0.0
 11
0.892969
 21
0.0
 31
0.0
  0
LINE
  5
1060
330
105D
100
AcDbEntity
  8
Smart Centers
  6
Continuous
 62
     0
440
 16777216
 48
0.75
100
AcDbLine
 10
0.0
 20
-0.892969
 30
0.0
 11
0.0
 21
0.892969
 31
0.0
  0
LINE
  5
1061
330
105D
100
AcDbEntity
  8
Smart Centers
 62
     0
440
 16777216
 48
0.75
100
AcDbLine
 10
-8.65
 20
0.0
 30
0.0
 11
-2.678906
 21
0.0
 31
0.0
  0
LINE
  5
1062
330
105D
100
AcDbEntity
  8
Smart Centers
 62
     0
440
 16777216
 48
0.75
100
AcDbLine
 10
2.678906
 20
0.0
 30
0.0
 11
8.65
 21
0.0
 31
0.0
  0
LINE
  5
1063
330
105D
100
AcDbEntity
  8
Smart Centers
 62
     0
440
 16777216
 48
0.75
100
AcDbLine
 10
0.0
 20
-8.65
 30
0.0
 11
0.0
 21
-2.678906
 31
0.0
  0
LINE
  5
1064
330
105D
100
AcDbEntity
  8
Smart Centers
 62
     0
440
 16777216
 48
0.75
100
AcDbLine
 10
0.0
 20
2.678906
 30
0.0
 11
0.0
 21
8.65
 31
0.0
  0
ENDBLK
  5
1065
330
105D
100
AcDbEntity
  8
0
100
AcDbBlockEnd
  0
BLOCK
  5
1068
330
1067
100
AcDbEntity
  8
0
100
AcDbBlockBegin
  2
*U347
 70
     1
 10
0.0
 20
0.0
 30
0.0
  3
*U347
  1

  0
LINE
  5
1069
330
1067
100
AcDbEntity
  8
Smart Centers
  6
Continuous
 62
     0
440
 16777216
 48
0.75
100
AcDbLine
 10
-0.892969
 20
0.0
 30
0.0
 11
0.892969
 21
0.0
 31
0.0
  0
LINE
  5
106A
330
1067
100
AcDbEntity
  8
Smart Centers
  6
Continuous
 62
     0
440
 16777216
 48
0.75
100
AcDbLine
 10
0.0
 20
-0.892969
 30
0.0
 11
0.0
 21
0.892969
 31
0.0
  0
LINE
  5
106B
330
1067
100
AcDbEntity
  8
Smart Centers
 62
     0
440
 16777216
 48
0.75
100
AcDbLine
 10
-8.65
 20
0.0
 30
0.0
 11
-2.678906
 21
0.0
 31
0.0
  0
LINE
  5
106C
330
1067
100
AcDbEntity
  8
Smart Centers
 62
     0
440
 16777216
 48
0.75
100
AcDbLine
 10
2.678906
 20
0.0
 30
0.0
 11
8.65
 21
0.0
 31
0.0
  0
LINE
  5
106D
330
1067
100
AcDbEntity
  8
Smart Centers
 62
     0
440
 16777216
 48
0.75
100
AcDbLine
 10
0.0
 20
-8.65
 30
0.0
 11
0.0
 21
-2.678906
 31
0.0
  0
LINE
  5
106E
330
1067
100
AcDbEntity
  8
Smart Centers
 62
     0
440
 16777216
 48
0.75
100
AcDbLine
 10
0.0
 20
2.678906
 30
0.0
 11
0.0
 21
8.65
 31
0.0
  0
ENDBLK
  5
106F
330
1067
100
AcDbEntity
  8
0
100
AcDbBlockEnd
  0
BLOCK
  5
1072
330
1071
100
AcDbEntity
  8
0
100
AcDbBlockBegin
  2
*U348
 70
     1
 10
0.0
 20
0.0
 30
0.0
  3
*U348
  1

  0
LINE
  5
1073
330
1071
100
AcDbEntity
  8
Smart Centers
  6
Continuous
 62
     0
440
 16777216
 48
0.75
100
AcDbLine
 10
-0.892969
 20
0.0
 30
0.0
 11
0.892969
 21
0.0
 31
0.0
  0
LINE
  5
1074
330
1071
100
AcDbEntity
  8
Smart Centers
  6
Continuous
 62
     0
440
 16777216
 48
0.75
100
AcDbLine
 10
0.0
 20
-0.892969
 30
0.0
 11
0.0
 21
0.892969
 31
0.0
  0
LINE
  5
1075
330
1071
100
AcDbEntity
  8
Smart Centers
 62
     0
440
 16777216
 48
0.75
100
AcDbLine
 10
-8.65
 20
0.0
 30
0.0
 11
-2.678906
 21
0.0
 31
0.0
  0
LINE
  5
1076
330
1071
100
AcDbEntity
  8
Smart Centers
 62
     0
440
 16777216
 48
0.75
100
AcDbLine
 10
2.678906
 20
0.0
 30
0.0
 11
8.65
 21
0.0
 31
0.0
  0
LINE
  5
1077
330
1071
100
AcDbEntity
  8
Smart Centers
 62
     0
440
 16777216
 48
0.75
100
AcDbLine
 10
0.0
 20
-8.65
 30
0.0
 11
0.0
 21
-2.678906
 31
0.0
  0
LINE
  5
1078
330
1071
100
AcDbEntity
  8
Smart Centers
 62
     0
440
 16777216
 48
0.75
100
AcDbLine
 10
0.0
 20
2.678906
 30
0.0
 11
0.0
 21
8.65
 31
0.0
  0
ENDBLK
  5
1079
330
1071
100
AcDbEntity
  8
0
100
AcDbBlockEnd
  0
BLOCK
  5
107C
330
107B
100
AcDbEntity
  8
0
100
AcDbBlockBegin
  2
*U349
 70
     1
 10
0.0
 20
0.0
 30
0.0
  3
*U349
  1

  0
LINE
  5
107D
330
107B
100
AcDbEntity
  8
Smart Centers
  6
Continuous
 62
     0
440
 16777216
 48
0.75
100
AcDbLine
 10
-0.892969
 20
0.0
 30
0.0
 11
0.892969
 21
0.0
 31
0.0
  0
LINE
  5
107E
330
107B
100
AcDbEntity
  8
Smart Centers
  6
Continuous
 62
     0
440
 16777216
 48
0.75
100
AcDbLine
 10
0.0
 20
-0.892969
 30
0.0
 11
0.0
 21
0.892969
 31
0.0
  0
LINE
  5
107F
330
107B
100
AcDbEntity
  8
Smart Centers
 62
     0
440
 16777216
 48
0.75
100
AcDbLine
 10
-8.65
 20
0.0
 30
0.0
 11
-2.678906
 21
0.0
 31
0.0
  0
LINE
  5
1080
330
107B
100
AcDbEntity
  8
Smart Centers
 62
     0
440
 16777216
 48
0.75
100
AcDbLine
 10
2.678906
 20
0.0
 30
0.0
 11
8.65
 21
0.0
 31
0.0
  0
LINE
  5
1081
330
107B
100
AcDbEntity
  8
Smart Centers
 62
     0
440
 16777216
 48
0.75
100
AcDbLine
 10
0.0
 20
-8.65
 30
0.0
 11
0.0
 21
-2.678906
 31
0.0
  0
LINE
  5
1082
330
107B
100
AcDbEntity
  8
Smart Centers
 62
     0
440
 16777216
 48
0.75
100
AcDbLine
 10
0.0
 20
2.678906
 30
0.0
 11
0.0
 21
8.65
 31
0.0
  0
ENDBLK
  5
1083
330
107B
100
AcDbEntity
  8
0
100
AcDbBlockEnd
  0
BLOCK
  5
1086
330
1085
100
AcDbEntity
  8
0
100
AcDbBlockBegin
  2
*U350
 70
     1
 10
0.0
 20
0.0
 30
0.0
  3
*U350
  1

  0
LINE
  5
1087
330
1085
100
AcDbEntity
  8
Smart Centers
  6
Continuous
 62
     0
440
 16777216
 48
0.75
100
AcDbLine
 10
-0.892969
 20
0.0
 30
0.0
 11
0.892969
 21
0.0
 31
0.0
  0
LINE
  5
1088
330
1085
100
AcDbEntity
  8
Smart Centers
  6
Continuous
 62
     0
440
 16777216
 48
0.75
100
AcDbLine
 10
0.0
 20
-0.892969
 30
0.0
 11
0.0
 21
0.892969
 31
0.0
  0
LINE
  5
1089
330
1085
100
AcDbEntity
  8
Smart Centers
 62
     0
440
 16777216
 48
0.75
100
AcDbLine
 10
-8.65
 20
0.0
 30
0.0
 11
-2.678906
 21
0.0
 31
0.0
  0
LINE
  5
108A
330
1085
100
AcDbEntity
  8
Smart Centers
 62
     0
440
 16777216
 48
0.75
100
AcDbLine
 10
2.678906
 20
0.0
 30
0.0
 11
8.65
 21
0.0
 31
0.0
  0
LINE
  5
108B
330
1085
100
AcDbEntity
  8
Smart Centers
 62
     0
440
 16777216
 48
0.75
100
AcDbLine
 10
0.0
 20
-8.65
 30
0.0
 11
0.0
 21
-2.678906
 31
0.0
  0
LINE
  5
108C
330
1085
100
AcDbEntity
  8
Smart Centers
 62
     0
440
 16777216
 48
0.75
100
AcDbLine
 10
0.0
 20
2.678906
 30
0.0
 11
0.0
 21
8.65
 31
0.0
  0
ENDBLK
  5
108D
330
1085
100
AcDbEntity
  8
0
100
AcDbBlockEnd
  0
BLOCK
  5
1090
330
108F
100
AcDbEntity
  8
0
100
AcDbBlockBegin
  2
*U351
 70
     1
 10
0.0
 20
0.0
 30
0.0
  3
*U351
  1

  0
LINE
  5
1091
330
108F
100
AcDbEntity
  8
Smart Centers
  6
Continuous
 62
     0
440
 16777216
 48
0.75
100
AcDbLine
 10
-0.892969
 20
0.0
 30
0.0
 11
0.892969
 21
0.0
 31
0.0
  0
LINE
  5
1092
330
108F
100
AcDbEntity
  8
Smart Centers
  6
Continuous
 62
     0
440
 16777216
 48
0.75
100
AcDbLine
 10
0.0
 20
-0.892969
 30
0.0
 11
0.0
 21
0.892969
 31
0.0
  0
LINE
  5
1093
330
108F
100
AcDbEntity
  8
Smart Centers
 62
     0
440
 16777216
 48
0.75
100
AcDbLine
 10
-8.65
 20
0.0
 30
0.0
 11
-2.678906
 21
0.0
 31
0.0
  0
LINE
  5
1094
330
108F
100
AcDbEntity
  8
Smart Centers
 62
     0
440
 16777216
 48
0.75
100
AcDbLine
 10
2.678906
 20
0.0
 30
0.0
 11
8.65
 21
0.0
 31
0.0
  0
LINE
  5
1095
330
108F
100
AcDbEntity
  8
Smart Centers
 62
     0
440
 16777216
 48
0.75
100
AcDbLine
 10
0.0
 20
-8.65
 30
0.0
 11
0.0
 21
-2.678906
 31
0.0
  0
LINE
  5
1096
330
108F
100
AcDbEntity
  8
Smart Centers
 62
     0
440
 16777216
 48
0.75
100
AcDbLine
 10
0.0
 20
2.678906
 30
0.0
 11
0.0
 21
8.65
 31
0.0
  0
ENDBLK
  5
1097
330
108F
100
AcDbEntity
  8
0
100
AcDbBlockEnd
  0
BLOCK
  5
109A
330
1099
100
AcDbEntity
  8
0
100
AcDbBlockBegin
  2
*U352
 70
     1
 10
0.0
 20
0.0
 30
0.0
  3
*U352
  1

  0
LINE
  5
109B
330
1099
100
AcDbEntity
  8
Smart Centers
  6
Continuous
 62
     0
440
 16777216
 48
0.75
100
AcDbLine
 10
-0.892969
 20
0.0
 30
0.0
 11
0.892969
 21
0.0
 31
0.0
  0
LINE
  5
109C
330
1099
100
AcDbEntity
  8
Smart Centers
  6
Continuous
 62
     0
440
 16777216
 48
0.75
100
AcDbLine
 10
0.0
 20
-0.892969
 30
0.0
 11
0.0
 21
0.892969
 31
0.0
  0
LINE
  5
109D
330
1099
100
AcDbEntity
  8
Smart Centers
 62
     0
440
 16777216
 48
0.75
100
AcDbLine
 10
-8.65
 20
0.0
 30
0.0
 11
-2.678906
 21
0.0
 31
0.0
  0
LINE
  5
109E
330
1099
100
AcDbEntity
  8
Smart Centers
 62
     0
440
 16777216
 48
0.75
100
AcDbLine
 10
2.678906
 20
0.0
 30
0.0
 11
8.65
 21
0.0
 31
0.0
  0
LINE
  5
109F
330
1099
100
AcDbEntity
  8
Smart Centers
 62
     0
440
 16777216
 48
0.75
100
AcDbLine
 10
0.0
 20
-8.65
 30
0.0
 11
0.0
 21
-2.678906
 31
0.0
  0
LINE
  5
10A0
330
1099
100
AcDbEntity
  8
Smart Centers
 62
     0
440
 16777216
 48
0.75
100
AcDbLine
 10
0.0
 20
2.678906
 30
0.0
 11
0.0
 21
8.65
 31
0.0
  0
ENDBLK
  5
10A1
330
1099
100
AcDbEntity
  8
0
100
AcDbBlockEnd
  0
BLOCK
  5
10A4
330
10A3
100
AcDbEntity
  8
0
100
AcDbBlockBegin
  2
*U353
 70
     1
 10
0.0
 20
0.0
 30
0.0
  3
*U353
  1

  0
LINE
  5
10A5
330
10A3
100
AcDbEntity
  8
Smart Centers
  6
Continuous
 62
     0
440
 16777216
 48
0.75
100
AcDbLine
 10
-0.892969
 20
0.0
 30
0.0
 11
0.892969
 21
0.0
 31
0.0
  0
LINE
  5
10A6
330
10A3
100
AcDbEntity
  8
Smart Centers
  6
Continuous
 62
     0
440
 16777216
 48
0.75
100
AcDbLine
 10
0.0
 20
-0.892969
 30
0.0
 11
0.0
 21
0.892969
 31
0.0
  0
LINE
  5
10A7
330
10A3
100
AcDbEntity
  8
Smart Centers
 62
     0
440
 16777216
 48
0.75
100
AcDbLine
 10
-8.65
 20
0.0
 30
0.0
 11
-2.678906
 21
0.0
 31
0.0
  0
LINE
  5
10A8
330
10A3
100
AcDbEntity
  8
Smart Centers
 62
     0
440
 16777216
 48
0.75
100
AcDbLine
 10
2.678906
 20
0.0
 30
0.0
 11
8.65
 21
0.0
 31
0.0
  0
LINE
  5
10A9
330
10A3
100
AcDbEntity
  8
Smart Centers
 62
     0
440
 16777216
 48
0.75
100
AcDbLine
 10
0.0
 20
-8.65
 30
0.0
 11
0.0
 21
-2.678906
 31
0.0
  0
LINE
  5
10AA
330
10A3
100
AcDbEntity
  8
Smart Centers
 62
     0
440
 16777216
 48
0.75
100
AcDbLine
 10
0.0
 20
2.678906
 30
0.0
 11
0.0
 21
8.65
 31
0.0
  0
ENDBLK
  5
10AB
330
10A3
100
AcDbEntity
  8
0
100
AcDbBlockEnd
  0
BLOCK
  5
10AE
330
10AD
100
AcDbEntity
  8
0
100
AcDbBlockBegin
  2
*U354
 70
     1
 10
0.0
 20
0.0
 30
0.0
  3
*U354
  1

  0
LINE
  5
10AF
330
10AD
100
AcDbEntity
  8
Smart Centers
  6
Continuous
 62
     0
440
 16777216
 48
0.75
100
AcDbLine
 10
-0.892969
 20
0.0
 30
0.0
 11
0.892969
 21
0.0
 31
0.0
  0
LINE
  5
10B0
330
10AD
100
AcDbEntity
  8
Smart Centers
  6
Continuous
 62
     0
440
 16777216
 48
0.75
100
AcDbLine
 10
0.0
 20
-0.892969
 30
0.0
 11
0.0
 21
0.892969
 31
0.0
  0
LINE
  5
10B1
330
10AD
100
AcDbEntity
  8
Smart Centers
 62
     0
440
 16777216
 48
0.75
100
AcDbLine
 10
-8.65
 20
0.0
 30
0.0
 11
-2.678906
 21
0.0
 31
0.0
  0
LINE
  5
10B2
330
10AD
100
AcDbEntity
  8
Smart Centers
 62
     0
440
 16777216
 48
0.75
100
AcDbLine
 10
2.678906
 20
0.0
 30
0.0
 11
8.65
 21
0.0
 31
0.0
  0
LINE
  5
10B3
330
10AD
100
AcDbEntity
  8
Smart Centers
 62
     0
440
 16777216
 48
0.75
100
AcDbLine
 10
0.0
 20
-8.65
 30
0.0
 11
0.0
 21
-2.678906
 31
0.0
  0
LINE
  5
10B4
330
10AD
100
AcDbEntity
  8
Smart Centers
 62
     0
440
 16777216
 48
0.75
100
AcDbLine
 10
0.0
 20
2.678906
 30
0.0
 11
0.0
 21
8.65
 31
0.0
  0
ENDBLK
  5
10B5
330
10AD
100
AcDbEntity
  8
0
100
AcDbBlockEnd
  0
BLOCK
  5
10B8
330
10B7
100
AcDbEntity
  8
0
100
AcDbBlockBegin
  2
*U355
 70
     1
 10
0.0
 20
0.0
 30
0.0
  3
*U355
  1

  0
LINE
  5
10B9
330
10B7
100
AcDbEntity
  8
Smart Centers
  6
Continuous
 62
     0
440
 16777216
 48
0.75
100
AcDbLine
 10
-0.892969
 20
0.0
 30
0.0
 11
0.892969
 21
0.0
 31
0.0
  0
LINE
  5
10BA
330
10B7
100
AcDbEntity
  8
Smart Centers
  6
Continuous
 62
     0
440
 16777216
 48
0.75
100
AcDbLine
 10
0.0
 20
-0.892969
 30
0.0
 11
0.0
 21
0.892969
 31
0.0
  0
LINE
  5
10BB
330
10B7
100
AcDbEntity
  8
Smart Centers
 62
     0
440
 16777216
 48
0.75
100
AcDbLine
 10
-8.65
 20
0.0
 30
0.0
 11
-2.678906
 21
0.0
 31
0.0
  0
LINE
  5
10BC
330
10B7
100
AcDbEntity
  8
Smart Centers
 62
     0
440
 16777216
 48
0.75
100
AcDbLine
 10
2.678906
 20
0.0
 30
0.0
 11
8.65
 21
0.0
 31
0.0
  0
LINE
  5
10BD
330
10B7
100
AcDbEntity
  8
Smart Centers
 62
     0
440
 16777216
 48
0.75
100
AcDbLine
 10
0.0
 20
-8.65
 30
0.0
 11
0.0
 21
-2.678906
 31
0.0
  0
LINE
  5
10BE
330
10B7
100
AcDbEntity
  8
Smart Centers
 62
     0
440
 16777216
 48
0.75
100
AcDbLine
 10
0.0
 20
2.678906
 30
0.0
 11
0.0
 21
8.65
 31
0.0
  0
ENDBLK
  5
10BF
330
10B7
100
AcDbEntity
  8
0
100
AcDbBlockEnd
  0
BLOCK
  5
10C2
330
10C1
100
AcDbEntity
  8
0
100
AcDbBlockBegin
  2
*U356
 70
     1
 10
0.0
 20
0.0
 30
0.0
  3
*U356
  1

  0
LINE
  5
10C3
330
10C1
100
AcDbEntity
  8
Smart Centers
  6
Continuous
 62
     0
440
 16777216
 48
0.75
100
AcDbLine
 10
-0.892969
 20
0.0
 30
0.0
 11
0.892969
 21
0.0
 31
0.0
  0
LINE
  5
10C4
330
10C1
100
AcDbEntity
  8
Smart Centers
  6
Continuous
 62
     0
440
 16777216
 48
0.75
100
AcDbLine
 10
0.0
 20
-0.892969
 30
0.0
 11
0.0
 21
0.892969
 31
0.0
  0
LINE
  5
10C5
330
10C1
100
AcDbEntity
  8
Smart Centers
 62
     0
440
 16777216
 48
0.75
100
AcDbLine
 10
-8.65
 20
0.0
 30
0.0
 11
-2.678906
 21
0.0
 31
0.0
  0
LINE
  5
10C6
330
10C1
100
AcDbEntity
  8
Smart Centers
 62
     0
440
 16777216
 48
0.75
100
AcDbLine
 10
2.678906
 20
0.0
 30
0.0
 11
8.65
 21
0.0
 31
0.0
  0
LINE
  5
10C7
330
10C1
100
AcDbEntity
  8
Smart Centers
 62
     0
440
 16777216
 48
0.75
100
AcDbLine
 10
0.0
 20
-8.65
 30
0.0
 11
0.0
 21
-2.678906
 31
0.0
  0
LINE
  5
10C8
330
10C1
100
AcDbEntity
  8
Smart Centers
 62
     0
440
 16777216
 48
0.75
100
AcDbLine
 10
0.0
 20
2.678906
 30
0.0
 11
0.0
 21
8.65
 31
0.0
  0
ENDBLK
  5
10C9
330
10C1
100
AcDbEntity
  8
0
100
AcDbBlockEnd
  0
BLOCK
  5
10CC
330
10CB
100
AcDbEntity
  8
0
100
AcDbBlockBegin
  2
*U357
 70
     1
 10
0.0
 20
0.0
 30
0.0
  3
*U357
  1

  0
LINE
  5
10CD
330
10CB
100
AcDbEntity
  8
Smart Centers
  6
Continuous
 62
     0
440
 16777216
 48
0.75
100
AcDbLine
 10
-0.892969
 20
0.0
 30
0.0
 11
0.892969
 21
0.0
 31
0.0
  0
LINE
  5
10CE
330
10CB
100
AcDbEntity
  8
Smart Centers
  6
Continuous
 62
     0
440
 16777216
 48
0.75
100
AcDbLine
 10
0.0
 20
-0.892969
 30
0.0
 11
0.0
 21
0.892969
 31
0.0
  0
LINE
  5
10CF
330
10CB
100
AcDbEntity
  8
Smart Centers
 62
     0
440
 16777216
 48
0.75
100
AcDbLine
 10
-8.65
 20
0.0
 30
0.0
 11
-2.678906
 21
0.0
 31
0.0
  0
LINE
  5
10D0
330
10CB
100
AcDbEntity
  8
Smart Centers
 62
     0
440
 16777216
 48
0.75
100
AcDbLine
 10
2.678906
 20
0.0
 30
0.0
 11
8.65
 21
0.0
 31
0.0
  0
LINE
  5
10D1
330
10CB
100
AcDbEntity
  8
Smart Centers
 62
     0
440
 16777216
 48
0.75
100
AcDbLine
 10
0.0
 20
-8.65
 30
0.0
 11
0.0
 21
-2.678906
 31
0.0
  0
LINE
  5
10D2
330
10CB
100
AcDbEntity
  8
Smart Centers
 62
     0
440
 16777216
 48
0.75
100
AcDbLine
 10
0.0
 20
2.678906
 30
0.0
 11
0.0
 21
8.65
 31
0.0
  0
ENDBLK
  5
10D3
330
10CB
100
AcDbEntity
  8
0
100
AcDbBlockEnd
  0
BLOCK
  5
10D6
330
10D5
100
AcDbEntity
  8
0
100
AcDbBlockBegin
  2
*U358
 70
     1
 10
0.0
 20
0.0
 30
0.0
  3
*U358
  1

  0
LINE
  5
10D7
330
10D5
100
AcDbEntity
  8
Smart Centers
  6
Continuous
 62
     0
440
 16777216
 48
0.75
100
AcDbLine
 10
-0.892969
 20
0.0
 30
0.0
 11
0.892969
 21
0.0
 31
0.0
  0
LINE
  5
10D8
330
10D5
100
AcDbEntity
  8
Smart Centers
  6
Continuous
 62
     0
440
 16777216
 48
0.75
100
AcDbLine
 10
0.0
 20
-0.892969
 30
0.0
 11
0.0
 21
0.892969
 31
0.0
  0
LINE
  5
10D9
330
10D5
100
AcDbEntity
  8
Smart Centers
 62
     0
440
 16777216
 48
0.75
100
AcDbLine
 10
-8.65
 20
0.0
 30
0.0
 11
-2.678906
 21
0.0
 31
0.0
  0
LINE
  5
10DA
330
10D5
100
AcDbEntity
  8
Smart Centers
 62
     0
440
 16777216
 48
0.75
100
AcDbLine
 10
2.678906
 20
0.0
 30
0.0
 11
8.65
 21
0.0
 31
0.0
  0
LINE
  5
10DB
330
10D5
100
AcDbEntity
  8
Smart Centers
 62
     0
440
 16777216
 48
0.75
100
AcDbLine
 10
0.0
 20
-8.65
 30
0.0
 11
0.0
 21
-2.678906
 31
0.0
  0
LINE
  5
10DC
330
10D5
100
AcDbEntity
  8
Smart Centers
 62
     0
440
 16777216
 48
0.75
100
AcDbLine
 10
0.0
 20
2.678906
 30
0.0
 11
0.0
 21
8.65
 31
0.0
  0
ENDBLK
  5
10DD
330
10D5
100
AcDbEntity
  8
0
100
AcDbBlockEnd
  0
BLOCK
  5
10E0
330
10DF
100
AcDbEntity
  8
0
100
AcDbBlockBegin
  2
*U359
 70
     1
 10
0.0
 20
0.0
 30
0.0
  3
*U359
  1

  0
LINE
  5
10E1
330
10DF
100
AcDbEntity
  8
Smart Centers
  6
Continuous
 62
     0
440
 16777216
 48
0.75
100
AcDbLine
 10
-0.892969
 20
0.0
 30
0.0
 11
0.892969
 21
0.0
 31
0.0
  0
LINE
  5
10E2
330
10DF
100
AcDbEntity
  8
Smart Centers
  6
Continuous
 62
     0
440
 16777216
 48
0.75
100
AcDbLine
 10
0.0
 20
-0.892969
 30
0.0
 11
0.0
 21
0.892969
 31
0.0
  0
LINE
  5
10E3
330
10DF
100
AcDbEntity
  8
Smart Centers
 62
     0
440
 16777216
 48
0.75
100
AcDbLine
 10
-8.65
 20
0.0
 30
0.0
 11
-2.678906
 21
0.0
 31
0.0
  0
LINE
  5
10E4
330
10DF
100
AcDbEntity
  8
Smart Centers
 62
     0
440
 16777216
 48
0.75
100
AcDbLine
 10
2.678906
 20
0.0
 30
0.0
 11
8.65
 21
0.0
 31
0.0
  0
LINE
  5
10E5
330
10DF
100
AcDbEntity
  8
Smart Centers
 62
     0
440
 16777216
 48
0.75
100
AcDbLine
 10
0.0
 20
-8.65
 30
0.0
 11
0.0
 21
-2.678906
 31
0.0
  0
LINE
  5
10E6
330
10DF
100
AcDbEntity
  8
Smart Centers
 62
     0
440
 16777216
 48
0.75
100
AcDbLine
 10
0.0
 20
2.678906
 30
0.0
 11
0.0
 21
8.65
 31
0.0
  0
ENDBLK
  5
10E7
330
10DF
100
AcDbEntity
  8
0
100
AcDbBlockEnd
  0
BLOCK
  5
10EA
330
10E9
100
AcDbEntity
  8
0
100
AcDbBlockBegin
  2
*U360
 70
     1
 10
0.0
 20
0.0
 30
0.0
  3
*U360
  1

  0
LINE
  5
10EB
330
10E9
100
AcDbEntity
  8
Smart Centers
  6
Continuous
 62
     0
440
 16777216
 48
0.75
100
AcDbLine
 10
-0.892969
 20
0.0
 30
0.0
 11
0.892969
 21
0.0
 31
0.0
  0
LINE
  5
10EC
330
10E9
100
AcDbEntity
  8
Smart Centers
  6
Continuous
 62
     0
440
 16777216
 48
0.75
100
AcDbLine
 10
0.0
 20
-0.892969
 30
0.0
 11
0.0
 21
0.892969
 31
0.0
  0
LINE
  5
10ED
330
10E9
100
AcDbEntity
  8
Smart Centers
 62
     0
440
 16777216
 48
0.75
100
AcDbLine
 10
-8.65
 20
0.0
 30
0.0
 11
-2.678906
 21
0.0
 31
0.0
  0
LINE
  5
10EE
330
10E9
100
AcDbEntity
  8
Smart Centers
 62
     0
440
 16777216
 48
0.75
100
AcDbLine
 10
2.678906
 20
0.0
 30
0.0
 11
8.65
 21
0.0
 31
0.0
  0
LINE
  5
10EF
330
10E9
100
AcDbEntity
  8
Smart Centers
 62
     0
440
 16777216
 48
0.75
100
AcDbLine
 10
0.0
 20
-8.65
 30
0.0
 11
0.0
 21
-2.678906
 31
0.0
  0
LINE
  5
10F0
330
10E9
100
AcDbEntity
  8
Smart Centers
 62
     0
440
 16777216
 48
0.75
100
AcDbLine
 10
0.0
 20
2.678906
 30
0.0
 11
0.0
 21
8.65
 31
0.0
  0
ENDBLK
  5
10F1
330
10E9
100
AcDbEntity
  8
0
100
AcDbBlockEnd
  0
BLOCK
  5
10F4
330
10F3
100
AcDbEntity
  8
0
100
AcDbBlockBegin
  2
*U361
 70
     1
 10
0.0
 20
0.0
 30
0.0
  3
*U361
  1

  0
LINE
  5
10F5
330
10F3
100
AcDbEntity
  8
Smart Centers
  6
Continuous
 62
     0
440
 16777216
 48
0.75
100
AcDbLine
 10
-0.892969
 20
0.0
 30
0.0
 11
0.892969
 21
0.0
 31
0.0
  0
LINE
  5
10F6
330
10F3
100
AcDbEntity
  8
Smart Centers
  6
Continuous
 62
     0
440
 16777216
 48
0.75
100
AcDbLine
 10
0.0
 20
-0.892969
 30
0.0
 11
0.0
 21
0.892969
 31
0.0
  0
LINE
  5
10F7
330
10F3
100
AcDbEntity
  8
Smart Centers
 62
     0
440
 16777216
 48
0.75
100
AcDbLine
 10
-8.65
 20
0.0
 30
0.0
 11
-2.678906
 21
0.0
 31
0.0
  0
LINE
  5
10F8
330
10F3
100
AcDbEntity
  8
Smart Centers
 62
     0
440
 16777216
 48
0.75
100
AcDbLine
 10
2.678906
 20
0.0
 30
0.0
 11
8.65
 21
0.0
 31
0.0
  0
LINE
  5
10F9
330
10F3
100
AcDbEntity
  8
Smart Centers
 62
     0
440
 16777216
 48
0.75
100
AcDbLine
 10
0.0
 20
-8.65
 30
0.0
 11
0.0
 21
-2.678906
 31
0.0
  0
LINE
  5
10FA
330
10F3
100
AcDbEntity
  8
Smart Centers
 62
     0
440
 16777216
 48
0.75
100
AcDbLine
 10
0.0
 20
2.678906
 30
0.0
 11
0.0
 21
8.65
 31
0.0
  0
ENDBLK
  5
10FB
330
10F3
100
AcDbEntity
  8
0
100
AcDbBlockEnd
  0
BLOCK
  5
10FE
330
10FD
100
AcDbEntity
  8
0
100
AcDbBlockBegin
  2
*U362
 70
     1
 10
0.0
 20
0.0
 30
0.0
  3
*U362
  1

  0
LINE
  5
10FF
330
10FD
100
AcDbEntity
  8
Smart Centers
  6
Continuous
 62
     0
440
 16777216
 48
0.75
100
AcDbLine
 10
-0.892969
 20
0.0
 30
0.0
 11
0.892969
 21
0.0
 31
0.0
  0
LINE
  5
1100
330
10FD
100
AcDbEntity
  8
Smart Centers
  6
Continuous
 62
     0
440
 16777216
 48
0.75
100
AcDbLine
 10
0.0
 20
-0.892969
 30
0.0
 11
0.0
 21
0.892969
 31
0.0
  0
LINE
  5
1101
330
10FD
100
AcDbEntity
  8
Smart Centers
 62
     0
440
 16777216
 48
0.75
100
AcDbLine
 10
-8.65
 20
0.0
 30
0.0
 11
-2.678906
 21
0.0
 31
0.0
  0
LINE
  5
1102
330
10FD
100
AcDbEntity
  8
Smart Centers
 62
     0
440
 16777216
 48
0.75
100
AcDbLine
 10
2.678906
 20
0.0
 30
0.0
 11
8.65
 21
0.0
 31
0.0
  0
LINE
  5
1103
330
10FD
100
AcDbEntity
  8
Smart Centers
 62
     0
440
 16777216
 48
0.75
100
AcDbLine
 10
0.0
 20
-8.65
 30
0.0
 11
0.0
 21
-2.678906
 31
0.0
  0
LINE
  5
1104
330
10FD
100
AcDbEntity
  8
Smart Centers
 62
     0
440
 16777216
 48
0.75
100
AcDbLine
 10
0.0
 20
2.678906
 30
0.0
 11
0.0
 21
8.65
 31
0.0
  0
ENDBLK
  5
1105
330
10FD
100
AcDbEntity
  8
0
100
AcDbBlockEnd
  0
BLOCK
  5
1108
330
1107
100
AcDbEntity
  8
0
100
AcDbBlockBegin
  2
*U363
 70
     1
 10
0.0
 20
0.0
 30
0.0
  3
*U363
  1

  0
LINE
  5
1109
330
1107
100
AcDbEntity
  8
Smart Centers
  6
Continuous
 62
     0
440
 16777216
 48
0.75
100
AcDbLine
 10
-0.892969
 20
0.0
 30
0.0
 11
0.892969
 21
0.0
 31
0.0
  0
LINE
  5
110A
330
1107
100
AcDbEntity
  8
Smart Centers
  6
Continuous
 62
     0
440
 16777216
 48
0.75
100
AcDbLine
 10
0.0
 20
-0.892969
 30
0.0
 11
0.0
 21
0.892969
 31
0.0
  0
LINE
  5
110B
330
1107
100
AcDbEntity
  8
Smart Centers
 62
     0
440
 16777216
 48
0.75
100
AcDbLine
 10
-8.65
 20
0.0
 30
0.0
 11
-2.678906
 21
0.0
 31
0.0
  0
LINE
  5
110C
330
1107
100
AcDbEntity
  8
Smart Centers
 62
     0
440
 16777216
 48
0.75
100
AcDbLine
 10
2.678906
 20
0.0
 30
0.0
 11
8.65
 21
0.0
 31
0.0
  0
LINE
  5
110D
330
1107
100
AcDbEntity
  8
Smart Centers
 62
     0
440
 16777216
 48
0.75
100
AcDbLine
 10
0.0
 20
-8.65
 30
0.0
 11
0.0
 21
-2.678906
 31
0.0
  0
LINE
  5
110E
330
1107
100
AcDbEntity
  8
Smart Centers
 62
     0
440
 16777216
 48
0.75
100
AcDbLine
 10
0.0
 20
2.678906
 30
0.0
 11
0.0
 21
8.65
 31
0.0
  0
ENDBLK
  5
110F
330
1107
100
AcDbEntity
  8
0
100
AcDbBlockEnd
  0
BLOCK
  5
1112
330
1111
100
AcDbEntity
  8
0
100
AcDbBlockBegin
  2
*U364
 70
     1
 10
0.0
 20
0.0
 30
0.0
  3
*U364
  1

  0
LINE
  5
1113
330
1111
100
AcDbEntity
  8
Smart Centers
  6
Continuous
 62
     0
440
 16777216
 48
0.75
100
AcDbLine
 10
-0.892969
 20
0.0
 30
0.0
 11
0.892969
 21
0.0
 31
0.0
  0
LINE
  5
1114
330
1111
100
AcDbEntity
  8
Smart Centers
  6
Continuous
 62
     0
440
 16777216
 48
0.75
100
AcDbLine
 10
0.0
 20
-0.892969
 30
0.0
 11
0.0
 21
0.892969
 31
0.0
  0
LINE
  5
1115
330
1111
100
AcDbEntity
  8
Smart Centers
 62
     0
440
 16777216
 48
0.75
100
AcDbLine
 10
-8.65
 20
0.0
 30
0.0
 11
-2.678906
 21
0.0
 31
0.0
  0
LINE
  5
1116
330
1111
100
AcDbEntity
  8
Smart Centers
 62
     0
440
 16777216
 48
0.75
100
AcDbLine
 10
2.678906
 20
0.0
 30
0.0
 11
8.65
 21
0.0
 31
0.0
  0
LINE
  5
1117
330
1111
100
AcDbEntity
  8
Smart Centers
 62
     0
440
 16777216
 48
0.75
100
AcDbLine
 10
0.0
 20
-8.65
 30
0.0
 11
0.0
 21
-2.678906
 31
0.0
  0
LINE
  5
1118
330
1111
100
AcDbEntity
  8
Smart Centers
 62
     0
440
 16777216
 48
0.75
100
AcDbLine
 10
0.0
 20
2.678906
 30
0.0
 11
0.0
 21
8.65
 31
0.0
  0
ENDBLK
  5
1119
330
1111
100
AcDbEntity
  8
0
100
AcDbBlockEnd
  0
BLOCK
  5
111C
330
111B
100
AcDbEntity
  8
0
100
AcDbBlockBegin
  2
*U365
 70
     1
 10
0.0
 20
0.0
 30
0.0
  3
*U365
  1

  0
LINE
  5
111D
330
111B
100
AcDbEntity
  8
Smart Centers
  6
Continuous
 62
     0
440
 16777216
 48
0.75
100
AcDbLine
 10
-0.892969
 20
0.0
 30
0.0
 11
0.892969
 21
0.0
 31
0.0
  0
LINE
  5
111E
330
111B
100
AcDbEntity
  8
Smart Centers
  6
Continuous
 62
     0
440
 16777216
 48
0.75
100
AcDbLine
 10
0.0
 20
-0.892969
 30
0.0
 11
0.0
 21
0.892969
 31
0.0
  0
LINE
  5
111F
330
111B
100
AcDbEntity
  8
Smart Centers
 62
     0
440
 16777216
 48
0.75
100
AcDbLine
 10
-8.65
 20
0.0
 30
0.0
 11
-2.678906
 21
0.0
 31
0.0
  0
LINE
  5
1120
330
111B
100
AcDbEntity
  8
Smart Centers
 62
     0
440
 16777216
 48
0.75
100
AcDbLine
 10
2.678906
 20
0.0
 30
0.0
 11
8.65
 21
0.0
 31
0.0
  0
LINE
  5
1121
330
111B
100
AcDbEntity
  8
Smart Centers
 62
     0
440
 16777216
 48
0.75
100
AcDbLine
 10
0.0
 20
-8.65
 30
0.0
 11
0.0
 21
-2.678906
 31
0.0
  0
LINE
  5
1122
330
111B
100
AcDbEntity
  8
Smart Centers
 62
     0
440
 16777216
 48
0.75
100
AcDbLine
 10
0.0
 20
2.678906
 30
0.0
 11
0.0
 21
8.65
 31
0.0
  0
ENDBLK
  5
1123
330
111B
100
AcDbEntity
  8
0
100
AcDbBlockEnd
  0
BLOCK
  5
1126
330
1125
100
AcDbEntity
  8
0
100
AcDbBlockBegin
  2
*U366
 70
     1
 10
0.0
 20
0.0
 30
0.0
  3
*U366
  1

  0
LINE
  5
1127
330
1125
100
AcDbEntity
  8
Smart Centers
  6
Continuous
 62
     0
440
 16777216
 48
0.75
100
AcDbLine
 10
-0.892969
 20
0.0
 30
0.0
 11
0.892969
 21
0.0
 31
0.0
  0
LINE
  5
1128
330
1125
100
AcDbEntity
  8
Smart Centers
  6
Continuous
 62
     0
440
 16777216
 48
0.75
100
AcDbLine
 10
0.0
 20
-0.892969
 30
0.0
 11
0.0
 21
0.892969
 31
0.0
  0
LINE
  5
1129
330
1125
100
AcDbEntity
  8
Smart Centers
 62
     0
440
 16777216
 48
0.75
100
AcDbLine
 10
-8.65
 20
0.0
 30
0.0
 11
-2.678906
 21
0.0
 31
0.0
  0
LINE
  5
112A
330
1125
100
AcDbEntity
  8
Smart Centers
 62
     0
440
 16777216
 48
0.75
100
AcDbLine
 10
2.678906
 20
0.0
 30
0.0
 11
8.65
 21
0.0
 31
0.0
  0
LINE
  5
112B
330
1125
100
AcDbEntity
  8
Smart Centers
 62
     0
440
 16777216
 48
0.75
100
AcDbLine
 10
0.0
 20
-8.65
 30
0.0
 11
0.0
 21
-2.678906
 31
0.0
  0
LINE
  5
112C
330
1125
100
AcDbEntity
  8
Smart Centers
 62
     0
440
 16777216
 48
0.75
100
AcDbLine
 10
0.0
 20
2.678906
 30
0.0
 11
0.0
 21
8.65
 31
0.0
  0
ENDBLK
  5
112D
330
1125
100
AcDbEntity
  8
0
100
AcDbBlockEnd
  0
BLOCK
  5
1130
330
112F
100
AcDbEntity
  8
0
100
AcDbBlockBegin
  2
*U367
 70
     1
 10
0.0
 20
0.0
 30
0.0
  3
*U367
  1

  0
LINE
  5
1131
330
112F
100
AcDbEntity
  8
Smart Centers
  6
Continuous
 62
     0
440
 16777216
 48
0.75
100
AcDbLine
 10
-0.892969
 20
0.0
 30
0.0
 11
0.892969
 21
0.0
 31
0.0
  0
LINE
  5
1132
330
112F
100
AcDbEntity
  8
Smart Centers
  6
Continuous
 62
     0
440
 16777216
 48
0.75
100
AcDbLine
 10
0.0
 20
-0.892969
 30
0.0
 11
0.0
 21
0.892969
 31
0.0
  0
LINE
  5
1133
330
112F
100
AcDbEntity
  8
Smart Centers
 62
     0
440
 16777216
 48
0.75
100
AcDbLine
 10
-8.65
 20
0.0
 30
0.0
 11
-2.678906
 21
0.0
 31
0.0
  0
LINE
  5
1134
330
112F
100
AcDbEntity
  8
Smart Centers
 62
     0
440
 16777216
 48
0.75
100
AcDbLine
 10
2.678906
 20
0.0
 30
0.0
 11
8.65
 21
0.0
 31
0.0
  0
LINE
  5
1135
330
112F
100
AcDbEntity
  8
Smart Centers
 62
     0
440
 16777216
 48
0.75
100
AcDbLine
 10
0.0
 20
-8.65
 30
0.0
 11
0.0
 21
-2.678906
 31
0.0
  0
LINE
  5
1136
330
112F
100
AcDbEntity
  8
Smart Centers
 62
     0
440
 16777216
 48
0.75
100
AcDbLine
 10
0.0
 20
2.678906
 30
0.0
 11
0.0
 21
8.65
 31
0.0
  0
ENDBLK
  5
1137
330
112F
100
AcDbEntity
  8
0
100
AcDbBlockEnd
  0
BLOCK
  5
113A
330
1139
100
AcDbEntity
  8
0
100
AcDbBlockBegin
  2
*U368
 70
     1
 10
0.0
 20
0.0
 30
0.0
  3
*U368
  1

  0
LINE
  5
113B
330
1139
100
AcDbEntity
  8
Smart Centers
  6
Continuous
 62
     0
440
 16777216
 48
0.75
100
AcDbLine
 10
-0.892969
 20
0.0
 30
0.0
 11
0.892969
 21
0.0
 31
0.0
  0
LINE
  5
113C
330
1139
100
AcDbEntity
  8
Smart Centers
  6
Continuous
 62
     0
440
 16777216
 48
0.75
100
AcDbLine
 10
0.0
 20
-0.892969
 30
0.0
 11
0.0
 21
0.892969
 31
0.0
  0
LINE
  5
113D
330
1139
100
AcDbEntity
  8
Smart Centers
 62
     0
440
 16777216
 48
0.75
100
AcDbLine
 10
-8.65
 20
0.0
 30
0.0
 11
-2.678906
 21
0.0
 31
0.0
  0
LINE
  5
113E
330
1139
100
AcDbEntity
  8
Smart Centers
 62
     0
440
 16777216
 48
0.75
100
AcDbLine
 10
2.678906
 20
0.0
 30
0.0
 11
8.65
 21
0.0
 31
0.0
  0
LINE
  5
113F
330
1139
100
AcDbEntity
  8
Smart Centers
 62
     0
440
 16777216
 48
0.75
100
AcDbLine
 10
0.0
 20
-8.65
 30
0.0
 11
0.0
 21
-2.678906
 31
0.0
  0
LINE
  5
1140
330
1139
100
AcDbEntity
  8
Smart Centers
 62
     0
440
 16777216
 48
0.75
100
AcDbLine
 10
0.0
 20
2.678906
 30
0.0
 11
0.0
 21
8.65
 31
0.0
  0
ENDBLK
  5
1141
330
1139
100
AcDbEntity
  8
0
100
AcDbBlockEnd
  0
BLOCK
  5
1144
330
1143
100
AcDbEntity
  8
0
100
AcDbBlockBegin
  2
*U369
 70
     1
 10
0.0
 20
0.0
 30
0.0
  3
*U369
  1

  0
LINE
  5
1145
330
1143
100
AcDbEntity
  8
Smart Centers
  6
Continuous
 62
     0
440
 16777216
 48
0.75
100
AcDbLine
 10
-0.892969
 20
0.0
 30
0.0
 11
0.892969
 21
0.0
 31
0.0
  0
LINE
  5
1146
330
1143
100
AcDbEntity
  8
Smart Centers
  6
Continuous
 62
     0
440
 16777216
 48
0.75
100
AcDbLine
 10
0.0
 20
-0.892969
 30
0.0
 11
0.0
 21
0.892969
 31
0.0
  0
LINE
  5
1147
330
1143
100
AcDbEntity
  8
Smart Centers
 62
     0
440
 16777216
 48
0.75
100
AcDbLine
 10
-8.65
 20
0.0
 30
0.0
 11
-2.678906
 21
0.0
 31
0.0
  0
LINE
  5
1148
330
1143
100
AcDbEntity
  8
Smart Centers
 62
     0
440
 16777216
 48
0.75
100
AcDbLine
 10
2.678906
 20
0.0
 30
0.0
 11
8.65
 21
0.0
 31
0.0
  0
LINE
  5
1149
330
1143
100
AcDbEntity
  8
Smart Centers
 62
     0
440
 16777216
 48
0.75
100
AcDbLine
 10
0.0
 20
-8.65
 30
0.0
 11
0.0
 21
-2.678906
 31
0.0
  0
LINE
  5
114A
330
1143
100
AcDbEntity
  8
Smart Centers
 62
     0
440
 16777216
 48
0.75
100
AcDbLine
 10
0.0
 20
2.678906
 30
0.0
 11
0.0
 21
8.65
 31
0.0
  0
ENDBLK
  5
114B
330
1143
100
AcDbEntity
  8
0
100
AcDbBlockEnd
  0
BLOCK
  5
114E
330
114D
100
AcDbEntity
  8
0
100
AcDbBlockBegin
  2
*U370
 70
     1
 10
0.0
 20
0.0
 30
0.0
  3
*U370
  1

  0
LINE
  5
114F
330
114D
100
AcDbEntity
  8
Smart Centers
  6
Continuous
 62
     0
440
 16777216
 48
0.75
100
AcDbLine
 10
-0.892969
 20
0.0
 30
0.0
 11
0.892969
 21
0.0
 31
0.0
  0
LINE
  5
1150
330
114D
100
AcDbEntity
  8
Smart Centers
  6
Continuous
 62
     0
440
 16777216
 48
0.75
100
AcDbLine
 10
0.0
 20
-0.892969
 30
0.0
 11
0.0
 21
0.892969
 31
0.0
  0
LINE
  5
1151
330
114D
100
AcDbEntity
  8
Smart Centers
 62
     0
440
 16777216
 48
0.75
100
AcDbLine
 10
-8.65
 20
0.0
 30
0.0
 11
-2.678906
 21
0.0
 31
0.0
  0
LINE
  5
1152
330
114D
100
AcDbEntity
  8
Smart Centers
 62
     0
440
 16777216
 48
0.75
100
AcDbLine
 10
2.678906
 20
0.0
 30
0.0
 11
8.65
 21
0.0
 31
0.0
  0
LINE
  5
1153
330
114D
100
AcDbEntity
  8
Smart Centers
 62
     0
440
 16777216
 48
0.75
100
AcDbLine
 10
0.0
 20
-8.65
 30
0.0
 11
0.0
 21
-2.678906
 31
0.0
  0
LINE
  5
1154
330
114D
100
AcDbEntity
  8
Smart Centers
 62
     0
440
 16777216
 48
0.75
100
AcDbLine
 10
0.0
 20
2.678906
 30
0.0
 11
0.0
 21
8.65
 31
0.0
  0
ENDBLK
  5
1155
330
114D
100
AcDbEntity
  8
0
100
AcDbBlockEnd
  0
BLOCK
  5
1158
330
1157
100
AcDbEntity
  8
0
100
AcDbBlockBegin
  2
*U371
 70
     1
 10
0.0
 20
0.0
 30
0.0
  3
*U371
  1

  0
LINE
  5
1159
330
1157
100
AcDbEntity
  8
Smart Centers
  6
Continuous
 62
     0
440
 16777216
 48
0.75
100
AcDbLine
 10
-0.892969
 20
0.0
 30
0.0
 11
0.892969
 21
0.0
 31
0.0
  0
LINE
  5
115A
330
1157
100
AcDbEntity
  8
Smart Centers
  6
Continuous
 62
     0
440
 16777216
 48
0.75
100
AcDbLine
 10
0.0
 20
-0.892969
 30
0.0
 11
0.0
 21
0.892969
 31
0.0
  0
LINE
  5
115B
330
1157
100
AcDbEntity
  8
Smart Centers
 62
     0
440
 16777216
 48
0.75
100
AcDbLine
 10
-8.65
 20
0.0
 30
0.0
 11
-2.678906
 21
0.0
 31
0.0
  0
LINE
  5
115C
330
1157
100
AcDbEntity
  8
Smart Centers
 62
     0
440
 16777216
 48
0.75
100
AcDbLine
 10
2.678906
 20
0.0
 30
0.0
 11
8.65
 21
0.0
 31
0.0
  0
LINE
  5
115D
330
1157
100
AcDbEntity
  8
Smart Centers
 62
     0
440
 16777216
 48
0.75
100
AcDbLine
 10
0.0
 20
-8.65
 30
0.0
 11
0.0
 21
-2.678906
 31
0.0
  0
LINE
  5
115E
330
1157
100
AcDbEntity
  8
Smart Centers
 62
     0
440
 16777216
 48
0.75
100
AcDbLine
 10
0.0
 20
2.678906
 30
0.0
 11
0.0
 21
8.65
 31
0.0
  0
ENDBLK
  5
115F
330
1157
100
AcDbEntity
  8
0
100
AcDbBlockEnd
  0
BLOCK
  5
1162
330
1161
100
AcDbEntity
  8
0
100
AcDbBlockBegin
  2
*U372
 70
     1
 10
0.0
 20
0.0
 30
0.0
  3
*U372
  1

  0
LINE
  5
1163
330
1161
100
AcDbEntity
  8
Smart Centers
  6
Continuous
 62
     0
440
 16777216
 48
0.75
100
AcDbLine
 10
-0.892969
 20
0.0
 30
0.0
 11
0.892969
 21
0.0
 31
0.0
  0
LINE
  5
1164
330
1161
100
AcDbEntity
  8
Smart Centers
  6
Continuous
 62
     0
440
 16777216
 48
0.75
100
AcDbLine
 10
0.0
 20
-0.892969
 30
0.0
 11
0.0
 21
0.892969
 31
0.0
  0
LINE
  5
1165
330
1161
100
AcDbEntity
  8
Smart Centers
 62
     0
440
 16777216
 48
0.75
100
AcDbLine
 10
-8.65
 20
0.0
 30
0.0
 11
-2.678906
 21
0.0
 31
0.0
  0
LINE
  5
1166
330
1161
100
AcDbEntity
  8
Smart Centers
 62
     0
440
 16777216
 48
0.75
100
AcDbLine
 10
2.678906
 20
0.0
 30
0.0
 11
8.65
 21
0.0
 31
0.0
  0
LINE
  5
1167
330
1161
100
AcDbEntity
  8
Smart Centers
 62
     0
440
 16777216
 48
0.75
100
AcDbLine
 10
0.0
 20
-8.65
 30
0.0
 11
0.0
 21
-2.678906
 31
0.0
  0
LINE
  5
1168
330
1161
100
AcDbEntity
  8
Smart Centers
 62
     0
440
 16777216
 48
0.75
100
AcDbLine
 10
0.0
 20
2.678906
 30
0.0
 11
0.0
 21
8.65
 31
0.0
  0
ENDBLK
  5
1169
330
1161
100
AcDbEntity
  8
0
100
AcDbBlockEnd
  0
BLOCK
  5
116C
330
116B
100
AcDbEntity
  8
0
100
AcDbBlockBegin
  2
*U373
 70
     1
 10
0.0
 20
0.0
 30
0.0
  3
*U373
  1

  0
LINE
  5
116D
330
116B
100
AcDbEntity
  8
Smart Centers
  6
Continuous
 62
     0
440
 16777216
 48
0.75
100
AcDbLine
 10
-0.892969
 20
0.0
 30
0.0
 11
0.892969
 21
0.0
 31
0.0
  0
LINE
  5
116E
330
116B
100
AcDbEntity
  8
Smart Centers
  6
Continuous
 62
     0
440
 16777216
 48
0.75
100
AcDbLine
 10
0.0
 20
-0.892969
 30
0.0
 11
0.0
 21
0.892969
 31
0.0
  0
LINE
  5
116F
330
116B
100
AcDbEntity
  8
Smart Centers
 62
     0
440
 16777216
 48
0.75
100
AcDbLine
 10
-8.65
 20
0.0
 30
0.0
 11
-2.678906
 21
0.0
 31
0.0
  0
LINE
  5
1170
330
116B
100
AcDbEntity
  8
Smart Centers
 62
     0
440
 16777216
 48
0.75
100
AcDbLine
 10
2.678906
 20
0.0
 30
0.0
 11
8.65
 21
0.0
 31
0.0
  0
LINE
  5
1171
330
116B
100
AcDbEntity
  8
Smart Centers
 62
     0
440
 16777216
 48
0.75
100
AcDbLine
 10
0.0
 20
-8.65
 30
0.0
 11
0.0
 21
-2.678906
 31
0.0
  0
LINE
  5
1172
330
116B
100
AcDbEntity
  8
Smart Centers
 62
     0
440
 16777216
 48
0.75
100
AcDbLine
 10
0.0
 20
2.678906
 30
0.0
 11
0.0
 21
8.65
 31
0.0
  0
ENDBLK
  5
1173
330
116B
100
AcDbEntity
  8
0
100
AcDbBlockEnd
  0
BLOCK
  5
1176
330
1175
100
AcDbEntity
  8
0
100
AcDbBlockBegin
  2
*U374
 70
     1
 10
0.0
 20
0.0
 30
0.0
  3
*U374
  1

  0
LINE
  5
1177
330
1175
100
AcDbEntity
  8
Smart Centers
  6
Continuous
 62
     0
440
 16777216
 48
0.75
100
AcDbLine
 10
-0.892969
 20
0.0
 30
0.0
 11
0.892969
 21
0.0
 31
0.0
  0
LINE
  5
1178
330
1175
100
AcDbEntity
  8
Smart Centers
  6
Continuous
 62
     0
440
 16777216
 48
0.75
100
AcDbLine
 10
0.0
 20
-0.892969
 30
0.0
 11
0.0
 21
0.892969
 31
0.0
  0
LINE
  5
1179
330
1175
100
AcDbEntity
  8
Smart Centers
 62
     0
440
 16777216
 48
0.75
100
AcDbLine
 10
-8.65
 20
0.0
 30
0.0
 11
-2.678906
 21
0.0
 31
0.0
  0
LINE
  5
117A
330
1175
100
AcDbEntity
  8
Smart Centers
 62
     0
440
 16777216
 48
0.75
100
AcDbLine
 10
2.678906
 20
0.0
 30
0.0
 11
8.65
 21
0.0
 31
0.0
  0
LINE
  5
117B
330
1175
100
AcDbEntity
  8
Smart Centers
 62
     0
440
 16777216
 48
0.75
100
AcDbLine
 10
0.0
 20
-8.65
 30
0.0
 11
0.0
 21
-2.678906
 31
0.0
  0
LINE
  5
117C
330
1175
100
AcDbEntity
  8
Smart Centers
 62
     0
440
 16777216
 48
0.75
100
AcDbLine
 10
0.0
 20
2.678906
 30
0.0
 11
0.0
 21
8.65
 31
0.0
  0
ENDBLK
  5
117D
330
1175
100
AcDbEntity
  8
0
100
AcDbBlockEnd
  0
BLOCK
  5
1180
330
117F
100
AcDbEntity
  8
0
100
AcDbBlockBegin
  2
*U375
 70
     1
 10
0.0
 20
0.0
 30
0.0
  3
*U375
  1

  0
LINE
  5
1181
330
117F
100
AcDbEntity
  8
Smart Centers
  6
Continuous
 62
     0
440
 16777216
 48
0.75
100
AcDbLine
 10
-0.892969
 20
0.0
 30
0.0
 11
0.892969
 21
0.0
 31
0.0
  0
LINE
  5
1182
330
117F
100
AcDbEntity
  8
Smart Centers
  6
Continuous
 62
     0
440
 16777216
 48
0.75
100
AcDbLine
 10
0.0
 20
-0.892969
 30
0.0
 11
0.0
 21
0.892969
 31
0.0
  0
LINE
  5
1183
330
117F
100
AcDbEntity
  8
Smart Centers
 62
     0
440
 16777216
 48
0.75
100
AcDbLine
 10
-8.65
 20
0.0
 30
0.0
 11
-2.678906
 21
0.0
 31
0.0
  0
LINE
  5
1184
330
117F
100
AcDbEntity
  8
Smart Centers
 62
     0
440
 16777216
 48
0.75
100
AcDbLine
 10
2.678906
 20
0.0
 30
0.0
 11
8.65
 21
0.0
 31
0.0
  0
LINE
  5
1185
330
117F
100
AcDbEntity
  8
Smart Centers
 62
     0
440
 16777216
 48
0.75
100
AcDbLine
 10
0.0
 20
-8.65
 30
0.0
 11
0.0
 21
-2.678906
 31
0.0
  0
LINE
  5
1186
330
117F
100
AcDbEntity
  8
Smart Centers
 62
     0
440
 16777216
 48
0.75
100
AcDbLine
 10
0.0
 20
2.678906
 30
0.0
 11
0.0
 21
8.65
 31
0.0
  0
ENDBLK
  5
1187
330
117F
100
AcDbEntity
  8
0
100
AcDbBlockEnd
  0
BLOCK
  5
118A
330
1189
100
AcDbEntity
  8
0
100
AcDbBlockBegin
  2
*U376
 70
     1
 10
0.0
 20
0.0
 30
0.0
  3
*U376
  1

  0
LINE
  5
118B
330
1189
100
AcDbEntity
  8
Smart Centers
  6
Continuous
 62
     0
440
 16777216
 48
0.75
100
AcDbLine
 10
-0.892969
 20
0.0
 30
0.0
 11
0.892969
 21
0.0
 31
0.0
  0
LINE
  5
118C
330
1189
100
AcDbEntity
  8
Smart Centers
  6
Continuous
 62
     0
440
 16777216
 48
0.75
100
AcDbLine
 10
0.0
 20
-0.892969
 30
0.0
 11
0.0
 21
0.892969
 31
0.0
  0
LINE
  5
118D
330
1189
100
AcDbEntity
  8
Smart Centers
 62
     0
440
 16777216
 48
0.75
100
AcDbLine
 10
-8.65
 20
0.0
 30
0.0
 11
-2.678906
 21
0.0
 31
0.0
  0
LINE
  5
118E
330
1189
100
AcDbEntity
  8
Smart Centers
 62
     0
440
 16777216
 48
0.75
100
AcDbLine
 10
2.678906
 20
0.0
 30
0.0
 11
8.65
 21
0.0
 31
0.0
  0
LINE
  5
118F
330
1189
100
AcDbEntity
  8
Smart Centers
 62
     0
440
 16777216
 48
0.75
100
AcDbLine
 10
0.0
 20
-8.65
 30
0.0
 11
0.0
 21
-2.678906
 31
0.0
  0
LINE
  5
1190
330
1189
100
AcDbEntity
  8
Smart Centers
 62
     0
440
 16777216
 48
0.75
100
AcDbLine
 10
0.0
 20
2.678906
 30
0.0
 11
0.0
 21
8.65
 31
0.0
  0
ENDBLK
  5
1191
330
1189
100
AcDbEntity
  8
0
100
AcDbBlockEnd
  0
BLOCK
  5
1194
330
1193
100
AcDbEntity
  8
0
100
AcDbBlockBegin
  2
*U377
 70
     1
 10
0.0
 20
0.0
 30
0.0
  3
*U377
  1

  0
LINE
  5
1195
330
1193
100
AcDbEntity
  8
Smart Centers
  6
Continuous
 62
     0
440
 16777216
 48
0.75
100
AcDbLine
 10
-0.892969
 20
0.0
 30
0.0
 11
0.892969
 21
0.0
 31
0.0
  0
LINE
  5
1196
330
1193
100
AcDbEntity
  8
Smart Centers
  6
Continuous
 62
     0
440
 16777216
 48
0.75
100
AcDbLine
 10
0.0
 20
-0.892969
 30
0.0
 11
0.0
 21
0.892969
 31
0.0
  0
LINE
  5
1197
330
1193
100
AcDbEntity
  8
Smart Centers
 62
     0
440
 16777216
 48
0.75
100
AcDbLine
 10
-8.65
 20
0.0
 30
0.0
 11
-2.678906
 21
0.0
 31
0.0
  0
LINE
  5
1198
330
1193
100
AcDbEntity
  8
Smart Centers
 62
     0
440
 16777216
 48
0.75
100
AcDbLine
 10
2.678906
 20
0.0
 30
0.0
 11
8.65
 21
0.0
 31
0.0
  0
LINE
  5
1199
330
1193
100
AcDbEntity
  8
Smart Centers
 62
     0
440
 16777216
 48
0.75
100
AcDbLine
 10
0.0
 20
-8.65
 30
0.0
 11
0.0
 21
-2.678906
 31
0.0
  0
LINE
  5
119A
330
1193
100
AcDbEntity
  8
Smart Centers
 62
     0
440
 16777216
 48
0.75
100
AcDbLine
 10
0.0
 20
2.678906
 30
0.0
 11
0.0
 21
8.65
 31
0.0
  0
ENDBLK
  5
119B
330
1193
100
AcDbEntity
  8
0
100
AcDbBlockEnd
  0
BLOCK
  5
119E
330
119D
100
AcDbEntity
  8
0
100
AcDbBlockBegin
  2
*U378
 70
     1
 10
0.0
 20
0.0
 30
0.0
  3
*U378
  1

  0
LINE
  5
119F
330
119D
100
AcDbEntity
  8
Smart Centers
  6
Continuous
 62
     0
440
 16777216
 48
0.75
100
AcDbLine
 10
-0.892969
 20
0.0
 30
0.0
 11
0.892969
 21
0.0
 31
0.0
  0
LINE
  5
11A0
330
119D
100
AcDbEntity
  8
Smart Centers
  6
Continuous
 62
     0
440
 16777216
 48
0.75
100
AcDbLine
 10
0.0
 20
-0.892969
 30
0.0
 11
0.0
 21
0.892969
 31
0.0
  0
LINE
  5
11A1
330
119D
100
AcDbEntity
  8
Smart Centers
 62
     0
440
 16777216
 48
0.75
100
AcDbLine
 10
-8.65
 20
0.0
 30
0.0
 11
-2.678906
 21
0.0
 31
0.0
  0
LINE
  5
11A2
330
119D
100
AcDbEntity
  8
Smart Centers
 62
     0
440
 16777216
 48
0.75
100
AcDbLine
 10
2.678906
 20
0.0
 30
0.0
 11
8.65
 21
0.0
 31
0.0
  0
LINE
  5
11A3
330
119D
100
AcDbEntity
  8
Smart Centers
 62
     0
440
 16777216
 48
0.75
100
AcDbLine
 10
0.0
 20
-8.65
 30
0.0
 11
0.0
 21
-2.678906
 31
0.0
  0
LINE
  5
11A4
330
119D
100
AcDbEntity
  8
Smart Centers
 62
     0
440
 16777216
 48
0.75
100
AcDbLine
 10
0.0
 20
2.678906
 30
0.0
 11
0.0
 21
8.65
 31
0.0
  0
ENDBLK
  5
11A5
330
119D
100
AcDbEntity
  8
0
100
AcDbBlockEnd
  0
BLOCK
  5
11A8
330
11A7
100
AcDbEntity
  8
0
100
AcDbBlockBegin
  2
*U379
 70
     1
 10
0.0
 20
0.0
 30
0.0
  3
*U379
  1

  0
LINE
  5
11A9
330
11A7
100
AcDbEntity
  8
Smart Centers
  6
Continuous
 62
     0
440
 16777216
 48
0.75
100
AcDbLine
 10
-0.892969
 20
0.0
 30
0.0
 11
0.892969
 21
0.0
 31
0.0
  0
LINE
  5
11AA
330
11A7
100
AcDbEntity
  8
Smart Centers
  6
Continuous
 62
     0
440
 16777216
 48
0.75
100
AcDbLine
 10
0.0
 20
-0.892969
 30
0.0
 11
0.0
 21
0.892969
 31
0.0
  0
LINE
  5
11AB
330
11A7
100
AcDbEntity
  8
Smart Centers
 62
     0
440
 16777216
 48
0.75
100
AcDbLine
 10
-8.65
 20
0.0
 30
0.0
 11
-2.678906
 21
0.0
 31
0.0
  0
LINE
  5
11AC
330
11A7
100
AcDbEntity
  8
Smart Centers
 62
     0
440
 16777216
 48
0.75
100
AcDbLine
 10
2.678906
 20
0.0
 30
0.0
 11
8.65
 21
0.0
 31
0.0
  0
LINE
  5
11AD
330
11A7
100
AcDbEntity
  8
Smart Centers
 62
     0
440
 16777216
 48
0.75
100
AcDbLine
 10
0.0
 20
-8.65
 30
0.0
 11
0.0
 21
-2.678906
 31
0.0
  0
LINE
  5
11AE
330
11A7
100
AcDbEntity
  8
Smart Centers
 62
     0
440
 16777216
 48
0.75
100
AcDbLine
 10
0.0
 20
2.678906
 30
0.0
 11
0.0
 21
8.65
 31
0.0
  0
ENDBLK
  5
11AF
330
11A7
100
AcDbEntity
  8
0
100
AcDbBlockEnd
  0
BLOCK
  5
11B2
330
11B1
100
AcDbEntity
  8
0
100
AcDbBlockBegin
  2
*U380
 70
     1
 10
0.0
 20
0.0
 30
0.0
  3
*U380
  1

  0
LINE
  5
11B3
330
11B1
100
AcDbEntity
  8
Smart Centers
  6
Continuous
 62
     0
440
 16777216
 48
0.75
100
AcDbLine
 10
-0.892969
 20
0.0
 30
0.0
 11
0.892969
 21
0.0
 31
0.0
  0
LINE
  5
11B4
330
11B1
100
AcDbEntity
  8
Smart Centers
  6
Continuous
 62
     0
440
 16777216
 48
0.75
100
AcDbLine
 10
0.0
 20
-0.892969
 30
0.0
 11
0.0
 21
0.892969
 31
0.0
  0
LINE
  5
11B5
330
11B1
100
AcDbEntity
  8
Smart Centers
 62
     0
440
 16777216
 48
0.75
100
AcDbLine
 10
-8.65
 20
0.0
 30
0.0
 11
-2.678906
 21
0.0
 31
0.0
  0
LINE
  5
11B6
330
11B1
100
AcDbEntity
  8
Smart Centers
 62
     0
440
 16777216
 48
0.75
100
AcDbLine
 10
2.678906
 20
0.0
 30
0.0
 11
8.65
 21
0.0
 31
0.0
  0
LINE
  5
11B7
330
11B1
100
AcDbEntity
  8
Smart Centers
 62
     0
440
 16777216
 48
0.75
100
AcDbLine
 10
0.0
 20
-8.65
 30
0.0
 11
0.0
 21
-2.678906
 31
0.0
  0
LINE
  5
11B8
330
11B1
100
AcDbEntity
  8
Smart Centers
 62
     0
440
 16777216
 48
0.75
100
AcDbLine
 10
0.0
 20
2.678906
 30
0.0
 11
0.0
 21
8.65
 31
0.0
  0
ENDBLK
  5
11B9
330
11B1
100
AcDbEntity
  8
0
100
AcDbBlockEnd
  0
BLOCK
  5
11BC
330
11BB
100
AcDbEntity
  8
0
100
AcDbBlockBegin
  2
*U381
 70
     1
 10
0.0
 20
0.0
 30
0.0
  3
*U381
  1

  0
LINE
  5
11BD
330
11BB
100
AcDbEntity
  8
Smart Centers
  6
Continuous
 62
     0
440
 16777216
 48
0.75
100
AcDbLine
 10
-0.892969
 20
0.0
 30
0.0
 11
0.892969
 21
0.0
 31
0.0
  0
LINE
  5
11BE
330
11BB
100
AcDbEntity
  8
Smart Centers
  6
Continuous
 62
     0
440
 16777216
 48
0.75
100
AcDbLine
 10
0.0
 20
-0.892969
 30
0.0
 11
0.0
 21
0.892969
 31
0.0
  0
LINE
  5
11BF
330
11BB
100
AcDbEntity
  8
Smart Centers
 62
     0
440
 16777216
 48
0.75
100
AcDbLine
 10
-8.65
 20
0.0
 30
0.0
 11
-2.678906
 21
0.0
 31
0.0
  0
LINE
  5
11C0
330
11BB
100
AcDbEntity
  8
Smart Centers
 62
     0
440
 16777216
 48
0.75
100
AcDbLine
 10
2.678906
 20
0.0
 30
0.0
 11
8.65
 21
0.0
 31
0.0
  0
LINE
  5
11C1
330
11BB
100
AcDbEntity
  8
Smart Centers
 62
     0
440
 16777216
 48
0.75
100
AcDbLine
 10
0.0
 20
-8.65
 30
0.0
 11
0.0
 21
-2.678906
 31
0.0
  0
LINE
  5
11C2
330
11BB
100
AcDbEntity
  8
Smart Centers
 62
     0
440
 16777216
 48
0.75
100
AcDbLine
 10
0.0
 20
2.678906
 30
0.0
 11
0.0
 21
8.65
 31
0.0
  0
ENDBLK
  5
11C3
330
11BB
100
AcDbEntity
  8
0
100
AcDbBlockEnd
  0
BLOCK
  5
11C6
330
11C5
100
AcDbEntity
  8
0
100
AcDbBlockBegin
  2
*U382
 70
     1
 10
0.0
 20
0.0
 30
0.0
  3
*U382
  1

  0
LINE
  5
11C7
330
11C5
100
AcDbEntity
  8
Smart Centers
  6
Continuous
 62
     0
440
 16777216
 48
0.75
100
AcDbLine
 10
-0.892969
 20
0.0
 30
0.0
 11
0.892969
 21
0.0
 31
0.0
  0
LINE
  5
11C8
330
11C5
100
AcDbEntity
  8
Smart Centers
  6
Continuous
 62
     0
440
 16777216
 48
0.75
100
AcDbLine
 10
0.0
 20
-0.892969
 30
0.0
 11
0.0
 21
0.892969
 31
0.0
  0
LINE
  5
11C9
330
11C5
100
AcDbEntity
  8
Smart Centers
 62
     0
440
 16777216
 48
0.75
100
AcDbLine
 10
-8.65
 20
0.0
 30
0.0
 11
-2.678906
 21
0.0
 31
0.0
  0
LINE
  5
11CA
330
11C5
100
AcDbEntity
  8
Smart Centers
 62
     0
440
 16777216
 48
0.75
100
AcDbLine
 10
2.678906
 20
0.0
 30
0.0
 11
8.65
 21
0.0
 31
0.0
  0
LINE
  5
11CB
330
11C5
100
AcDbEntity
  8
Smart Centers
 62
     0
440
 16777216
 48
0.75
100
AcDbLine
 10
0.0
 20
-8.65
 30
0.0
 11
0.0
 21
-2.678906
 31
0.0
  0
LINE
  5
11CC
330
11C5
100
AcDbEntity
  8
Smart Centers
 62
     0
440
 16777216
 48
0.75
100
AcDbLine
 10
0.0
 20
2.678906
 30
0.0
 11
0.0
 21
8.65
 31
0.0
  0
ENDBLK
  5
11CD
330
11C5
100
AcDbEntity
  8
0
100
AcDbBlockEnd
  0
BLOCK
  5
11D0
330
11CF
100
AcDbEntity
  8
0
100
AcDbBlockBegin
  2
*U383
 70
     1
 10
0.0
 20
0.0
 30
0.0
  3
*U383
  1

  0
LINE
  5
11D1
330
11CF
100
AcDbEntity
  8
Smart Centers
  6
Continuous
 62
     0
440
 16777216
 48
0.75
100
AcDbLine
 10
-0.892969
 20
0.0
 30
0.0
 11
0.892969
 21
0.0
 31
0.0
  0
LINE
  5
11D2
330
11CF
100
AcDbEntity
  8
Smart Centers
  6
Continuous
 62
     0
440
 16777216
 48
0.75
100
AcDbLine
 10
0.0
 20
-0.892969
 30
0.0
 11
0.0
 21
0.892969
 31
0.0
  0
LINE
  5
11D3
330
11CF
100
AcDbEntity
  8
Smart Centers
 62
     0
440
 16777216
 48
0.75
100
AcDbLine
 10
-8.65
 20
0.0
 30
0.0
 11
-2.678906
 21
0.0
 31
0.0
  0
LINE
  5
11D4
330
11CF
100
AcDbEntity
  8
Smart Centers
 62
     0
440
 16777216
 48
0.75
100
AcDbLine
 10
2.678906
 20
0.0
 30
0.0
 11
8.65
 21
0.0
 31
0.0
  0
LINE
  5
11D5
330
11CF
100
AcDbEntity
  8
Smart Centers
 62
     0
440
 16777216
 48
0.75
100
AcDbLine
 10
0.0
 20
-8.65
 30
0.0
 11
0.0
 21
-2.678906
 31
0.0
  0
LINE
  5
11D6
330
11CF
100
AcDbEntity
  8
Smart Centers
 62
     0
440
 16777216
 48
0.75
100
AcDbLine
 10
0.0
 20
2.678906
 30
0.0
 11
0.0
 21
8.65
 31
0.0
  0
ENDBLK
  5
11D7
330
11CF
100
AcDbEntity
  8
0
100
AcDbBlockEnd
  0
BLOCK
  5
11DA
330
11D9
100
AcDbEntity
  8
0
100
AcDbBlockBegin
  2
*U384
 70
     1
 10
0.0
 20
0.0
 30
0.0
  3
*U384
  1

  0
LINE
  5
11DB
330
11D9
100
AcDbEntity
  8
Smart Centers
  6
Continuous
 62
     0
440
 16777216
 48
0.75
100
AcDbLine
 10
-0.892969
 20
0.0
 30
0.0
 11
0.892969
 21
0.0
 31
0.0
  0
LINE
  5
11DC
330
11D9
100
AcDbEntity
  8
Smart Centers
  6
Continuous
 62
     0
440
 16777216
 48
0.75
100
AcDbLine
 10
0.0
 20
-0.892969
 30
0.0
 11
0.0
 21
0.892969
 31
0.0
  0
LINE
  5
11DD
330
11D9
100
AcDbEntity
  8
Smart Centers
 62
     0
440
 16777216
 48
0.75
100
AcDbLine
 10
-8.65
 20
0.0
 30
0.0
 11
-2.678906
 21
0.0
 31
0.0
  0
LINE
  5
11DE
330
11D9
100
AcDbEntity
  8
Smart Centers
 62
     0
440
 16777216
 48
0.75
100
AcDbLine
 10
2.678906
 20
0.0
 30
0.0
 11
8.65
 21
0.0
 31
0.0
  0
LINE
  5
11DF
330
11D9
100
AcDbEntity
  8
Smart Centers
 62
     0
440
 16777216
 48
0.75
100
AcDbLine
 10
0.0
 20
-8.65
 30
0.0
 11
0.0
 21
-2.678906
 31
0.0
  0
LINE
  5
11E0
330
11D9
100
AcDbEntity
  8
Smart Centers
 62
     0
440
 16777216
 48
0.75
100
AcDbLine
 10
0.0
 20
2.678906
 30
0.0
 11
0.0
 21
8.65
 31
0.0
  0
ENDBLK
  5
11E1
330
11D9
100
AcDbEntity
  8
0
100
AcDbBlockEnd
  0
BLOCK
  5
11E4
330
11E3
100
AcDbEntity
  8
0
100
AcDbBlockBegin
  2
*U385
 70
     1
 10
0.0
 20
0.0
 30
0.0
  3
*U385
  1

  0
LINE
  5
11E5
330
11E3
100
AcDbEntity
  8
Smart Centers
  6
Continuous
 62
     0
440
 16777216
 48
0.75
100
AcDbLine
 10
-0.892969
 20
0.0
 30
0.0
 11
0.892969
 21
0.0
 31
0.0
  0
LINE
  5
11E6
330
11E3
100
AcDbEntity
  8
Smart Centers
  6
Continuous
 62
     0
440
 16777216
 48
0.75
100
AcDbLine
 10
0.0
 20
-0.892969
 30
0.0
 11
0.0
 21
0.892969
 31
0.0
  0
LINE
  5
11E7
330
11E3
100
AcDbEntity
  8
Smart Centers
 62
     0
440
 16777216
 48
0.75
100
AcDbLine
 10
-8.65
 20
0.0
 30
0.0
 11
-2.678906
 21
0.0
 31
0.0
  0
LINE
  5
11E8
330
11E3
100
AcDbEntity
  8
Smart Centers
 62
     0
440
 16777216
 48
0.75
100
AcDbLine
 10
2.678906
 20
0.0
 30
0.0
 11
8.65
 21
0.0
 31
0.0
  0
LINE
  5
11E9
330
11E3
100
AcDbEntity
  8
Smart Centers
 62
     0
440
 16777216
 48
0.75
100
AcDbLine
 10
0.0
 20
-8.65
 30
0.0
 11
0.0
 21
-2.678906
 31
0.0
  0
LINE
  5
11EA
330
11E3
100
AcDbEntity
  8
Smart Centers
 62
     0
440
 16777216
 48
0.75
100
AcDbLine
 10
0.0
 20
2.678906
 30
0.0
 11
0.0
 21
8.65
 31
0.0
  0
ENDBLK
  5
11EB
330
11E3
100
AcDbEntity
  8
0
100
AcDbBlockEnd
  0
BLOCK
  5
11EE
330
11ED
100
AcDbEntity
  8
0
100
AcDbBlockBegin
  2
*U386
 70
     1
 10
0.0
 20
0.0
 30
0.0
  3
*U386
  1

  0
LINE
  5
11EF
330
11ED
100
AcDbEntity
  8
Smart Centers
  6
Continuous
 62
     0
440
 16777216
 48
0.75
100
AcDbLine
 10
-0.892969
 20
0.0
 30
0.0
 11
0.892969
 21
0.0
 31
0.0
  0
LINE
  5
11F0
330
11ED
100
AcDbEntity
  8
Smart Centers
  6
Continuous
 62
     0
440
 16777216
 48
0.75
100
AcDbLine
 10
0.0
 20
-0.892969
 30
0.0
 11
0.0
 21
0.892969
 31
0.0
  0
LINE
  5
11F1
330
11ED
100
AcDbEntity
  8
Smart Centers
 62
     0
440
 16777216
 48
0.75
100
AcDbLine
 10
-8.65
 20
0.0
 30
0.0
 11
-2.678906
 21
0.0
 31
0.0
  0
LINE
  5
11F2
330
11ED
100
AcDbEntity
  8
Smart Centers
 62
     0
440
 16777216
 48
0.75
100
AcDbLine
 10
2.678906
 20
0.0
 30
0.0
 11
8.65
 21
0.0
 31
0.0
  0
LINE
  5
11F3
330
11ED
100
AcDbEntity
  8
Smart Centers
 62
     0
440
 16777216
 48
0.75
100
AcDbLine
 10
0.0
 20
-8.65
 30
0.0
 11
0.0
 21
-2.678906
 31
0.0
  0
LINE
  5
11F4
330
11ED
100
AcDbEntity
  8
Smart Centers
 62
     0
440
 16777216
 48
0.75
100
AcDbLine
 10
0.0
 20
2.678906
 30
0.0
 11
0.0
 21
8.65
 31
0.0
  0
ENDBLK
  5
11F5
330
11ED
100
AcDbEntity
  8
0
100
AcDbBlockEnd
  0
BLOCK
  5
11F8
330
11F7
100
AcDbEntity
  8
0
100
AcDbBlockBegin
  2
*U387
 70
     1
 10
0.0
 20
0.0
 30
0.0
  3
*U387
  1

  0
LINE
  5
11F9
330
11F7
100
AcDbEntity
  8
Smart Centers
  6
Continuous
 62
     0
440
 16777216
 48
0.75
100
AcDbLine
 10
-0.892969
 20
0.0
 30
0.0
 11
0.892969
 21
0.0
 31
0.0
  0
LINE
  5
11FA
330
11F7
100
AcDbEntity
  8
Smart Centers
  6
Continuous
 62
     0
440
 16777216
 48
0.75
100
AcDbLine
 10
0.0
 20
-0.892969
 30
0.0
 11
0.0
 21
0.892969
 31
0.0
  0
LINE
  5
11FB
330
11F7
100
AcDbEntity
  8
Smart Centers
 62
     0
440
 16777216
 48
0.75
100
AcDbLine
 10
-8.65
 20
0.0
 30
0.0
 11
-2.678906
 21
0.0
 31
0.0
  0
LINE
  5
11FC
330
11F7
100
AcDbEntity
  8
Smart Centers
 62
     0
440
 16777216
 48
0.75
100
AcDbLine
 10
2.678906
 20
0.0
 30
0.0
 11
8.65
 21
0.0
 31
0.0
  0
LINE
  5
11FD
330
11F7
100
AcDbEntity
  8
Smart Centers
 62
     0
440
 16777216
 48
0.75
100
AcDbLine
 10
0.0
 20
-8.65
 30
0.0
 11
0.0
 21
-2.678906
 31
0.0
  0
LINE
  5
11FE
330
11F7
100
AcDbEntity
  8
Smart Centers
 62
     0
440
 16777216
 48
0.75
100
AcDbLine
 10
0.0
 20
2.678906
 30
0.0
 11
0.0
 21
8.65
 31
0.0
  0
ENDBLK
  5
11FF
330
11F7
100
AcDbEntity
  8
0
100
AcDbBlockEnd
  0
BLOCK
  5
1202
330
1201
100
AcDbEntity
  8
0
100
AcDbBlockBegin
  2
*U388
 70
     1
 10
0.0
 20
0.0
 30
0.0
  3
*U388
  1

  0
LINE
  5
1203
330
1201
100
AcDbEntity
  8
Smart Centers
  6
Continuous
 62
     0
440
 16777216
 48
0.75
100
AcDbLine
 10
-0.892969
 20
0.0
 30
0.0
 11
0.892969
 21
0.0
 31
0.0
  0
LINE
  5
1204
330
1201
100
AcDbEntity
  8
Smart Centers
  6
Continuous
 62
     0
440
 16777216
 48
0.75
100
AcDbLine
 10
0.0
 20
-0.892969
 30
0.0
 11
0.0
 21
0.892969
 31
0.0
  0
LINE
  5
1205
330
1201
100
AcDbEntity
  8
Smart Centers
 62
     0
440
 16777216
 48
0.75
100
AcDbLine
 10
-8.65
 20
0.0
 30
0.0
 11
-2.678906
 21
0.0
 31
0.0
  0
LINE
  5
1206
330
1201
100
AcDbEntity
  8
Smart Centers
 62
     0
440
 16777216
 48
0.75
100
AcDbLine
 10
2.678906
 20
0.0
 30
0.0
 11
8.65
 21
0.0
 31
0.0
  0
LINE
  5
1207
330
1201
100
AcDbEntity
  8
Smart Centers
 62
     0
440
 16777216
 48
0.75
100
AcDbLine
 10
0.0
 20
-8.65
 30
0.0
 11
0.0
 21
-2.678906
 31
0.0
  0
LINE
  5
1208
330
1201
100
AcDbEntity
  8
Smart Centers
 62
     0
440
 16777216
 48
0.75
100
AcDbLine
 10
0.0
 20
2.678906
 30
0.0
 11
0.0
 21
8.65
 31
0.0
  0
ENDBLK
  5
1209
330
1201
100
AcDbEntity
  8
0
100
AcDbBlockEnd
  0
BLOCK
  5
120C
330
120B
100
AcDbEntity
  8
0
100
AcDbBlockBegin
  2
*U389
 70
     1
 10
0.0
 20
0.0
 30
0.0
  3
*U389
  1

  0
LINE
  5
120D
330
120B
100
AcDbEntity
  8
Smart Centers
  6
Continuous
 62
     0
440
 16777216
 48
0.75
100
AcDbLine
 10
-0.892969
 20
0.0
 30
0.0
 11
0.892969
 21
0.0
 31
0.0
  0
LINE
  5
120E
330
120B
100
AcDbEntity
  8
Smart Centers
  6
Continuous
 62
     0
440
 16777216
 48
0.75
100
AcDbLine
 10
0.0
 20
-0.892969
 30
0.0
 11
0.0
 21
0.892969
 31
0.0
  0
LINE
  5
120F
330
120B
100
AcDbEntity
  8
Smart Centers
 62
     0
440
 16777216
 48
0.75
100
AcDbLine
 10
-8.65
 20
0.0
 30
0.0
 11
-2.678906
 21
0.0
 31
0.0
  0
LINE
  5
1210
330
120B
100
AcDbEntity
  8
Smart Centers
 62
     0
440
 16777216
 48
0.75
100
AcDbLine
 10
2.678906
 20
0.0
 30
0.0
 11
8.65
 21
0.0
 31
0.0
  0
LINE
  5
1211
330
120B
100
AcDbEntity
  8
Smart Centers
 62
     0
440
 16777216
 48
0.75
100
AcDbLine
 10
0.0
 20
-8.65
 30
0.0
 11
0.0
 21
-2.678906
 31
0.0
  0
LINE
  5
1212
330
120B
100
AcDbEntity
  8
Smart Centers
 62
     0
440
 16777216
 48
0.75
100
AcDbLine
 10
0.0
 20
2.678906
 30
0.0
 11
0.0
 21
8.65
 31
0.0
  0
ENDBLK
  5
1213
330
120B
100
AcDbEntity
  8
0
100
AcDbBlockEnd
  0
BLOCK
  5
1216
330
1215
100
AcDbEntity
  8
0
100
AcDbBlockBegin
  2
*U390
 70
     1
 10
0.0
 20
0.0
 30
0.0
  3
*U390
  1

  0
LINE
  5
1217
330
1215
100
AcDbEntity
  8
Smart Centers
  6
Continuous
 62
     0
440
 16777216
 48
0.75
100
AcDbLine
 10
-0.892969
 20
0.0
 30
0.0
 11
0.892969
 21
0.0
 31
0.0
  0
LINE
  5
1218
330
1215
100
AcDbEntity
  8
Smart Centers
  6
Continuous
 62
     0
440
 16777216
 48
0.75
100
AcDbLine
 10
0.0
 20
-0.892969
 30
0.0
 11
0.0
 21
0.892969
 31
0.0
  0
LINE
  5
1219
330
1215
100
AcDbEntity
  8
Smart Centers
 62
     0
440
 16777216
 48
0.75
100
AcDbLine
 10
-8.65
 20
0.0
 30
0.0
 11
-2.678906
 21
0.0
 31
0.0
  0
LINE
  5
121A
330
1215
100
AcDbEntity
  8
Smart Centers
 62
     0
440
 16777216
 48
0.75
100
AcDbLine
 10
2.678906
 20
0.0
 30
0.0
 11
8.65
 21
0.0
 31
0.0
  0
LINE
  5
121B
330
1215
100
AcDbEntity
  8
Smart Centers
 62
     0
440
 16777216
 48
0.75
100
AcDbLine
 10
0.0
 20
-8.65
 30
0.0
 11
0.0
 21
-2.678906
 31
0.0
  0
LINE
  5
121C
330
1215
100
AcDbEntity
  8
Smart Centers
 62
     0
440
 16777216
 48
0.75
100
AcDbLine
 10
0.0
 20
2.678906
 30
0.0
 11
0.0
 21
8.65
 31
0.0
  0
ENDBLK
  5
121D
330
1215
100
AcDbEntity
  8
0
100
AcDbBlockEnd
  0
BLOCK
  5
1220
330
121F
100
AcDbEntity
  8
0
100
AcDbBlockBegin
  2
*U391
 70
     1
 10
0.0
 20
0.0
 30
0.0
  3
*U391
  1

  0
LINE
  5
1221
330
121F
100
AcDbEntity
  8
Smart Centers
  6
Continuous
 62
     0
440
 16777216
 48
0.75
100
AcDbLine
 10
-0.892969
 20
0.0
 30
0.0
 11
0.892969
 21
0.0
 31
0.0
  0
LINE
  5
1222
330
121F
100
AcDbEntity
  8
Smart Centers
  6
Continuous
 62
     0
440
 16777216
 48
0.75
100
AcDbLine
 10
0.0
 20
-0.892969
 30
0.0
 11
0.0
 21
0.892969
 31
0.0
  0
LINE
  5
1223
330
121F
100
AcDbEntity
  8
Smart Centers
 62
     0
440
 16777216
 48
0.75
100
AcDbLine
 10
-8.65
 20
0.0
 30
0.0
 11
-2.678906
 21
0.0
 31
0.0
  0
LINE
  5
1224
330
121F
100
AcDbEntity
  8
Smart Centers
 62
     0
440
 16777216
 48
0.75
100
AcDbLine
 10
2.678906
 20
0.0
 30
0.0
 11
8.65
 21
0.0
 31
0.0
  0
LINE
  5
1225
330
121F
100
AcDbEntity
  8
Smart Centers
 62
     0
440
 16777216
 48
0.75
100
AcDbLine
 10
0.0
 20
-8.65
 30
0.0
 11
0.0
 21
-2.678906
 31
0.0
  0
LINE
  5
1226
330
121F
100
AcDbEntity
  8
Smart Centers
 62
     0
440
 16777216
 48
0.75
100
AcDbLine
 10
0.0
 20
2.678906
 30
0.0
 11
0.0
 21
8.65
 31
0.0
  0
ENDBLK
  5
1227
330
121F
100
AcDbEntity
  8
0
100
AcDbBlockEnd
  0
BLOCK
  5
122A
330
1229
100
AcDbEntity
  8
0
100
AcDbBlockBegin
  2
*U392
 70
     1
 10
0.0
 20
0.0
 30
0.0
  3
*U392
  1

  0
LINE
  5
122B
330
1229
100
AcDbEntity
  8
Smart Centers
  6
Continuous
 62
     0
440
 16777216
 48
0.75
100
AcDbLine
 10
-0.892969
 20
0.0
 30
0.0
 11
0.892969
 21
0.0
 31
0.0
  0
LINE
  5
122C
330
1229
100
AcDbEntity
  8
Smart Centers
  6
Continuous
 62
     0
440
 16777216
 48
0.75
100
AcDbLine
 10
0.0
 20
-0.892969
 30
0.0
 11
0.0
 21
0.892969
 31
0.0
  0
LINE
  5
122D
330
1229
100
AcDbEntity
  8
Smart Centers
 62
     0
440
 16777216
 48
0.75
100
AcDbLine
 10
-8.65
 20
0.0
 30
0.0
 11
-2.678906
 21
0.0
 31
0.0
  0
LINE
  5
122E
330
1229
100
AcDbEntity
  8
Smart Centers
 62
     0
440
 16777216
 48
0.75
100
AcDbLine
 10
2.678906
 20
0.0
 30
0.0
 11
8.65
 21
0.0
 31
0.0
  0
LINE
  5
122F
330
1229
100
AcDbEntity
  8
Smart Centers
 62
     0
440
 16777216
 48
0.75
100
AcDbLine
 10
0.0
 20
-8.65
 30
0.0
 11
0.0
 21
-2.678906
 31
0.0
  0
LINE
  5
1230
330
1229
100
AcDbEntity
  8
Smart Centers
 62
     0
440
 16777216
 48
0.75
100
AcDbLine
 10
0.0
 20
2.678906
 30
0.0
 11
0.0
 21
8.65
 31
0.0
  0
ENDBLK
  5
1231
330
1229
100
AcDbEntity
  8
0
100
AcDbBlockEnd
  0
BLOCK
  5
1234
330
1233
100
AcDbEntity
  8
0
100
AcDbBlockBegin
  2
*U393
 70
     1
 10
0.0
 20
0.0
 30
0.0
  3
*U393
  1

  0
LINE
  5
1235
330
1233
100
AcDbEntity
  8
Smart Centers
  6
Continuous
 62
     0
440
 16777216
 48
0.75
100
AcDbLine
 10
-0.892969
 20
0.0
 30
0.0
 11
0.892969
 21
0.0
 31
0.0
  0
LINE
  5
1236
330
1233
100
AcDbEntity
  8
Smart Centers
  6
Continuous
 62
     0
440
 16777216
 48
0.75
100
AcDbLine
 10
0.0
 20
-0.892969
 30
0.0
 11
0.0
 21
0.892969
 31
0.0
  0
LINE
  5
1237
330
1233
100
AcDbEntity
  8
Smart Centers
 62
     0
440
 16777216
 48
0.75
100
AcDbLine
 10
-8.65
 20
0.0
 30
0.0
 11
-2.678906
 21
0.0
 31
0.0
  0
LINE
  5
1238
330
1233
100
AcDbEntity
  8
Smart Centers
 62
     0
440
 16777216
 48
0.75
100
AcDbLine
 10
2.678906
 20
0.0
 30
0.0
 11
8.65
 21
0.0
 31
0.0
  0
LINE
  5
1239
330
1233
100
AcDbEntity
  8
Smart Centers
 62
     0
440
 16777216
 48
0.75
100
AcDbLine
 10
0.0
 20
-8.65
 30
0.0
 11
0.0
 21
-2.678906
 31
0.0
  0
LINE
  5
123A
330
1233
100
AcDbEntity
  8
Smart Centers
 62
     0
440
 16777216
 48
0.75
100
AcDbLine
 10
0.0
 20
2.678906
 30
0.0
 11
0.0
 21
8.65
 31
0.0
  0
ENDBLK
  5
123B
330
1233
100
AcDbEntity
  8
0
100
AcDbBlockEnd
  0
BLOCK
  5
123E
330
123D
100
AcDbEntity
  8
0
100
AcDbBlockBegin
  2
*U394
 70
     1
 10
0.0
 20
0.0
 30
0.0
  3
*U394
  1

  0
LINE
  5
123F
330
123D
100
AcDbEntity
  8
Smart Centers
  6
Continuous
 62
     0
440
 16777216
 48
0.75
100
AcDbLine
 10
-0.892969
 20
0.0
 30
0.0
 11
0.892969
 21
0.0
 31
0.0
  0
LINE
  5
1240
330
123D
100
AcDbEntity
  8
Smart Centers
  6
Continuous
 62
     0
440
 16777216
 48
0.75
100
AcDbLine
 10
0.0
 20
-0.892969
 30
0.0
 11
0.0
 21
0.892969
 31
0.0
  0
LINE
  5
1241
330
123D
100
AcDbEntity
  8
Smart Centers
 62
     0
440
 16777216
 48
0.75
100
AcDbLine
 10
-8.65
 20
0.0
 30
0.0
 11
-2.678906
 21
0.0
 31
0.0
  0
LINE
  5
1242
330
123D
100
AcDbEntity
  8
Smart Centers
 62
     0
440
 16777216
 48
0.75
100
AcDbLine
 10
2.678906
 20
0.0
 30
0.0
 11
8.65
 21
0.0
 31
0.0
  0
LINE
  5
1243
330
123D
100
AcDbEntity
  8
Smart Centers
 62
     0
440
 16777216
 48
0.75
100
AcDbLine
 10
0.0
 20
-8.65
 30
0.0
 11
0.0
 21
-2.678906
 31
0.0
  0
LINE
  5
1244
330
123D
100
AcDbEntity
  8
Smart Centers
 62
     0
440
 16777216
 48
0.75
100
AcDbLine
 10
0.0
 20
2.678906
 30
0.0
 11
0.0
 21
8.65
 31
0.0
  0
ENDBLK
  5
1245
330
123D
100
AcDbEntity
  8
0
100
AcDbBlockEnd
  0
BLOCK
  5
1248
330
1247
100
AcDbEntity
  8
0
100
AcDbBlockBegin
  2
*U395
 70
     1
 10
0.0
 20
0.0
 30
0.0
  3
*U395
  1

  0
LINE
  5
1249
330
1247
100
AcDbEntity
  8
Smart Centers
  6
Continuous
 62
     0
440
 16777216
 48
0.75
100
AcDbLine
 10
-0.892969
 20
0.0
 30
0.0
 11
0.892969
 21
0.0
 31
0.0
  0
LINE
  5
124A
330
1247
100
AcDbEntity
  8
Smart Centers
  6
Continuous
 62
     0
440
 16777216
 48
0.75
100
AcDbLine
 10
0.0
 20
-0.892969
 30
0.0
 11
0.0
 21
0.892969
 31
0.0
  0
LINE
  5
124B
330
1247
100
AcDbEntity
  8
Smart Centers
 62
     0
440
 16777216
 48
0.75
100
AcDbLine
 10
-8.65
 20
0.0
 30
0.0
 11
-2.678906
 21
0.0
 31
0.0
  0
LINE
  5
124C
330
1247
100
AcDbEntity
  8
Smart Centers
 62
     0
440
 16777216
 48
0.75
100
AcDbLine
 10
2.678906
 20
0.0
 30
0.0
 11
8.65
 21
0.0
 31
0.0
  0
LINE
  5
124D
330
1247
100
AcDbEntity
  8
Smart Centers
 62
     0
440
 16777216
 48
0.75
100
AcDbLine
 10
0.0
 20
-8.65
 30
0.0
 11
0.0
 21
-2.678906
 31
0.0
  0
LINE
  5
124E
330
1247
100
AcDbEntity
  8
Smart Centers
 62
     0
440
 16777216
 48
0.75
100
AcDbLine
 10
0.0
 20
2.678906
 30
0.0
 11
0.0
 21
8.65
 31
0.0
  0
ENDBLK
  5
124F
330
1247
100
AcDbEntity
  8
0
100
AcDbBlockEnd
  0
BLOCK
  5
1252
330
1251
100
AcDbEntity
  8
0
100
AcDbBlockBegin
  2
*U396
 70
     1
 10
0.0
 20
0.0
 30
0.0
  3
*U396
  1

  0
LINE
  5
1253
330
1251
100
AcDbEntity
  8
Smart Centers
  6
Continuous
 62
     0
440
 16777216
 48
0.75
100
AcDbLine
 10
-0.892969
 20
0.0
 30
0.0
 11
0.892969
 21
0.0
 31
0.0
  0
LINE
  5
1254
330
1251
100
AcDbEntity
  8
Smart Centers
  6
Continuous
 62
     0
440
 16777216
 48
0.75
100
AcDbLine
 10
0.0
 20
-0.892969
 30
0.0
 11
0.0
 21
0.892969
 31
0.0
  0
LINE
  5
1255
330
1251
100
AcDbEntity
  8
Smart Centers
 62
     0
440
 16777216
 48
0.75
100
AcDbLine
 10
-8.65
 20
0.0
 30
0.0
 11
-2.678906
 21
0.0
 31
0.0
  0
LINE
  5
1256
330
1251
100
AcDbEntity
  8
Smart Centers
 62
     0
440
 16777216
 48
0.75
100
AcDbLine
 10
2.678906
 20
0.0
 30
0.0
 11
8.65
 21
0.0
 31
0.0
  0
LINE
  5
1257
330
1251
100
AcDbEntity
  8
Smart Centers
 62
     0
440
 16777216
 48
0.75
100
AcDbLine
 10
0.0
 20
-8.65
 30
0.0
 11
0.0
 21
-2.678906
 31
0.0
  0
LINE
  5
1258
330
1251
100
AcDbEntity
  8
Smart Centers
 62
     0
440
 16777216
 48
0.75
100
AcDbLine
 10
0.0
 20
2.678906
 30
0.0
 11
0.0
 21
8.65
 31
0.0
  0
ENDBLK
  5
1259
330
1251
100
AcDbEntity
  8
0
100
AcDbBlockEnd
  0
BLOCK
  5
125C
330
125B
100
AcDbEntity
  8
0
100
AcDbBlockBegin
  2
*U397
 70
     1
 10
0.0
 20
0.0
 30
0.0
  3
*U397
  1

  0
LINE
  5
125D
330
125B
100
AcDbEntity
  8
Smart Centers
  6
Continuous
 62
     0
440
 16777216
 48
0.75
100
AcDbLine
 10
-0.892969
 20
0.0
 30
0.0
 11
0.892969
 21
0.0
 31
0.0
  0
LINE
  5
125E
330
125B
100
AcDbEntity
  8
Smart Centers
  6
Continuous
 62
     0
440
 16777216
 48
0.75
100
AcDbLine
 10
0.0
 20
-0.892969
 30
0.0
 11
0.0
 21
0.892969
 31
0.0
  0
LINE
  5
125F
330
125B
100
AcDbEntity
  8
Smart Centers
 62
     0
440
 16777216
 48
0.75
100
AcDbLine
 10
-8.65
 20
0.0
 30
0.0
 11
-2.678906
 21
0.0
 31
0.0
  0
LINE
  5
1260
330
125B
100
AcDbEntity
  8
Smart Centers
 62
     0
440
 16777216
 48
0.75
100
AcDbLine
 10
2.678906
 20
0.0
 30
0.0
 11
8.65
 21
0.0
 31
0.0
  0
LINE
  5
1261
330
125B
100
AcDbEntity
  8
Smart Centers
 62
     0
440
 16777216
 48
0.75
100
AcDbLine
 10
0.0
 20
-8.65
 30
0.0
 11
0.0
 21
-2.678906
 31
0.0
  0
LINE
  5
1262
330
125B
100
AcDbEntity
  8
Smart Centers
 62
     0
440
 16777216
 48
0.75
100
AcDbLine
 10
0.0
 20
2.678906
 30
0.0
 11
0.0
 21
8.65
 31
0.0
  0
ENDBLK
  5
1263
330
125B
100
AcDbEntity
  8
0
100
AcDbBlockEnd
  0
BLOCK
  5
1266
330
1265
100
AcDbEntity
  8
0
100
AcDbBlockBegin
  2
*U398
 70
     1
 10
0.0
 20
0.0
 30
0.0
  3
*U398
  1

  0
LINE
  5
1267
330
1265
100
AcDbEntity
  8
Smart Centers
  6
Continuous
 62
     0
440
 16777216
 48
0.75
100
AcDbLine
 10
-0.892969
 20
0.0
 30
0.0
 11
0.892969
 21
0.0
 31
0.0
  0
LINE
  5
1268
330
1265
100
AcDbEntity
  8
Smart Centers
  6
Continuous
 62
     0
440
 16777216
 48
0.75
100
AcDbLine
 10
0.0
 20
-0.892969
 30
0.0
 11
0.0
 21
0.892969
 31
0.0
  0
LINE
  5
1269
330
1265
100
AcDbEntity
  8
Smart Centers
 62
     0
440
 16777216
 48
0.75
100
AcDbLine
 10
-8.65
 20
0.0
 30
0.0
 11
-2.678906
 21
0.0
 31
0.0
  0
LINE
  5
126A
330
1265
100
AcDbEntity
  8
Smart Centers
 62
     0
440
 16777216
 48
0.75
100
AcDbLine
 10
2.678906
 20
0.0
 30
0.0
 11
8.65
 21
0.0
 31
0.0
  0
LINE
  5
126B
330
1265
100
AcDbEntity
  8
Smart Centers
 62
     0
440
 16777216
 48
0.75
100
AcDbLine
 10
0.0
 20
-8.65
 30
0.0
 11
0.0
 21
-2.678906
 31
0.0
  0
LINE
  5
126C
330
1265
100
AcDbEntity
  8
Smart Centers
 62
     0
440
 16777216
 48
0.75
100
AcDbLine
 10
0.0
 20
2.678906
 30
0.0
 11
0.0
 21
8.65
 31
0.0
  0
ENDBLK
  5
126D
330
1265
100
AcDbEntity
  8
0
100
AcDbBlockEnd
  0
BLOCK
  5
1270
330
126F
100
AcDbEntity
  8
0
100
AcDbBlockBegin
  2
*U399
 70
     1
 10
0.0
 20
0.0
 30
0.0
  3
*U399
  1

  0
LINE
  5
1271
330
126F
100
AcDbEntity
  8
Smart Centers
  6
Continuous
 62
     0
440
 16777216
 48
0.75
100
AcDbLine
 10
-0.892969
 20
0.0
 30
0.0
 11
0.892969
 21
0.0
 31
0.0
  0
LINE
  5
1272
330
126F
100
AcDbEntity
  8
Smart Centers
  6
Continuous
 62
     0
440
 16777216
 48
0.75
100
AcDbLine
 10
0.0
 20
-0.892969
 30
0.0
 11
0.0
 21
0.892969
 31
0.0
  0
LINE
  5
1273
330
126F
100
AcDbEntity
  8
Smart Centers
 62
     0
440
 16777216
 48
0.75
100
AcDbLine
 10
-8.65
 20
0.0
 30
0.0
 11
-2.678906
 21
0.0
 31
0.0
  0
LINE
  5
1274
330
126F
100
AcDbEntity
  8
Smart Centers
 62
     0
440
 16777216
 48
0.75
100
AcDbLine
 10
2.678906
 20
0.0
 30
0.0
 11
8.65
 21
0.0
 31
0.0
  0
LINE
  5
1275
330
126F
100
AcDbEntity
  8
Smart Centers
 62
     0
440
 16777216
 48
0.75
100
AcDbLine
 10
0.0
 20
-8.65
 30
0.0
 11
0.0
 21
-2.678906
 31
0.0
  0
LINE
  5
1276
330
126F
100
AcDbEntity
  8
Smart Centers
 62
     0
440
 16777216
 48
0.75
100
AcDbLine
 10
0.0
 20
2.678906
 30
0.0
 11
0.0
 21
8.65
 31
0.0
  0
ENDBLK
  5
1277
330
126F
100
AcDbEntity
  8
0
100
AcDbBlockEnd
  0
BLOCK
  5
127A
330
1279
100
AcDbEntity
  8
0
100
AcDbBlockBegin
  2
*U400
 70
     1
 10
0.0
 20
0.0
 30
0.0
  3
*U400
  1

  0
LINE
  5
127B
330
1279
100
AcDbEntity
  8
Smart Centers
  6
Continuous
 62
     0
440
 16777216
 48
0.75
100
AcDbLine
 10
-0.892969
 20
0.0
 30
0.0
 11
0.892969
 21
0.0
 31
0.0
  0
LINE
  5
127C
330
1279
100
AcDbEntity
  8
Smart Centers
  6
Continuous
 62
     0
440
 16777216
 48
0.75
100
AcDbLine
 10
0.0
 20
-0.892969
 30
0.0
 11
0.0
 21
0.892969
 31
0.0
  0
LINE
  5
127D
330
1279
100
AcDbEntity
  8
Smart Centers
 62
     0
440
 16777216
 48
0.75
100
AcDbLine
 10
-8.65
 20
0.0
 30
0.0
 11
-2.678906
 21
0.0
 31
0.0
  0
LINE
  5
127E
330
1279
100
AcDbEntity
  8
Smart Centers
 62
     0
440
 16777216
 48
0.75
100
AcDbLine
 10
2.678906
 20
0.0
 30
0.0
 11
8.65
 21
0.0
 31
0.0
  0
LINE
  5
127F
330
1279
100
AcDbEntity
  8
Smart Centers
 62
     0
440
 16777216
 48
0.75
100
AcDbLine
 10
0.0
 20
-8.65
 30
0.0
 11
0.0
 21
-2.678906
 31
0.0
  0
LINE
  5
1280
330
1279
100
AcDbEntity
  8
Smart Centers
 62
     0
440
 16777216
 48
0.75
100
AcDbLine
 10
0.0
 20
2.678906
 30
0.0
 11
0.0
 21
8.65
 31
0.0
  0
ENDBLK
  5
1281
330
1279
100
AcDbEntity
  8
0
100
AcDbBlockEnd
  0
BLOCK
  5
1284
330
1283
100
AcDbEntity
  8
0
100
AcDbBlockBegin
  2
*U401
 70
     1
 10
0.0
 20
0.0
 30
0.0
  3
*U401
  1

  0
LINE
  5
1285
330
1283
100
AcDbEntity
  8
Smart Centers
  6
Continuous
 62
     0
440
 16777216
 48
0.75
100
AcDbLine
 10
-0.892969
 20
0.0
 30
0.0
 11
0.892969
 21
0.0
 31
0.0
  0
LINE
  5
1286
330
1283
100
AcDbEntity
  8
Smart Centers
  6
Continuous
 62
     0
440
 16777216
 48
0.75
100
AcDbLine
 10
0.0
 20
-0.892969
 30
0.0
 11
0.0
 21
0.892969
 31
0.0
  0
LINE
  5
1287
330
1283
100
AcDbEntity
  8
Smart Centers
 62
     0
440
 16777216
 48
0.75
100
AcDbLine
 10
-8.65
 20
0.0
 30
0.0
 11
-2.678906
 21
0.0
 31
0.0
  0
LINE
  5
1288
330
1283
100
AcDbEntity
  8
Smart Centers
 62
     0
440
 16777216
 48
0.75
100
AcDbLine
 10
2.678906
 20
0.0
 30
0.0
 11
8.65
 21
0.0
 31
0.0
  0
LINE
  5
1289
330
1283
100
AcDbEntity
  8
Smart Centers
 62
     0
440
 16777216
 48
0.75
100
AcDbLine
 10
0.0
 20
-8.65
 30
0.0
 11
0.0
 21
-2.678906
 31
0.0
  0
LINE
  5
128A
330
1283
100
AcDbEntity
  8
Smart Centers
 62
     0
440
 16777216
 48
0.75
100
AcDbLine
 10
0.0
 20
2.678906
 30
0.0
 11
0.0
 21
8.65
 31
0.0
  0
ENDBLK
  5
128B
330
1283
100
AcDbEntity
  8
0
100
AcDbBlockEnd
  0
BLOCK
  5
128E
330
128D
100
AcDbEntity
  8
0
100
AcDbBlockBegin
  2
*U402
 70
     1
 10
0.0
 20
0.0
 30
0.0
  3
*U402
  1

  0
LINE
  5
128F
330
128D
100
AcDbEntity
  8
Smart Centers
  6
Continuous
 62
     0
440
 16777216
 48
0.75
100
AcDbLine
 10
-0.892969
 20
0.0
 30
0.0
 11
0.892969
 21
0.0
 31
0.0
  0
LINE
  5
1290
330
128D
100
AcDbEntity
  8
Smart Centers
  6
Continuous
 62
     0
440
 16777216
 48
0.75
100
AcDbLine
 10
0.0
 20
-0.892969
 30
0.0
 11
0.0
 21
0.892969
 31
0.0
  0
LINE
  5
1291
330
128D
100
AcDbEntity
  8
Smart Centers
 62
     0
440
 16777216
 48
0.75
100
AcDbLine
 10
-8.65
 20
0.0
 30
0.0
 11
-2.678906
 21
0.0
 31
0.0
  0
LINE
  5
1292
330
128D
100
AcDbEntity
  8
Smart Centers
 62
     0
440
 16777216
 48
0.75
100
AcDbLine
 10
2.678906
 20
0.0
 30
0.0
 11
8.65
 21
0.0
 31
0.0
  0
LINE
  5
1293
330
128D
100
AcDbEntity
  8
Smart Centers
 62
     0
440
 16777216
 48
0.75
100
AcDbLine
 10
0.0
 20
-8.65
 30
0.0
 11
0.0
 21
-2.678906
 31
0.0
  0
LINE
  5
1294
330
128D
100
AcDbEntity
  8
Smart Centers
 62
     0
440
 16777216
 48
0.75
100
AcDbLine
 10
0.0
 20
2.678906
 30
0.0
 11
0.0
 21
8.65
 31
0.0
  0
ENDBLK
  5
1295
330
128D
100
AcDbEntity
  8
0
100
AcDbBlockEnd
  0
BLOCK
  5
1299
330
1298
100
AcDbEntity
  8
0
100
AcDbBlockBegin
  2
Custom1200.000000x1200.000000x24x16
 70
     0
 10
0.0
 20
0.0
 30
0.0
  3
Custom1200.000000x1200.000000x24x16
  1

  0
LINE
  5
129A
330
1298
100
AcDbEntity
  8
0
100
AcDbLine
 10
0.0
 20
0.0
 30
0.0
 11
0.0
 21
15.0
 31
0.0
  0
LINE
  5
129B
330
1298
100
AcDbEntity
  8
0
100
AcDbLine
 10
0.0
 20
0.0
 30
0.0
 11
15.0
 21
0.0
 31
0.0
  0
LINE
  5
129C
330
1298
100
AcDbEntity
  8
0
100
AcDbLine
 10
1200.0
 20
0.0
 30
0.0
 11
1200.0
 21
15.0
 31
0.0
  0
LINE
  5
129D
330
1298
100
AcDbEntity
  8
0
100
AcDbLine
 10
1200.0
 20
0.0
 30
0.0
 11
1185.0
 21
0.0
 31
0.0
  0
LINE
  5
129E
330
1298
100
AcDbEntity
  8
0
100
AcDbLine
 10
1200.0
 20
1200.0
 30
0.0
 11
1200.0
 21
1185.0
 31
0.0
  0
LINE
  5
129F
330
1298
100
AcDbEntity
  8
0
100
AcDbLine
 10
1200.0
 20
1200.0
 30
0.0
 11
1185.0
 21
1200.0
 31
0.0
  0
LINE
  5
12A0
330
1298
100
AcDbEntity
  8
0
100
AcDbLine
 10
0.0
 20
1200.0
 30
0.0
 11
0.0
 21
1185.0
 31
0.0
  0
LINE
  5
12A1
330
1298
100
AcDbEntity
  8
0
100
AcDbLine
 10
0.0
 20
1200.0
 30
0.0
 11
15.0
 21
1200.0
 31
0.0
  0
LINE
  5
12A2
330
1298
100
AcDbEntity
  8
0
100
AcDbLine
 10
20.0
 20
10.0
 30
0.0
 11
20.0
 21
1190.0
 31
0.0
  0
LINE
  5
12A3
330
1298
100
AcDbEntity
  8
0
100
AcDbLine
 10
20.0
 20
1190.0
 30
0.0
 11
1190.0
 21
1190.0
 31
0.0
  0
LINE
  5
12A4
330
1298
100
AcDbEntity
  8
0
100
AcDbLine
 10
1190.0
 20
1190.0
 30
0.0
 11
1190.0
 21
10.0
 31
0.0
  0
LINE
  5
12A5
330
1298
100
AcDbEntity
  8
0
100
AcDbLine
 10
1190.0
 20
10.0
 30
0.0
 11
20.0
 21
10.0
 31
0.0
  0
LINE
  5
12A6
330
1298
100
AcDbEntity
  8
0
100
AcDbLine
 10
68.75
 20
1190.0
 30
0.0
 11
68.75
 21
1195.0
 31
0.0
  0
MTEXT
  5
12A7
330
1298
100
AcDbEntity
  8
0
100
AcDbMText
 10
44.375
 20
1195.0
 30
0.0
 40
2.5
 41
0.0
 46
0.0
 71
     1
 72
     5
  1
1
 73
     1
 44
1.0
  0
LINE
  5
12A8
330
1298
100
AcDbEntity
  8
0
100
AcDbLine
 10
117.5
 20
1190.0
 30
0.0
 11
117.5
 21
1195.0
 31
0.0
  0
MTEXT
  5
12A9
330
1298
100
AcDbEntity
  8
0
100
AcDbMText
 10
93.125
 20
1195.0
 30
0.0
 40
2.5
 41
0.0
 46
0.0
 71
     1
 72
     5
  1
2
 73
     1
 44
1.0
  0
LINE
  5
12AA
330
1298
100
AcDbEntity
  8
0
100
AcDbLine
 10
166.25
 20
1190.0
 30
0.0
 11
166.25
 21
1195.0
 31
0.0
  0
MTEXT
  5
12AB
330
1298
100
AcDbEntity
  8
0
100
AcDbMText
 10
141.875
 20
1195.0
 30
0.0
 40
2.5
 41
0.0
 46
0.0
 71
     1
 72
     5
  1
3
 73
     1
 44
1.0
  0
LINE
  5
12AC
330
1298
100
AcDbEntity
  8
0
100
AcDbLine
 10
215.0
 20
1190.0
 30
0.0
 11
215.0
 21
1195.0
 31
0.0
  0
MTEXT
  5
12AD
330
1298
100
AcDbEntity
  8
0
100
AcDbMText
 10
190.625
 20
1195.0
 30
0.0
 40
2.5
 41
0.0
 46
0.0
 71
     1
 72
     5
  1
4
 73
     1
 44
1.0
  0
LINE
  5
12AE
330
1298
100
AcDbEntity
  8
0
100
AcDbLine
 10
263.75
 20
1190.0
 30
0.0
 11
263.75
 21
1195.0
 31
0.0
  0
MTEXT
  5
12AF
330
1298
100
AcDbEntity
  8
0
100
AcDbMText
 10
239.375
 20
1195.0
 30
0.0
 40
2.5
 41
0.0
 46
0.0
 71
     1
 72
     5
  1
5
 73
     1
 44
1.0
  0
LINE
  5
12B0
330
1298
100
AcDbEntity
  8
0
100
AcDbLine
 10
312.5
 20
1190.0
 30
0.0
 11
312.5
 21
1195.0
 31
0.0
  0
MTEXT
  5
12B1
330
1298
100
AcDbEntity
  8
0
100
AcDbMText
 10
288.125
 20
1195.0
 30
0.0
 40
2.5
 41
0.0
 46
0.0
 71
     1
 72
     5
  1
6
 73
     1
 44
1.0
  0
LINE
  5
12B2
330
1298
100
AcDbEntity
  8
0
100
AcDbLine
 10
361.25
 20
1190.0
 30
0.0
 11
361.25
 21
1195.0
 31
0.0
  0
MTEXT
  5
12B3
330
1298
100
AcDbEntity
  8
0
100
AcDbMText
 10
336.875
 20
1195.0
 30
0.0
 40
2.5
 41
0.0
 46
0.0
 71
     1
 72
     5
  1
7
 73
     1
 44
1.0
  0
LINE
  5
12B4
330
1298
100
AcDbEntity
  8
0
100
AcDbLine
 10
410.0
 20
1190.0
 30
0.0
 11
410.0
 21
1195.0
 31
0.0
  0
MTEXT
  5
12B5
330
1298
100
AcDbEntity
  8
0
100
AcDbMText
 10
385.625
 20
1195.0
 30
0.0
 40
2.5
 41
0.0
 46
0.0
 71
     1
 72
     5
  1
8
 73
     1
 44
1.0
  0
LINE
  5
12B6
330
1298
100
AcDbEntity
  8
0
100
AcDbLine
 10
458.75
 20
1190.0
 30
0.0
 11
458.75
 21
1195.0
 31
0.0
  0
MTEXT
  5
12B7
330
1298
100
AcDbEntity
  8
0
100
AcDbMText
 10
434.375
 20
1195.0
 30
0.0
 40
2.5
 41
0.0
 46
0.0
 71
     1
 72
     5
  1
9
 73
     1
 44
1.0
  0
LINE
  5
12B8
330
1298
100
AcDbEntity
  8
0
100
AcDbLine
 10
507.5
 20
1190.0
 30
0.0
 11
507.5
 21
1195.0
 31
0.0
  0
MTEXT
  5
12B9
330
1298
100
AcDbEntity
  8
0
100
AcDbMText
 10
483.125
 20
1195.0
 30
0.0
 40
2.5
 41
0.0
 46
0.0
 71
     1
 72
     5
  1
10
 73
     1
 44
1.0
  0
LINE
  5
12BA
330
1298
100
AcDbEntity
  8
0
100
AcDbLine
 10
556.25
 20
1190.0
 30
0.0
 11
556.25
 21
1195.0
 31
0.0
  0
MTEXT
  5
12BB
330
1298
100
AcDbEntity
  8
0
100
AcDbMText
 10
531.875
 20
1195.0
 30
0.0
 40
2.5
 41
0.0
 46
0.0
 71
     1
 72
     5
  1
11
 73
     1
 44
1.0
  0
LINE
  5
12BC
330
1298
100
AcDbEntity
  8
0
100
AcDbLine
 10
605.0
 20
1185.0
 30
0.0
 11
605.0
 21
1195.0
 31
0.0
  0
MTEXT
  5
12BD
330
1298
100
AcDbEntity
  8
0
100
AcDbMText
 10
580.625
 20
1195.0
 30
0.0
 40
2.5
 41
0.0
 46
0.0
 71
     1
 72
     5
  1
12
 73
     1
 44
1.0
  0
LINE
  5
12BE
330
1298
100
AcDbEntity
  8
0
100
AcDbLine
 10
653.75
 20
1190.0
 30
0.0
 11
653.75
 21
1195.0
 31
0.0
  0
MTEXT
  5
12BF
330
1298
100
AcDbEntity
  8
0
100
AcDbMText
 10
629.375
 20
1195.0
 30
0.0
 40
2.5
 41
0.0
 46
0.0
 71
     1
 72
     5
  1
13
 73
     1
 44
1.0
  0
LINE
  5
12C0
330
1298
100
AcDbEntity
  8
0
100
AcDbLine
 10
702.5
 20
1190.0
 30
0.0
 11
702.5
 21
1195.0
 31
0.0
  0
MTEXT
  5
12C1
330
1298
100
AcDbEntity
  8
0
100
AcDbMText
 10
678.125
 20
1195.0
 30
0.0
 40
2.5
 41
0.0
 46
0.0
 71
     1
 72
     5
  1
14
 73
     1
 44
1.0
  0
LINE
  5
12C2
330
1298
100
AcDbEntity
  8
0
100
AcDbLine
 10
751.25
 20
1190.0
 30
0.0
 11
751.25
 21
1195.0
 31
0.0
  0
MTEXT
  5
12C3
330
1298
100
AcDbEntity
  8
0
100
AcDbMText
 10
726.875
 20
1195.0
 30
0.0
 40
2.5
 41
0.0
 46
0.0
 71
     1
 72
     5
  1
15
 73
     1
 44
1.0
  0
LINE
  5
12C4
330
1298
100
AcDbEntity
  8
0
100
AcDbLine
 10
800.0
 20
1190.0
 30
0.0
 11
800.0
 21
1195.0
 31
0.0
  0
MTEXT
  5
12C5
330
1298
100
AcDbEntity
  8
0
100
AcDbMText
 10
775.625
 20
1195.0
 30
0.0
 40
2.5
 41
0.0
 46
0.0
 71
     1
 72
     5
  1
16
 73
     1
 44
1.0
  0
LINE
  5
12C6
330
1298
100
AcDbEntity
  8
0
100
AcDbLine
 10
848.75
 20
1190.0
 30
0.0
 11
848.75
 21
1195.0
 31
0.0
  0
MTEXT
  5
12C7
330
1298
100
AcDbEntity
  8
0
100
AcDbMText
 10
824.375
 20
1195.0
 30
0.0
 40
2.5
 41
0.0
 46
0.0
 71
     1
 72
     5
  1
17
 73
     1
 44
1.0
  0
LINE
  5
12C8
330
1298
100
AcDbEntity
  8
0
100
AcDbLine
 10
897.5
 20
1190.0
 30
0.0
 11
897.5
 21
1195.0
 31
0.0
  0
MTEXT
  5
12C9
330
1298
100
AcDbEntity
  8
0
100
AcDbMText
 10
873.125
 20
1195.0
 30
0.0
 40
2.5
 41
0.0
 46
0.0
 71
     1
 72
     5
  1
18
 73
     1
 44
1.0
  0
LINE
  5
12CA
330
1298
100
AcDbEntity
  8
0
100
AcDbLine
 10
946.25
 20
1190.0
 30
0.0
 11
946.25
 21
1195.0
 31
0.0
  0
MTEXT
  5
12CB
330
1298
100
AcDbEntity
  8
0
100
AcDbMText
 10
921.875
 20
1195.0
 30
0.0
 40
2.5
 41
0.0
 46
0.0
 71
     1
 72
     5
  1
19
 73
     1
 44
1.0
  0
LINE
  5
12CC
330
1298
100
AcDbEntity
  8
0
100
AcDbLine
 10
995.0
 20
1190.0
 30
0.0
 11
995.0
 21
1195.0
 31
0.0
  0
MTEXT
  5
12CD
330
1298
100
AcDbEntity
  8
0
100
AcDbMText
 10
970.625
 20
1195.0
 30
0.0
 40
2.5
 41
0.0
 46
0.0
 71
     1
 72
     5
  1
20
 73
     1
 44
1.0
  0
LINE
  5
12CE
330
1298
100
AcDbEntity
  8
0
100
AcDbLine
 10
1043.75
 20
1190.0
 30
0.0
 11
1043.75
 21
1195.0
 31
0.0
  0
MTEXT
  5
12CF
330
1298
100
AcDbEntity
  8
0
100
AcDbMText
 10
1019.375
 20
1195.0
 30
0.0
 40
2.5
 41
0.0
 46
0.0
 71
     1
 72
     5
  1
21
 73
     1
 44
1.0
  0
LINE
  5
12D0
330
1298
100
AcDbEntity
  8
0
100
AcDbLine
 10
1092.5
 20
1190.0
 30
0.0
 11
1092.5
 21
1195.0
 31
0.0
  0
MTEXT
  5
12D1
330
1298
100
AcDbEntity
  8
0
100
AcDbMText
 10
1068.125
 20
1195.0
 30
0.0
 40
2.5
 41
0.0
 46
0.0
 71
     1
 72
     5
  1
22
 73
     1
 44
1.0
  0
LINE
  5
12D2
330
1298
100
AcDbEntity
  8
0
100
AcDbLine
 10
1141.25
 20
1190.0
 30
0.0
 11
1141.25
 21
1195.0
 31
0.0
  0
MTEXT
  5
12D3
330
1298
100
AcDbEntity
  8
0
100
AcDbMText
 10
1116.875
 20
1195.0
 30
0.0
 40
2.5
 41
0.0
 46
0.0
 71
     1
 72
     5
  1
23
 73
     1
 44
1.0
  0
MTEXT
  5
12D4
330
1298
100
AcDbEntity
  8
0
100
AcDbMText
 10
1165.625
 20
1195.0
 30
0.0
 40
2.5
 41
0.0
 46
0.0
 71
     1
 72
     5
  1
24
 73
     1
 44
1.0
  0
LINE
  5
12D5
330
1298
100
AcDbEntity
  8
0
100
AcDbLine
 10
68.75
 20
10.0
 30
0.0
 11
68.75
 21
5.0
 31
0.0
  0
MTEXT
  5
12D6
330
1298
100
AcDbEntity
  8
0
100
AcDbMText
 10
44.375
 20
7.5
 30
0.0
 40
2.5
 41
0.0
 46
0.0
 71
     1
 72
     5
  1
1
 73
     1
 44
1.0
  0
LINE
  5
12D7
330
1298
100
AcDbEntity
  8
0
100
AcDbLine
 10
117.5
 20
10.0
 30
0.0
 11
117.5
 21
5.0
 31
0.0
  0
MTEXT
  5
12D8
330
1298
100
AcDbEntity
  8
0
100
AcDbMText
 10
93.125
 20
7.5
 30
0.0
 40
2.5
 41
0.0
 46
0.0
 71
     1
 72
     5
  1
2
 73
     1
 44
1.0
  0
LINE
  5
12D9
330
1298
100
AcDbEntity
  8
0
100
AcDbLine
 10
166.25
 20
10.0
 30
0.0
 11
166.25
 21
5.0
 31
0.0
  0
MTEXT
  5
12DA
330
1298
100
AcDbEntity
  8
0
100
AcDbMText
 10
141.875
 20
7.5
 30
0.0
 40
2.5
 41
0.0
 46
0.0
 71
     1
 72
     5
  1
3
 73
     1
 44
1.0
  0
LINE
  5
12DB
330
1298
100
AcDbEntity
  8
0
100
AcDbLine
 10
215.0
 20
10.0
 30
0.0
 11
215.0
 21
5.0
 31
0.0
  0
MTEXT
  5
12DC
330
1298
100
AcDbEntity
  8
0
100
AcDbMText
 10
190.625
 20
7.5
 30
0.0
 40
2.5
 41
0.0
 46
0.0
 71
     1
 72
     5
  1
4
 73
     1
 44
1.0
  0
LINE
  5
12DD
330
1298
100
AcDbEntity
  8
0
100
AcDbLine
 10
263.75
 20
10.0
 30
0.0
 11
263.75
 21
5.0
 31
0.0
  0
MTEXT
  5
12DE
330
1298
100
AcDbEntity
  8
0
100
AcDbMText
 10
239.375
 20
7.5
 30
0.0
 40
2.5
 41
0.0
 46
0.0
 71
     1
 72
     5
  1
5
 73
     1
 44
1.0
  0
LINE
  5
12DF
330
1298
100
AcDbEntity
  8
0
100
AcDbLine
 10
312.5
 20
10.0
 30
0.0
 11
312.5
 21
5.0
 31
0.0
  0
MTEXT
  5
12E0
330
1298
100
AcDbEntity
  8
0
100
AcDbMText
 10
288.125
 20
7.5
 30
0.0
 40
2.5
 41
0.0
 46
0.0
 71
     1
 72
     5
  1
6
 73
     1
 44
1.0
  0
LINE
  5
12E1
330
1298
100
AcDbEntity
  8
0
100
AcDbLine
 10
361.25
 20
10.0
 30
0.0
 11
361.25
 21
5.0
 31
0.0
  0
MTEXT
  5
12E2
330
1298
100
AcDbEntity
  8
0
100
AcDbMText
 10
336.875
 20
7.5
 30
0.0
 40
2.5
 41
0.0
 46
0.0
 71
     1
 72
     5
  1
7
 73
     1
 44
1.0
  0
LINE
  5
12E3
330
1298
100
AcDbEntity
  8
0
100
AcDbLine
 10
410.0
 20
10.0
 30
0.0
 11
410.0
 21
5.0
 31
0.0
  0
MTEXT
  5
12E4
330
1298
100
AcDbEntity
  8
0
100
AcDbMText
 10
385.625
 20
7.5
 30
0.0
 40
2.5
 41
0.0
 46
0.0
 71
     1
 72
     5
  1
8
 73
     1
 44
1.0
  0
LINE
  5
12E5
330
1298
100
AcDbEntity
  8
0
100
AcDbLine
 10
458.75
 20
10.0
 30
0.0
 11
458.75
 21
5.0
 31
0.0
  0
MTEXT
  5
12E6
330
1298
100
AcDbEntity
  8
0
100
AcDbMText
 10
434.375
 20
7.5
 30
0.0
 40
2.5
 41
0.0
 46
0.0
 71
     1
 72
     5
  1
9
 73
     1
 44
1.0
  0
LINE
  5
12E7
330
1298
100
AcDbEntity
  8
0
100
AcDbLine
 10
507.5
 20
10.0
 30
0.0
 11
507.5
 21
5.0
 31
0.0
  0
MTEXT
  5
12E8
330
1298
100
AcDbEntity
  8
0
100
AcDbMText
 10
483.125
 20
7.5
 30
0.0
 40
2.5
 41
0.0
 46
0.0
 71
     1
 72
     5
  1
10
 73
     1
 44
1.0
  0
LINE
  5
12E9
330
1298
100
AcDbEntity
  8
0
100
AcDbLine
 10
556.25
 20
10.0
 30
0.0
 11
556.25
 21
5.0
 31
0.0
  0
MTEXT
  5
12EA
330
1298
100
AcDbEntity
  8
0
100
AcDbMText
 10
531.875
 20
7.5
 30
0.0
 40
2.5
 41
0.0
 46
0.0
 71
     1
 72
     5
  1
11
 73
     1
 44
1.0
  0
LINE
  5
12EB
330
1298
100
AcDbEntity
  8
0
100
AcDbLine
 10
605.0
 20
15.0
 30
0.0
 11
605.0
 21
5.0
 31
0.0
  0
MTEXT
  5
12EC
330
1298
100
AcDbEntity
  8
0
100
AcDbMText
 10
580.625
 20
7.5
 30
0.0
 40
2.5
 41
0.0
 46
0.0
 71
     1
 72
     5
  1
12
 73
     1
 44
1.0
  0
LINE
  5
12ED
330
1298
100
AcDbEntity
  8
0
100
AcDbLine
 10
653.75
 20
10.0
 30
0.0
 11
653.75
 21
5.0
 31
0.0
  0
MTEXT
  5
12EE
330
1298
100
AcDbEntity
  8
0
100
AcDbMText
 10
629.375
 20
7.5
 30
0.0
 40
2.5
 41
0.0
 46
0.0
 71
     1
 72
     5
  1
13
 73
     1
 44
1.0
  0
LINE
  5
12EF
330
1298
100
AcDbEntity
  8
0
100
AcDbLine
 10
702.5
 20
10.0
 30
0.0
 11
702.5
 21
5.0
 31
0.0
  0
MTEXT
  5
12F0
330
1298
100
AcDbEntity
  8
0
100
AcDbMText
 10
678.125
 20
7.5
 30
0.0
 40
2.5
 41
0.0
 46
0.0
 71
     1
 72
     5
  1
14
 73
     1
 44
1.0
  0
LINE
  5
12F1
330
1298
100
AcDbEntity
  8
0
100
AcDbLine
 10
751.25
 20
10.0
 30
0.0
 11
751.25
 21
5.0
 31
0.0
  0
MTEXT
  5
12F2
330
1298
100
AcDbEntity
  8
0
100
AcDbMText
 10
726.875
 20
7.5
 30
0.0
 40
2.5
 41
0.0
 46
0.0
 71
     1
 72
     5
  1
15
 73
     1
 44
1.0
  0
LINE
  5
12F3
330
1298
100
AcDbEntity
  8
0
100
AcDbLine
 10
800.0
 20
10.0
 30
0.0
 11
800.0
 21
5.0
 31
0.0
  0
MTEXT
  5
12F4
330
1298
100
AcDbEntity
  8
0
100
AcDbMText
 10
775.625
 20
7.5
 30
0.0
 40
2.5
 41
0.0
 46
0.0
 71
     1
 72
     5
  1
16
 73
     1
 44
1.0
  0
LINE
  5
12F5
330
1298
100
AcDbEntity
  8
0
100
AcDbLine
 10
848.75
 20
10.0
 30
0.0
 11
848.75
 21
5.0
 31
0.0
  0
MTEXT
  5
12F6
330
1298
100
AcDbEntity
  8
0
100
AcDbMText
 10
824.375
 20
7.5
 30
0.0
 40
2.5
 41
0.0
 46
0.0
 71
     1
 72
     5
  1
17
 73
     1
 44
1.0
  0
LINE
  5
12F7
330
1298
100
AcDbEntity
  8
0
100
AcDbLine
 10
897.5
 20
10.0
 30
0.0
 11
897.5
 21
5.0
 31
0.0
  0
MTEXT
  5
12F8
330
1298
100
AcDbEntity
  8
0
100
AcDbMText
 10
873.125
 20
7.5
 30
0.0
 40
2.5
 41
0.0
 46
0.0
 71
     1
 72
     5
  1
18
 73
     1
 44
1.0
  0
LINE
  5
12F9
330
1298
100
AcDbEntity
  8
0
100
AcDbLine
 10
946.25
 20
10.0
 30
0.0
 11
946.25
 21
5.0
 31
0.0
  0
MTEXT
  5
12FA
330
1298
100
AcDbEntity
  8
0
100
AcDbMText
 10
921.875
 20
7.5
 30
0.0
 40
2.5
 41
0.0
 46
0.0
 71
     1
 72
     5
  1
19
 73
     1
 44
1.0
  0
LINE
  5
12FB
330
1298
100
AcDbEntity
  8
0
100
AcDbLine
 10
995.0
 20
10.0
 30
0.0
 11
995.0
 21
5.0
 31
0.0
  0
MTEXT
  5
12FC
330
1298
100
AcDbEntity
  8
0
100
AcDbMText
 10
970.625
 20
7.5
 30
0.0
 40
2.5
 41
0.0
 46
0.0
 71
     1
 72
     5
  1
20
 73
     1
 44
1.0
  0
LINE
  5
12FD
330
1298
100
AcDbEntity
  8
0
100
AcDbLine
 10
1043.75
 20
10.0
 30
0.0
 11
1043.75
 21
5.0
 31
0.0
  0
MTEXT
  5
12FE
330
1298
100
AcDbEntity
  8
0
100
AcDbMText
 10
1019.375
 20
7.5
 30
0.0
 40
2.5
 41
0.0
 46
0.0
 71
     1
 72
     5
  1
21
 73
     1
 44
1.0
  0
LINE
  5
12FF
330
1298
100
AcDbEntity
  8
0
100
AcDbLine
 10
1092.5
 20
10.0
 30
0.0
 11
1092.5
 21
5.0
 31
0.0
  0
MTEXT
  5
1300
330
1298
100
AcDbEntity
  8
0
100
AcDbMText
 10
1068.125
 20
7.5
 30
0.0
 40
2.5
 41
0.0
 46
0.0
 71
     1
 72
     5
  1
22
 73
     1
 44
1.0
  0
LINE
  5
1301
330
1298
100
AcDbEntity
  8
0
100
AcDbLine
 10
1141.25
 20
10.0
 30
0.0
 11
1141.25
 21
5.0
 31
0.0
  0
MTEXT
  5
1302
330
1298
100
AcDbEntity
  8
0
100
AcDbMText
 10
1116.875
 20
7.5
 30
0.0
 40
2.5
 41
0.0
 46
0.0
 71
     1
 72
     5
  1
23
 73
     1
 44
1.0
  0
MTEXT
  5
1303
330
1298
100
AcDbEntity
  8
0
100
AcDbMText
 10
1165.625
 20
7.5
 30
0.0
 40
2.5
 41
0.0
 46
0.0
 71
     1
 72
     5
  1
24
 73
     1
 44
1.0
  0
LINE
  5
1304
330
1298
100
AcDbEntity
  8
0
100
AcDbLine
 10
20.0
 20
1116.25
 30
0.0
 11
15.0
 21
1116.25
 31
0.0
  0
MTEXT
  5
1305
330
1298
100
AcDbEntity
  8
0
100
AcDbMText
 10
15.0
 20
1153.125
 30
0.0
 40
2.5
 41
0.0
 46
0.0
 71
     1
 72
     5
  1
A
 73
     1
 44
1.0
  0
LINE
  5
1306
330
1298
100
AcDbEntity
  8
0
100
AcDbLine
 10
20.0
 20
1042.5
 30
0.0
 11
15.0
 21
1042.5
 31
0.0
  0
MTEXT
  5
1307
330
1298
100
AcDbEntity
  8
0
100
AcDbMText
 10
15.0
 20
1079.375
 30
0.0
 40
2.5
 41
0.0
 46
0.0
 71
     1
 72
     5
  1
B
 73
     1
 44
1.0
  0
LINE
  5
1308
330
1298
100
AcDbEntity
  8
0
100
AcDbLine
 10
20.0
 20
968.75
 30
0.0
 11
15.0
 21
968.75
 31
0.0
  0
MTEXT
  5
1309
330
1298
100
AcDbEntity
  8
0
100
AcDbMText
 10
15.0
 20
1005.625
 30
0.0
 40
2.5
 41
0.0
 46
0.0
 71
     1
 72
     5
  1
C
 73
     1
 44
1.0
  0
LINE
  5
130A
330
1298
100
AcDbEntity
  8
0
100
AcDbLine
 10
20.0
 20
895.0
 30
0.0
 11
15.0
 21
895.0
 31
0.0
  0
MTEXT
  5
130B
330
1298
100
AcDbEntity
  8
0
100
AcDbMText
 10
15.0
 20
931.875
 30
0.0
 40
2.5
 41
0.0
 46
0.0
 71
     1
 72
     5
  1
D
 73
     1
 44
1.0
  0
LINE
  5
130C
330
1298
100
AcDbEntity
  8
0
100
AcDbLine
 10
20.0
 20
821.25
 30
0.0
 11
15.0
 21
821.25
 31
0.0
  0
MTEXT
  5
130D
330
1298
100
AcDbEntity
  8
0
100
AcDbMText
 10
15.0
 20
858.125
 30
0.0
 40
2.5
 41
0.0
 46
0.0
 71
     1
 72
     5
  1
E
 73
     1
 44
1.0
  0
LINE
  5
130E
330
1298
100
AcDbEntity
  8
0
100
AcDbLine
 10
20.0
 20
747.5
 30
0.0
 11
15.0
 21
747.5
 31
0.0
  0
MTEXT
  5
130F
330
1298
100
AcDbEntity
  8
0
100
AcDbMText
 10
15.0
 20
784.375
 30
0.0
 40
2.5
 41
0.0
 46
0.0
 71
     1
 72
     5
  1
F
 73
     1
 44
1.0
  0
LINE
  5
1310
330
1298
100
AcDbEntity
  8
0
100
AcDbLine
 10
20.0
 20
673.75
 30
0.0
 11
15.0
 21
673.75
 31
0.0
  0
MTEXT
  5
1311
330
1298
100
AcDbEntity
  8
0
100
AcDbMText
 10
15.0
 20
710.625
 30
0.0
 40
2.5
 41
0.0
 46
0.0
 71
     1
 72
     5
  1
G
 73
     1
 44
1.0
  0
LINE
  5
1312
330
1298
100
AcDbEntity
  8
0
100
AcDbLine
 10
25.0
 20
600.0
 30
0.0
 11
15.0
 21
600.0
 31
0.0
  0
MTEXT
  5
1313
330
1298
100
AcDbEntity
  8
0
100
AcDbMText
 10
15.0
 20
636.875
 30
0.0
 40
2.5
 41
0.0
 46
0.0
 71
     1
 72
     5
  1
H
 73
     1
 44
1.0
  0
LINE
  5
1314
330
1298
100
AcDbEntity
  8
0
100
AcDbLine
 10
20.0
 20
526.25
 30
0.0
 11
15.0
 21
526.25
 31
0.0
  0
MTEXT
  5
1315
330
1298
100
AcDbEntity
  8
0
100
AcDbMText
 10
15.0
 20
563.125
 30
0.0
 40
2.5
 41
0.0
 46
0.0
 71
     1
 72
     5
  1
I
 73
     1
 44
1.0
  0
LINE
  5
1316
330
1298
100
AcDbEntity
  8
0
100
AcDbLine
 10
20.0
 20
452.5
 30
0.0
 11
15.0
 21
452.5
 31
0.0
  0
MTEXT
  5
1317
330
1298
100
AcDbEntity
  8
0
100
AcDbMText
 10
15.0
 20
489.375
 30
0.0
 40
2.5
 41
0.0
 46
0.0
 71
     1
 72
     5
  1
J
 73
     1
 44
1.0
  0
LINE
  5
1318
330
1298
100
AcDbEntity
  8
0
100
AcDbLine
 10
20.0
 20
378.75
 30
0.0
 11
15.0
 21
378.75
 31
0.0
  0
MTEXT
  5
1319
330
1298
100
AcDbEntity
  8
0
100
AcDbMText
 10
15.0
 20
415.625
 30
0.0
 40
2.5
 41
0.0
 46
0.0
 71
     1
 72
     5
  1
K
 73
     1
 44
1.0
  0
LINE
  5
131A
330
1298
100
AcDbEntity
  8
0
100
AcDbLine
 10
20.0
 20
305.0
 30
0.0
 11
15.0
 21
305.0
 31
0.0
  0
MTEXT
  5
131B
330
1298
100
AcDbEntity
  8
0
100
AcDbMText
 10
15.0
 20
341.875
 30
0.0
 40
2.5
 41
0.0
 46
0.0
 71
     1
 72
     5
  1
L
 73
     1
 44
1.0
  0
LINE
  5
131C
330
1298
100
AcDbEntity
  8
0
100
AcDbLine
 10
20.0
 20
231.25
 30
0.0
 11
15.0
 21
231.25
 31
0.0
  0
MTEXT
  5
131D
330
1298
100
AcDbEntity
  8
0
100
AcDbMText
 10
15.0
 20
268.125
 30
0.0
 40
2.5
 41
0.0
 46
0.0
 71
     1
 72
     5
  1
M
 73
     1
 44
1.0
  0
LINE
  5
131E
330
1298
100
AcDbEntity
  8
0
100
AcDbLine
 10
20.0
 20
157.5
 30
0.0
 11
15.0
 21
157.5
 31
0.0
  0
MTEXT
  5
131F
330
1298
100
AcDbEntity
  8
0
100
AcDbMText
 10
15.0
 20
194.375
 30
0.0
 40
2.5
 41
0.0
 46
0.0
 71
     1
 72
     5
  1
N
 73
     1
 44
1.0
  0
LINE
  5
1320
330
1298
100
AcDbEntity
  8
0
100
AcDbLine
 10
20.0
 20
83.75
 30
0.0
 11
15.0
 21
83.75
 31
0.0
  0
MTEXT
  5
1321
330
1298
100
AcDbEntity
  8
0
100
AcDbMText
 10
15.0
 20
120.625
 30
0.0
 40
2.5
 41
0.0
 46
0.0
 71
     1
 72
     5
  1
O
 73
     1
 44
1.0
  0
MTEXT
  5
1322
330
1298
100
AcDbEntity
  8
0
100
AcDbMText
 10
15.0
 20
46.875
 30
0.0
 40
2.5
 41
0.0
 46
0.0
 71
     1
 72
     5
  1
P
 73
     1
 44
1.0
  0
LINE
  5
1323
330
1298
100
AcDbEntity
  8
0
100
AcDbLine
 10
1190.0
 20
1116.25
 30
0.0
 11
1195.0
 21
1116.25
 31
0.0
  0
MTEXT
  5
1324
330
1298
100
AcDbEntity
  8
0
100
AcDbMText
 10
1192.5
 20
1153.125
 30
0.0
 40
2.5
 41
0.0
 46
0.0
 71
     1
 72
     5
  1
A
 73
     1
 44
1.0
  0
LINE
  5
1325
330
1298
100
AcDbEntity
  8
0
100
AcDbLine
 10
1190.0
 20
1042.5
 30
0.0
 11
1195.0
 21
1042.5
 31
0.0
  0
MTEXT
  5
1326
330
1298
100
AcDbEntity
  8
0
100
AcDbMText
 10
1192.5
 20
1079.375
 30
0.0
 40
2.5
 41
0.0
 46
0.0
 71
     1
 72
     5
  1
B
 73
     1
 44
1.0
  0
LINE
  5
1327
330
1298
100
AcDbEntity
  8
0
100
AcDbLine
 10
1190.0
 20
968.75
 30
0.0
 11
1195.0
 21
968.75
 31
0.0
  0
MTEXT
  5
1328
330
1298
100
AcDbEntity
  8
0
100
AcDbMText
 10
1192.5
 20
1005.625
 30
0.0
 40
2.5
 41
0.0
 46
0.0
 71
     1
 72
     5
  1
C
 73
     1
 44
1.0
  0
LINE
  5
1329
330
1298
100
AcDbEntity
  8
0
100
AcDbLine
 10
1190.0
 20
895.0
 30
0.0
 11
1195.0
 21
895.0
 31
0.0
  0
MTEXT
  5
132A
330
1298
100
AcDbEntity
  8
0
100
AcDbMText
 10
1192.5
 20
931.875
 30
0.0
 40
2.5
 41
0.0
 46
0.0
 71
     1
 72
     5
  1
D
 73
     1
 44
1.0
  0
LINE
  5
132B
330
1298
100
AcDbEntity
  8
0
100
AcDbLine
 10
1190.0
 20
821.25
 30
0.0
 11
1195.0
 21
821.25
 31
0.0
  0
MTEXT
  5
132C
330
1298
100
AcDbEntity
  8
0
100
AcDbMText
 10
1192.5
 20
858.125
 30
0.0
 40
2.5
 41
0.0
 46
0.0
 71
     1
 72
     5
  1
E
 73
     1
 44
1.0
  0
LINE
  5
132D
330
1298
100
AcDbEntity
  8
0
100
AcDbLine
 10
1190.0
 20
747.5
 30
0.0
 11
1195.0
 21
747.5
 31
0.0
  0
MTEXT
  5
132E
330
1298
100
AcDbEntity
  8
0
100
AcDbMText
 10
1192.5
 20
784.375
 30
0.0
 40
2.5
 41
0.0
 46
0.0
 71
     1
 72
     5
  1
F
 73
     1
 44
1.0
  0
LINE
  5
132F
330
1298
100
AcDbEntity
  8
0
100
AcDbLine
 10
1190.0
 20
673.75
 30
0.0
 11
1195.0
 21
673.75
 31
0.0
  0
MTEXT
  5
1330
330
1298
100
AcDbEntity
  8
0
100
AcDbMText
 10
1192.5
 20
710.625
 30
0.0
 40
2.5
 41
0.0
 46
0.0
 71
     1
 72
     5
  1
G
 73
     1
 44
1.0
  0
LINE
  5
1331
330
1298
100
AcDbEntity
  8
0
100
AcDbLine
 10
1185.0
 20
600.0
 30
0.0
 11
1195.0
 21
600.0
 31
0.0
  0
MTEXT
  5
1332
330
1298
100
AcDbEntity
  8
0
100
AcDbMText
 10
1192.5
 20
636.875
 30
0.0
 40
2.5
 41
0.0
 46
0.0
 71
     1
 72
     5
  1
H
 73
     1
 44
1.0
  0
LINE
  5
1333
330
1298
100
AcDbEntity
  8
0
100
AcDbLine
 10
1190.0
 20
526.25
 30
0.0
 11
1195.0
 21
526.25
 31
0.0
  0
MTEXT
  5
1334
330
1298
100
AcDbEntity
  8
0
100
AcDbMText
 10
1192.5
 20
563.125
 30
0.0
 40
2.5
 41
0.0
 46
0.0
 71
     1
 72
     5
  1
I
 73
     1
 44
1.0
  0
LINE
  5
1335
330
1298
100
AcDbEntity
  8
0
100
AcDbLine
 10
1190.0
 20
452.5
 30
0.0
 11
1195.0
 21
452.5
 31
0.0
  0
MTEXT
  5
1336
330
1298
100
AcDbEntity
  8
0
100
AcDbMText
 10
1192.5
 20
489.375
 30
0.0
 40
2.5
 41
0.0
 46
0.0
 71
     1
 72
     5
  1
J
 73
     1
 44
1.0
  0
LINE
  5
1337
330
1298
100
AcDbEntity
  8
0
100
AcDbLine
 10
1190.0
 20
378.75
 30
0.0
 11
1195.0
 21
378.75
 31
0.0
  0
MTEXT
  5
1338
330
1298
100
AcDbEntity
  8
0
100
AcDbMText
 10
1192.5
 20
415.625
 30
0.0
 40
2.5
 41
0.0
 46
0.0
 71
     1
 72
     5
  1
K
 73
     1
 44
1.0
  0
LINE
  5
1339
330
1298
100
AcDbEntity
  8
0
100
AcDbLine
 10
1190.0
 20
305.0
 30
0.0
 11
1195.0
 21
305.0
 31
0.0
  0
MTEXT
  5
133A
330
1298
100
AcDbEntity
  8
0
100
AcDbMText
 10
1192.5
 20
341.875
 30
0.0
 40
2.5
 41
0.0
 46
0.0
 71
     1
 72
     5
  1
L
 73
     1
 44
1.0
  0
LINE
  5
133B
330
1298
100
AcDbEntity
  8
0
100
AcDbLine
 10
1190.0
 20
231.25
 30
0.0
 11
1195.0
 21
231.25
 31
0.0
  0
MTEXT
  5
133C
330
1298
100
AcDbEntity
  8
0
100
AcDbMText
 10
1192.5
 20
268.125
 30
0.0
 40
2.5
 41
0.0
 46
0.0
 71
     1
 72
     5
  1
M
 73
     1
 44
1.0
  0
LINE
  5
133D
330
1298
100
AcDbEntity
  8
0
100
AcDbLine
 10
1190.0
 20
157.5
 30
0.0
 11
1195.0
 21
157.5
 31
0.0
  0
MTEXT
  5
133E
330
1298
100
AcDbEntity
  8
0
100
AcDbMText
 10
1192.5
 20
194.375
 30
0.0
 40
2.5
 41
0.0
 46
0.0
 71
     1
 72
     5
  1
N
 73
     1
 44
1.0
  0
LINE
  5
133F
330
1298
100
AcDbEntity
  8
0
100
AcDbLine
 10
1190.0
 20
83.75
 30
0.0
 11
1195.0
 21
83.75
 31
0.0
  0
MTEXT
  5
1340
330
1298
100
AcDbEntity
  8
0
100
AcDbMText
 10
1192.5
 20
120.625
 30
0.0
 40
2.5
 41
0.0
 46
0.0
 71
     1
 72
     5
  1
O
 73
     1
 44
1.0
  0
MTEXT
  5
1341
330
1298
100
AcDbEntity
  8
0
100
AcDbMText
 10
1192.5
 20
46.875
 30
0.0
 40
2.5
 41
0.0
 46
0.0
 71
     1
 72
     5
  1
P
 73
     1
 44
1.0
  0
ENDBLK
  5
1342
330
1298
100
AcDbEntity
  8
0
100
AcDbBlockEnd
  0
BLOCK
  5
1346
330
1345
100
AcDbEntity
  8
0
100
AcDbBlockBegin
  2
*D404
 70
     1
 10
0.0
 20
0.0
 30
0.0
  3
*D404
  1

  0
LINE
  5
1347
330
1345
100
AcDbEntity
  8
FD_Dimensions
 62
     0
440
 16777216
370
    -2
100
AcDbLine
 10
1125.486866
 20
1150.002746
 30
0.0
 11
1150.184323
 21
1150.002746
 31
0.0
  0
LINE
  5
1348
330
1345
100
AcDbEntity
  8
FD_Dimensions
 62
     0
440
 16777216
370
    -2
100
AcDbLine
 10
1125.486866
 20
70.502746
 30
0.0
 11
1150.184323
 21
70.502746
 31
0.0
  0
LINE
  5
1349
330
1345
100
AcDbEntity
  8
FD_Dimensions
 62
     0
440
 16777216
370
    -2
100
AcDbLine
 10
1148.084323
 20
1146.502746
 30
0.0
 11
1148.084323
 21
74.002746
 31
0.0
  0
SOLID
  5
134A
330
1345
100
AcDbEntity
  8
FD_Dimensions
 62
     0
440
 16777216
100
AcDbTrace
 10
1147.500989
 20
1146.502746
 30
0.0
 11
1148.667656
 21
1146.502746
 31
0.0
 12
1148.084323
 22
1150.002746
 32
0.0
 13
1148.084323
 23
1150.002746
 33
0.0
  0
SOLID
  5
134B
330
1345
100
AcDbEntity
  8
FD_Dimensions
 62
     0
440
 16777216
100
AcDbTrace
 10
1147.500989
 20
74.002746
 30
0.0
 11
1148.667656
 21
74.002746
 31
0.0
 12
1148.084323
 22
70.502746
 32
0.0
 13
1148.084323
 23
70.502746
 33
0.0
  0
MTEXT
  5
134C
330
1345
100
AcDbEntity
  8
FD_Dimensions
 62
     0
440
 16777216
100
AcDbMText
 10
1144.897317
 20
610.252746
 30
0.0
 40
3.5
 41
0.0
 46
0.0
 71
     5
 72
     1
  1
1079.5
 11
0.0
 21
1.0
 31
0.0
 73
     1
 44
1.0
  0
POINT
  5
134D
330
1345
100
AcDbEntity
  8
Defpoints
 62
     0
440
 16777216
100
AcDbPoint
 10
1123.386866
 20
1150.002746
 30
0.0
  0
POINT
  5
134E
330
1345
100
AcDbEntity
  8
Defpoints
 62
     0
440
 16777216
100
AcDbPoint
 10
1123.386866
 20
70.502746
 30
0.0
  0
POINT
  5
134F
330
1345
100
AcDbEntity
  8
Defpoints
 62
     0
440
 16777216
100
AcDbPoint
 10
1148.084323
 20
70.502746
 30
0.0
  0
ENDBLK
  5
1350
330
1345
100
AcDbEntity
  8
0
100
AcDbBlockEnd
  0
BLOCK
  5
1353
330
1352
100
AcDbEntity
  8
0
100
AcDbBlockBegin
  2
*D405
 70
     1
 10
0.0
 20
0.0
 30
0.0
  3
*D405
  1

  0
LINE
  5
1354
330
1352
100
AcDbEntity
  8
FD_Dimensions
 62
     0
440
 16777216
370
    -2
100
AcDbLine
 10
43.886866
 20
68.402746
 30
0.0
 11
43.886866
 21
60.864541
 31
0.0
  0
LINE
  5
1355
330
1352
100
AcDbEntity
  8
FD_Dimensions
 62
     0
440
 16777216
370
    -2
100
AcDbLine
 10
1123.386866
 20
68.402746
 30
0.0
 11
1123.386866
 21
60.864541
 31
0.0
  0
LINE
  5
1356
330
1352
100
AcDbEntity
  8
FD_Dimensions
 62
     0
440
 16777216
370
    -2
100
AcDbLine
 10
47.386866
 20
62.964541
 30
0.0
 11
1119.886866
 21
62.964541
 31
0.0
  0
SOLID
  5
1357
330
1352
100
AcDbEntity
  8
FD_Dimensions
 62
     0
440
 16777216
100
AcDbTrace
 10
47.386866
 20
63.547874
 30
0.0
 11
47.386866
 21
62.381207
 31
0.0
 12
43.886866
 22
62.964541
 32
0.0
 13
43.886866
 23
62.964541
 33
0.0
  0
SOLID
  5
1358
330
1352
100
AcDbEntity
  8
FD_Dimensions
 62
     0
440
 16777216
100
AcDbTrace
 10
1119.886866
 20
63.547874
 30
0.0
 11
1119.886866
 21
62.381207
 31
0.0
 12
1123.386866
 22
62.964541
 32
0.0
 13
1123.386866
 23
62.964541
 33
0.0
  0
MTEXT
  5
1359
330
1352
100
AcDbEntity
  8
FD_Dimensions
 62
     0
440
 16777216
100
AcDbMText
 10
583.636866
 20
66.151546
 30
0.0
 40
3.5
 41
0.0
 46
0.0
 71
     5
 72
     1
  1
1079.5
 73
     1
 44
1.0
  0
POINT
  5
135A
330
1352
100
AcDbEntity
  8
Defpoints
 62
     0
440
 16777216
100
AcDbPoint
 10
43.886866
 20
70.502746
 30
0.0
  0
POINT
  5
135B
330
1352
100
AcDbEntity
  8
Defpoints
 62
     0
440
 16777216
100
AcDbPoint
 10
1123.386866
 20
70.502746
 30
0.0
  0
POINT
  5
135C
330
1352
100
AcDbEntity
  8
Defpoints
 62
     0
440
 16777216
100
AcDbPoint
 10
1123.386866
 20
62.964541
 30
0.0
  0
ENDBLK
  5
135D
330
1352
100
AcDbEntity
  8
0
100
AcDbBlockEnd
  0
BLOCK
  5
1360
330
135F
100
AcDbEntity
  8
0
100
AcDbBlockBegin
  2
*D406
 70
     1
 10
0.0
 20
0.0
 30
0.0
  3
*D406
  1

  0
LINE
  5
1361
330
135F
100
AcDbEntity
  8
FD_Dimensions
 62
     0
440
 16777216
370
    -2
100
AcDbLine
 10
1143.425432
 20
566.363431
 30
0.0
 11
1097.252844
 21
535.14746
 31
0.0
  0
LINE
  5
1362
330
135F
100
AcDbEntity
  8
FD_Dimensions
 62
     0
440
 16777216
370
    -2
100
AcDbLine
 10
1082.920888
 20
525.458032
 30
0.0
 11
1080.021359
 21
523.497743
 31
0.0
  0
MTEXT
  5
1363
330
135F
100
AcDbEntity
  8
FD_Dimensions
 62
     0
440
 16777216
100
AcDbMText
 10
1135.082647
 20
564.68828
 30
0.0
 40
3.5
 41
0.0
 46
0.0
 71
     5
 72
     1
  1
∅10.3
 11
0.828437
 21
0.560083
 31
0.0
 73
     1
 44
1.0
  0
LINE
  5
1364
330
135F
100
AcDbEntity
  8
FD_Dimensions
 62
     0
440
 16777216
370
    -2
100
AcDbLine
 10
1085.820416
 20
527.41832
 30
0.0
 11
1094.353316
 21
533.187171
 31
0.0
  0
SOLID
  5
1365
330
135F
100
AcDbEntity
  8
FD_Dimensions
 62
     0
440
 16777216
100
AcDbTrace
 10
1082.594173
 20
525.941286
 30
0.0
 11
1083.247602
 21
524.974777
 31
0.0
 12
1085.820416
 22
527.41832
 32
0.0
 13
1085.820416
 23
527.41832
 33
0.0
  0
SOLID
  5
1366
330
135F
100
AcDbEntity
  8
FD_Dimensions
 62
     0
440
 16777216
100
AcDbTrace
 10
1096.92613
 20
535.630714
 30
0.0
 11
1097.579559
 21
534.664205
 31
0.0
 12
1094.353316
 22
533.187171
 32
0.0
 13
1094.353316
 23
533.187171
 33
0.0
  0
POINT
  5
1367
330
135F
100
AcDbEntity
  8
Defpoints
 62
     0
440
 16777216
100
AcDbPoint
 10
1094.353316
 20
533.187171
 30
0.0
  0
POINT
  5
1368
330
135F
100
AcDbEntity
  8
Defpoints
 62
     0
440
 16777216
100
AcDbPoint
 10
1085.820416
 20
527.41832
 30
0.0
  0
ENDBLK
  5
1369
330
135F
100
AcDbEntity
  8
0
100
AcDbBlockEnd
  0
BLOCK
  5
136C
330
136B
100
AcDbEntity
  8
0
100
AcDbBlockBegin
  2
*D407
 70
     1
 10
0.0
 20
0.0
 30
0.0
  3
*D407
  1

  0
LINE
  5
136D
330
136B
100
AcDbEntity
  8
FD_Dimensions
 62
     0
440
 16777216
370
    -2
100
AcDbLine
 10
1010.486866
 20
611.902746
 30
0.0
 11
1020.986866
 21
611.902746
 31
0.0
  0
LINE
  5
136E
330
136B
100
AcDbEntity
  8
FD_Dimensions
 62
     0
440
 16777216
370
    -2
100
AcDbLine
 10
1010.486866
 20
608.602746
 30
0.0
 11
1020.986866
 21
608.602746
 31
0.0
  0
LINE
  5
136F
330
136B
100
AcDbEntity
  8
FD_Dimensions
 62
     0
440
 16777216
370
    -2
100
AcDbLine
 10
1018.886866
 20
615.402746
 30
0.0
 11
1018.886866
 21
618.902746
 31
0.0
  0
LINE
  5
1370
330
136B
100
AcDbEntity
  8
FD_Dimensions
 62
     0
440
 16777216
370
    -2
100
AcDbLine
 10
1018.886866
 20
605.102746
 30
0.0
 11
1018.886866
 21
592.433032
 31
0.0
  0
LINE
  5
1371
330
136B
100
AcDbEntity
  8
FD_Dimensions
 62
     0
440
 16777216
370
    -2
100
AcDbLine
 10
1018.886866
 20
611.902746
 30
0.0
 11
1018.886866
 21
608.602746
 31
0.0
  0
SOLID
  5
1372
330
136B
100
AcDbEntity
  8
FD_Dimensions
 62
     0
440
 16777216
100
AcDbTrace
 10
1018.303533
 20
615.402746
 30
0.0
 11
1019.470199
 21
615.402746
 31
0.0
 12
1018.886866
 22
611.902746
 32
0.0
 13
1018.886866
 23
611.902746
 33
0.0
  0
SOLID
  5
1373
330
136B
100
AcDbEntity
  8
FD_Dimensions
 62
     0
440
 16777216
100
AcDbTrace
 10
1018.303533
 20
605.102746
 30
0.0
 11
1019.470199
 21
605.102746
 31
0.0
 12
1018.886866
 22
608.602746
 32
0.0
 13
1018.886866
 23
608.602746
 33
0.0
  0
MTEXT
  5
1374
330
136B
100
AcDbEntity
  8
FD_Dimensions
 62
     0
440
 16777216
100
AcDbMText
 10
1015.698667
 20
597.017889
 30
0.0
 40
3.5
 41
0.0
 46
0.0
 71
     5
 72
     1
  1
3.3
 11
0.0
 21
1.0
 31
0.0
 73
     1
 44
1.0
  0
POINT
  5
1375
330
136B
100
AcDbEntity
  8
Defpoints
 62
     0
440
 16777216
100
AcDbPoint
 10
1008.386866
 20
611.902746
 30
0.0
  0
POINT
  5
1376
330
136B
100
AcDbEntity
  8
Defpoints
 62
     0
440
 16777216
100
AcDbPoint
 10
1008.386866
 20
608.602746
 30
0.0
  0
POINT
  5
1377
330
136B
100
AcDbEntity
  8
Defpoints
 62
     0
440
 16777216
100
AcDbPoint
 10
1018.886866
 20
608.602746
 30
0.0
  0
ENDBLK
  5
1378
330
136B
100
AcDbEntity
  8
0
100
AcDbBlockEnd
  0
BLOCK
  5
137B
330
137A
100
AcDbEntity
  8
0
100
AcDbBlockBegin
  2
*D408
 70
     1
 10
0.0
 20
0.0
 30
0.0
  3
*D408
  1

  0
LINE
  5
137C
330
137A
100
AcDbEntity
  8
FD_Dimensions
 62
     0
440
 16777216
370
    -2
100
AcDbLine
 10
958.386866
 20
614.002746
 30
0.0
 11
958.386866
 21
617.901798
 31
0.0
  0
LINE
  5
137D
330
137A
100
AcDbEntity
  8
FD_Dimensions
 62
     0
440
 16777216
370
    -2
100
AcDbLine
 10
1008.386866
 20
614.002746
 30
0.0
 11
1008.386866
 21
617.901798
 31
0.0
  0
LINE
  5
137E
330
137A
100
AcDbEntity
  8
FD_Dimensions
 62
     0
440
 16777216
370
    -2
100
AcDbLine
 10
961.886866
 20
615.801798
 30
0.0
 11
1004.886866
 21
615.801798
 31
0.0
  0
SOLID
  5
137F
330
137A
100
AcDbEntity
  8
FD_Dimensions
 62
     0
440
 16777216
100
AcDbTrace
 10
961.886866
 20
616.385131
 30
0.0
 11
961.886866
 21
615.218464
 31
0.0
 12
958.386866
 22
615.801798
 32
0.0
 13
958.386866
 23
615.801798
 33
0.0
  0
SOLID
  5
1380
330
137A
100
AcDbEntity
  8
FD_Dimensions
 62
     0
440
 16777216
100
AcDbTrace
 10
1004.886866
 20
616.385131
 30
0.0
 11
1004.886866
 21
615.218464
 31
0.0
 12
1008.386866
 22
615.801798
 32
0.0
 13
1008.386866
 23
615.801798
 33
0.0
  0
MTEXT
  5
1381
330
137A
100
AcDbEntity
  8
FD_Dimensions
 62
     0
440
 16777216
100
AcDbMText
 10
983.386866
 20
618.988803
 30
0.0
 40
3.5
 41
0.0
 46
0.0
 71
     5
 72
     1
  1
50
 73
     1
 44
1.0
  0
POINT
  5
1382
330
137A
100
AcDbEntity
  8
Defpoints
 62
     0
440
 16777216
100
AcDbPoint
 10
958.386866
 20
611.902746
 30
0.0
  0
POINT
  5
1383
330
137A
100
AcDbEntity
  8
Defpoints
 62
     0
440
 16777216
100
AcDbPoint
 10
1008.386866
 20
611.902746
 30
0.0
  0
POINT
  5
1384
330
137A
100
AcDbEntity
  8
Defpoints
 62
     0
440
 16777216
100
AcDbPoint
 10
1008.386866
 20
615.801798
 30
0.0
  0
ENDBLK
  5
1385
330
137A
100
AcDbEntity
  8
0
100
AcDbBlockEnd
  0
BLOCK
  5
138A
330
1389
100
AcDbEntity
  8
0
100
AcDbBlockBegin
  2
*D409
 70
     1
 10
0.0
 20
0.0
 30
0.0
  3
*D409
  1

  0
LINE
  5
1673
330
1389
100
AcDbEntity
  8
FD_Dimensions
 62
     0
440
 16777216
370
    -2
100
AcDbLine
 10
1125.486866
 20
1150.002746
 30
0.0
 11
1150.184323
 21
1150.002746
 31
0.0
  0
LINE
  5
1674
330
1389
100
AcDbEntity
  8
FD_Dimensions
 62
     0
440
 16777216
370
    -2
100
AcDbLine
 10
1125.486866
 20
70.502746
 30
0.0
 11
1150.184323
 21
70.502746
 31
0.0
  0
LINE
  5
1675
330
1389
100
AcDbEntity
  8
FD_Dimensions
 62
     0
440
 16777216
370
    -2
100
AcDbLine
 10
1148.084323
 20
1146.502746
 30
0.0
 11
1148.084323
 21
74.002746
 31
0.0
  0
SOLID
  5
1676
330
1389
100
AcDbEntity
  8
FD_Dimensions
 62
     0
440
 16777216
100
AcDbTrace
 10
1147.500989
 20
1146.502746
 30
0.0
 11
1148.667656
 21
1146.502746
 31
0.0
 12
1148.084323
 22
1150.002746
 32
0.0
 13
1148.084323
 23
1150.002746
 33
0.0
  0
SOLID
  5
1677
330
1389
100
AcDbEntity
  8
FD_Dimensions
 62
     0
440
 16777216
100
AcDbTrace
 10
1147.500989
 20
74.002746
 30
0.0
 11
1148.667656
 21
74.002746
 31
0.0
 12
1148.084323
 22
70.502746
 32
0.0
 13
1148.084323
 23
70.502746
 33
0.0
  0
MTEXT
  5
1678
330
1389
100
AcDbEntity
  8
FD_Dimensions
 62
     0
440
 16777216
100
AcDbMText
 10
1144.897317
 20
610.252746
 30
0.0
 40
3.5
 41
0.0
 46
0.0
 71
     5
 72
     1
  1
1079.5
 11
0.0
 21
1.0
 31
0.0
 73
     1
 44
1.0
  0
POINT
  5
1679
330
1389
100
AcDbEntity
  8
Defpoints
 62
     0
440
 16777216
100
AcDbPoint
 10
1123.386866
 20
1150.002746
 30
0.0
  0
POINT
  5
167A
330
1389
100
AcDbEntity
  8
Defpoints
 62
     0
440
 16777216
100
AcDbPoint
 10
1123.386866
 20
70.502746
 30
0.0
  0
POINT
  5
167B
330
1389
100
AcDbEntity
  8
Defpoints
 62
     0
440
 16777216
100
AcDbPoint
 10
1148.084323
 20
70.502746
 30
0.0
  0
ENDBLK
  5
138B
330
1389
100
AcDbEntity
  8
0
100
AcDbBlockEnd
  0
BLOCK
  5
1396
330
1395
100
AcDbEntity
  8
0
100
AcDbBlockBegin
  2
*D410
 70
     1
 10
0.0
 20
0.0
 30
0.0
  3
*D410
  1

  0
LINE
  5
167C
330
1395
100
AcDbEntity
  8
FD_Dimensions
 62
     0
440
 16777216
370
    -2
100
AcDbLine
 10
43.886866
 20
68.402746
 30
0.0
 11
43.886866
 21
60.864541
 31
0.0
  0
LINE
  5
167D
330
1395
100
AcDbEntity
  8
FD_Dimensions
 62
     0
440
 16777216
370
    -2
100
AcDbLine
 10
1123.386866
 20
68.402746
 30
0.0
 11
1123.386866
 21
60.864541
 31
0.0
  0
LINE
  5
167E
330
1395
100
AcDbEntity
  8
FD_Dimensions
 62
     0
440
 16777216
370
    -2
100
AcDbLine
 10
47.386866
 20
62.964541
 30
0.0
 11
1119.886866
 21
62.964541
 31
0.0
  0
SOLID
  5
167F
330
1395
100
AcDbEntity
  8
FD_Dimensions
 62
     0
440
 16777216
100
AcDbTrace
 10
47.386866
 20
63.547874
 30
0.0
 11
47.386866
 21
62.381207
 31
0.0
 12
43.886866
 22
62.964541
 32
0.0
 13
43.886866
 23
62.964541
 33
0.0
  0
SOLID
  5
1680
330
1395
100
AcDbEntity
  8
FD_Dimensions
 62
     0
440
 16777216
100
AcDbTrace
 10
1119.886866
 20
63.547874
 30
0.0
 11
1119.886866
 21
62.381207
 31
0.0
 12
1123.386866
 22
62.964541
 32
0.0
 13
1123.386866
 23
62.964541
 33
0.0
  0
MTEXT
  5
1681
330
1395
100
AcDbEntity
  8
FD_Dimensions
 62
     0
440
 16777216
100
AcDbMText
 10
583.636866
 20
66.151546
 30
0.0
 40
3.5
 41
0.0
 46
0.0
 71
     5
 72
     1
  1
1079.5
 73
     1
 44
1.0
  0
POINT
  5
1682
330
1395
100
AcDbEntity
  8
Defpoints
 62
     0
440
 16777216
100
AcDbPoint
 10
43.886866
 20
70.502746
 30
0.0
  0
POINT
  5
1683
330
1395
100
AcDbEntity
  8
Defpoints
 62
     0
440
 16777216
100
AcDbPoint
 10
1123.386866
 20
70.502746
 30
0.0
  0
POINT
  5
1684
330
1395
100
AcDbEntity
  8
Defpoints
 62
     0
440
 16777216
100
AcDbPoint
 10
1123.386866
 20
62.964541
 30
0.0
  0
ENDBLK
  5
1397
330
1395
100
AcDbEntity
  8
0
100
AcDbBlockEnd
  0
BLOCK
  5
13A2
330
13A1
100
AcDbEntity
  8
0
100
AcDbBlockBegin
  2
*D411
 70
     1
 10
0.0
 20
0.0
 30
0.0
  3
*D411
  1

  0
LINE
  5
1685
330
13A1
100
AcDbEntity
  8
FD_Dimensions
 62
     0
440
 16777216
370
    -2
100
AcDbLine
 10
1143.425432
 20
566.363431
 30
0.0
 11
1097.252844
 21
535.14746
 31
0.0
  0
LINE
  5
1686
330
13A1
100
AcDbEntity
  8
FD_Dimensions
 62
     0
440
 16777216
370
    -2
100
AcDbLine
 10
1082.920888
 20
525.458032
 30
0.0
 11
1080.021359
 21
523.497743
 31
0.0
  0
MTEXT
  5
1687
330
13A1
100
AcDbEntity
  8
FD_Dimensions
 62
     0
440
 16777216
100
AcDbMText
 10
1135.082647
 20
564.68828
 30
0.0
 40
3.5
 41
0.0
 46
0.0
 71
     5
 72
     1
  1
∅10.3
 11
0.828437
 21
0.560083
 31
0.0
 73
     1
 44
1.0
  0
LINE
  5
1688
330
13A1
100
AcDbEntity
  8
FD_Dimensions
 62
     0
440
 16777216
370
    -2
100
AcDbLine
 10
1085.820416
 20
527.41832
 30
0.0
 11
1094.353316
 21
533.187171
 31
0.0
  0
SOLID
  5
1689
330
13A1
100
AcDbEntity
  8
FD_Dimensions
 62
     0
440
 16777216
100
AcDbTrace
 10
1082.594173
 20
525.941286
 30
0.0
 11
1083.247602
 21
524.974777
 31
0.0
 12
1085.820416
 22
527.41832
 32
0.0
 13
1085.820416
 23
527.41832
 33
0.0
  0
SOLID
  5
168A
330
13A1
100
AcDbEntity
  8
FD_Dimensions
 62
     0
440
 16777216
100
AcDbTrace
 10
1096.92613
 20
535.630714
 30
0.0
 11
1097.579559
 21
534.664205
 31
0.0
 12
1094.353316
 22
533.187171
 32
0.0
 13
1094.353316
 23
533.187171
 33
0.0
  0
POINT
  5
168B
330
13A1
100
AcDbEntity
  8
Defpoints
 62
     0
440
 16777216
100
AcDbPoint
 10
1094.353316
 20
533.187171
 30
0.0
  0
POINT
  5
168C
330
13A1
100
AcDbEntity
  8
Defpoints
 62
     0
440
 16777216
100
AcDbPoint
 10
1085.820416
 20
527.41832
 30
0.0
  0
ENDBLK
  5
13A3
330
13A1
100
AcDbEntity
  8
0
100
AcDbBlockEnd
  0
BLOCK
  5
13AD
330
13AC
100
AcDbEntity
  8
0
100
AcDbBlockBegin
  2
*D412
 70
     1
 10
0.0
 20
0.0
 30
0.0
  3
*D412
  1

  0
LINE
  5
168D
330
13AC
100
AcDbEntity
  8
FD_Dimensions
 62
     0
440
 16777216
370
    -2
100
AcDbLine
 10
1010.486866
 20
611.902746
 30
0.0
 11
1020.986866
 21
611.902746
 31
0.0
  0
LINE
  5
168E
330
13AC
100
AcDbEntity
  8
FD_Dimensions
 62
     0
440
 16777216
370
    -2
100
AcDbLine
 10
1010.486866
 20
608.602746
 30
0.0
 11
1020.986866
 21
608.602746
 31
0.0
  0
LINE
  5
168F
330
13AC
100
AcDbEntity
  8
FD_Dimensions
 62
     0
440
 16777216
370
    -2
100
AcDbLine
 10
1018.886866
 20
615.402746
 30
0.0
 11
1018.886866
 21
618.902746
 31
0.0
  0
LINE
  5
1690
330
13AC
100
AcDbEntity
  8
FD_Dimensions
 62
     0
440
 16777216
370
    -2
100
AcDbLine
 10
1018.886866
 20
605.102746
 30
0.0
 11
1018.886866
 21
592.433032
 31
0.0
  0
LINE
  5
1691
330
13AC
100
AcDbEntity
  8
FD_Dimensions
 62
     0
440
 16777216
370
    -2
100
AcDbLine
 10
1018.886866
 20
611.902746
 30
0.0
 11
1018.886866
 21
608.602746
 31
0.0
  0
SOLID
  5
1692
330
13AC
100
AcDbEntity
  8
FD_Dimensions
 62
     0
440
 16777216
100
AcDbTrace
 10
1018.303533
 20
615.402746
 30
0.0
 11
1019.470199
 21
615.402746
 31
0.0
 12
1018.886866
 22
611.902746
 32
0.0
 13
1018.886866
 23
611.902746
 33
0.0
  0
SOLID
  5
1693
330
13AC
100
AcDbEntity
  8
FD_Dimensions
 62
     0
440
 16777216
100
AcDbTrace
 10
1018.303533
 20
605.102746
 30
0.0
 11
1019.470199
 21
605.102746
 31
0.0
 12
1018.886866
 22
608.602746
 32
0.0
 13
1018.886866
 23
608.602746
 33
0.0
  0
MTEXT
  5
1694
330
13AC
100
AcDbEntity
  8
FD_Dimensions
 62
     0
440
 16777216
100
AcDbMText
 10
1015.698667
 20
597.017889
 30
0.0
 40
3.5
 41
0.0
 46
0.0
 71
     5
 72
     1
  1
3.3
 11
0.0
 21
1.0
 31
0.0
 73
     1
 44
1.0
  0
POINT
  5
1695
330
13AC
100
AcDbEntity
  8
Defpoints
 62
     0
440
 16777216
100
AcDbPoint
 10
1008.386866
 20
611.902746
 30
0.0
  0
POINT
  5
1696
330
13AC
100
AcDbEntity
  8
Defpoints
 62
     0
440
 16777216
100
AcDbPoint
 10
1008.386866
 20
608.602746
 30
0.0
  0
POINT
  5
1697
330
13AC
100
AcDbEntity
  8
Defpoints
 62
     0
440
 16777216
100
AcDbPoint
 10
1018.886866
 20
608.602746
 30
0.0
  0
ENDBLK
  5
13AE
330
13AC
100
AcDbEntity
  8
0
100
AcDbBlockEnd
  0
BLOCK
  5
13BB
330
13BA
100
AcDbEntity
  8
0
100
AcDbBlockBegin
  2
*D413
 70
     1
 10
0.0
 20
0.0
 30
0.0
  3
*D413
  1

  0
LINE
  5
1698
330
13BA
100
AcDbEntity
  8
FD_Dimensions
 62
     0
440
 16777216
370
    -2
100
AcDbLine
 10
958.386866
 20
614.002746
 30
0.0
 11
958.386866
 21
617.901798
 31
0.0
  0
LINE
  5
1699
330
13BA
100
AcDbEntity
  8
FD_Dimensions
 62
     0
440
 16777216
370
    -2
100
AcDbLine
 10
1008.386866
 20
614.002746
 30
0.0
 11
1008.386866
 21
617.901798
 31
0.0
  0
LINE
  5
169A
330
13BA
100
AcDbEntity
  8
FD_Dimensions
 62
     0
440
 16777216
370
    -2
100
AcDbLine
 10
961.886866
 20
615.801798
 30
0.0
 11
1004.886866
 21
615.801798
 31
0.0
  0
SOLID
  5
169B
330
13BA
100
AcDbEntity
  8
FD_Dimensions
 62
     0
440
 16777216
100
AcDbTrace
 10
961.886866
 20
616.385131
 30
0.0
 11
961.886866
 21
615.218464
 31
0.0
 12
958.386866
 22
615.801798
 32
0.0
 13
958.386866
 23
615.801798
 33
0.0
  0
SOLID
  5
169C
330
13BA
100
AcDbEntity
  8
FD_Dimensions
 62
     0
440
 16777216
100
AcDbTrace
 10
1004.886866
 20
616.385131
 30
0.0
 11
1004.886866
 21
615.218464
 31
0.0
 12
1008.386866
 22
615.801798
 32
0.0
 13
1008.386866
 23
615.801798
 33
0.0
  0
MTEXT
  5
169D
330
13BA
100
AcDbEntity
  8
FD_Dimensions
 62
     0
440
 16777216
100
AcDbMText
 10
983.386866
 20
618.988803
 30
0.0
 40
3.5
 41
0.0
 46
0.0
 71
     5
 72
     1
  1
50
 73
     1
 44
1.0
  0
POINT
  5
169E
330
13BA
100
AcDbEntity
  8
Defpoints
 62
     0
440
 16777216
100
AcDbPoint
 10
958.386866
 20
611.902746
 30
0.0
  0
POINT
  5
169F
330
13BA
100
AcDbEntity
  8
Defpoints
 62
     0
440
 16777216
100
AcDbPoint
 10
1008.386866
 20
611.902746
 30
0.0
  0
POINT
  5
16A0
330
13BA
100
AcDbEntity
  8
Defpoints
 62
     0
440
 16777216
100
AcDbPoint
 10
1008.386866
 20
615.801798
 30
0.0
  0
ENDBLK
  5
13BC
330
13BA
100
AcDbEntity
  8
0
100
AcDbBlockEnd
  0
ENDSEC
  0
SECTION
  2
ENTITIES
  0
INSERT
  5
2A9
330
70
100
AcDbEntity
  8
TITLEBLOCK
100
AcDbBlockReference
 66
     1
  2
ISO_TITLEBLOCK
 10
1190.0
 20
10.0
 30
0.0
  0
ATTRIB
  5
2E5
330
2A9
100
AcDbEntity
  8
TITLEBLOCK
100
AcDbText
 10
1140.0
 20
11.5
 30
0.0
 40
3.5
  1

  7
FusionTitle
 11
1140.0
 21
15.0
 31
0.0
100
AcDbAttribute
280
     0
  2
DATE_OF_ISSUE
 70
     0
 74
     3
280
     1
  0
ATTRIB
  5
2E6
330
2A9
100
AcDbEntity
  8
TITLEBLOCK
100
AcDbText
 10
1134.0
 20
11.35
 30
0.0
 40
3.5
  1

  7
FusionTitle
 72
     1
 11
1134.0
 21
14.85
 31
0.0
100
AcDbAttribute
280
     0
  2
REV
 70
     0
 74
     3
280
     1
  0
ATTRIB
  5
2E7
330
2A9
100
AcDbEntity
  8
TITLEBLOCK
100
AcDbText
 10
1069.0
 20
11.5
 30
0.0
 40
5.0
  1

  7
FusionTitle
 11
1069.0
 21
16.5
 31
0.0
100
AcDbAttribute
280
     0
  2
TITLE_3
 70
     0
 74
     3
280
     1
  0
ATTRIB
  5
2E8
330
2A9
100
AcDbEntity
  8
TITLEBLOCK
100
AcDbText
 10
1130.0
 20
38.5
 30
0.0
 40
3.5
  1

  7
FusionTitle
 11
1130.0
 21
42.0
 31
0.0
100
AcDbAttribute
280
     0
  2
DOCUMENT_STATUS
 70
     0
 74
     3
280
     1
  0
ATTRIB
  5
2E9
330
2A9
100
AcDbEntity
  8
TITLEBLOCK
100
AcDbText
 10
1069.0
 20
38.5
 30
0.0
 40
3.5
  1

  7
FusionTitle
 11
1069.0
 21
42.0
 31
0.0
100
AcDbAttribute
280
     0
  2
DOCUMENT_TYPE
 70
     0
 74
     3
280
     1
  0
ATTRIB
  5
2EA
330
2A9
100
AcDbEntity
  8
TITLEBLOCK
100
AcDbText
 10
1189.007162
 20
48.5
 30
0.0
 40
3.5
  1

  7
FusionTitle
 72
     2
 11
1189.007162
 21
52.0
 31
0.0
100
AcDbAttribute
280
     0
  2
APPROVED_DATE
 70
     0
 74
     3
280
     1
  0
ATTRIB
  5
2EB
330
2A9
100
AcDbEntity
  8
TITLEBLOCK
100
AcDbText
 10
1102.989086
 20
48.5
 30
0.0
 40
3.5
  1
18-12-2025
  7
FusionTitle
 72
     2
 11
1128.0
 21
52.0
 31
0.0
100
AcDbAttribute
280
     0
  2
CREATED_DATE
 70
     0
 74
     3
280
     1
  0
ATTRIB
  5
2EC
330
2A9
100
AcDbEntity
  8
TITLEBLOCK
100
AcDbText
 10
1179.101467
 20
11.35
 30
0.0
 40
3.5
  1
1/1
  7
FusionTitle
 72
     1
 11
1182.5
 21
14.85
 31
0.0
100
AcDbAttribute
280
     0
  2
SHEET
 70
     0
 74
     3
280
     1
  0
ATTRIB
  5
2ED
330
2A9
100
AcDbEntity
  8
TITLEBLOCK
100
AcDbText
 10
1069.0
 20
19.0
 30
0.0
 40
5.0
  1

  7
FusionTitle
 11
1069.0
 21
24.0
 31
0.0
100
AcDbAttribute
280
     0
  2
TITLE_2
 70
     0
 74
     3
280
     1
  0
ATTRIB
  5
2EE
330
2A9
100
AcDbEntity
  8
TITLEBLOCK
100
AcDbText
 10
1159.5
 20
24.751432
 30
0.0
 40
5.0
  1

  7
FusionTitle
 72
     1
 11
1159.5
 21
29.751432
 31
0.0
100
AcDbAttribute
280
     0
  2
DRAWING_NUMBER
 70
     0
 74
     3
280
     1
  0
ATTRIB
  5
2EF
330
2A9
100
AcDbEntity
  8
TITLEBLOCK
100
AcDbText
 10
1069.0
 20
26.5
 30
0.0
 40
5.0
  1
LED Matrix Box Base
 41
0.884242
  7
FusionTitle
 11
1069.0
 21
31.5
 31
0.0
100
AcDbAttribute
280
     0
  2
TITLE_1
 70
     0
 74
     3
280
     1
1001
FUSIONTITLEBLOCKATTRIBUTEOVERRIDE
1070
     1
  0
ATTRIB
  5
2F0
330
2A9
100
AcDbEntity
  8
TITLEBLOCK
100
AcDbText
 10
1130.0
 20
48.5
 30
0.0
 40
3.5
  1

  7
FusionTitle
 11
1130.0
 21
52.0
 31
0.0
100
AcDbAttribute
280
     0
  2
APPROVED_BY
 70
     0
 74
     3
280
     1
  0
ATTRIB
  5
2F1
330
2A9
100
AcDbEntity
  8
TITLEBLOCK
100
AcDbText
 10
1069.0
 20
48.5
 30
0.0
 40
3.5
  1
Sharad Patel
  7
FusionTitle
 11
1069.0
 21
52.0
 31
0.0
100
AcDbAttribute
280
     0
  2
CREATED_BY
 70
     0
 74
     3
280
     1
  0
ATTRIB
  5
2F2
330
2A9
100
AcDbEntity
  8
TITLEBLOCK
100
AcDbText
 10
1035.0
 20
48.5
 30
0.0
 40
3.5
  1

  7
FusionTitle
 11
1035.0
 21
52.0
 31
0.0
100
AcDbAttribute
280
     0
  2
TECHNICAL_REFERENCE
 70
     0
 74
     3
280
     1
  0
ATTRIB
  5
2F3
330
2A9
100
AcDbEntity
  8
TITLEBLOCK
100
AcDbText
 10
1011.0
 20
48.5
 30
0.0
 40
3.5
  1

  7
FusionTitle
 11
1011.0
 21
52.0
 31
0.0
100
AcDbAttribute
280
     0
  2
DEPT
 70
     0
 74
     3
280
     1
  0
SEQEND
  5
2F4
330
2A9
100
AcDbEntity
  8
TITLEBLOCK
  0
INSERT
  5
2F5
330
70
100
AcDbEntity
  8
Smart Centers
 48
0.75
100
AcDbBlockReference
  2
*U3
 10
983.486866
 20
157.202746
 30
0.0
  0
INSERT
  5
300
330
70
100
AcDbEntity
  8
Smart Centers
 48
0.75
100
AcDbBlockReference
  2
*U4
 10
930.186866
 20
157.202746
 30
0.0
  0
INSERT
  5
30A
330
70
100
AcDbEntity
  8
Smart Centers
 48
0.75
100
AcDbBlockReference
  2
*U5
 10
716.986866
 20
263.802746
 30
0.0
  0
INSERT
  5
314
330
70
100
AcDbEntity
  8
Smart Centers
 48
0.75
100
AcDbBlockReference
  2
*U6
 10
450.486866
 20
850.102746
 30
0.0
  0
INSERT
  5
31E
330
70
100
AcDbEntity
  8
Smart Centers
 48
0.75
100
AcDbBlockReference
  2
*U7
 10
876.886866
 20
157.202746
 30
0.0
  0
INSERT
  5
328
330
70
100
AcDbEntity
  8
Smart Centers
 48
0.75
100
AcDbBlockReference
  2
*U8
 10
823.586866
 20
157.202746
 30
0.0
  0
INSERT
  5
332
330
70
100
AcDbEntity
  8
Smart Centers
 48
0.75
100
AcDbBlockReference
  2
*U9
 10
503.786866
 20
317.102746
 30
0.0
  0
INSERT
  5
33C
330
70
100
AcDbEntity
  8
Smart Centers
 48
0.75
100
AcDbBlockReference
  2
*U10
 10
130.686866
 20
317.102746
 30
0.0
  0
INSERT
  5
346
330
70
100
AcDbEntity
  8
Smart Centers
 48
0.75
100
AcDbBlockReference
  2
*U11
 10
770.286866
 20
157.202746
 30
0.0
  0
INSERT
  5
350
330
70
100
AcDbEntity
  8
Smart Centers
 48
0.75
100
AcDbBlockReference
  2
*U12
 10
716.986866
 20
157.202746
 30
0.0
  0
INSERT
  5
35A
330
70
100
AcDbEntity
  8
Smart Centers
 48
0.75
100
AcDbBlockReference
  2
*U13
 10
503.786866
 20
210.502746
 30
0.0
  0
INSERT
  5
364
330
70
100
AcDbEntity
  8
Smart Centers
 48
0.75
100
AcDbBlockReference
  2
*U14
 10
1036.786866
 20
1116.602746
 30
0.0
  0
INSERT
  5
36E
330
70
100
AcDbEntity
  8
Smart Centers
 48
0.75
100
AcDbBlockReference
  2
*U15
 10
663.686866
 20
157.202746
 30
0.0
  0
INSERT
  5
378
330
70
100
AcDbEntity
  8
Smart Centers
 48
0.75
100
AcDbBlockReference
  2
*U16
 10
610.386866
 20
157.202746
 30
0.0
  0
INSERT
  5
382
330
70
100
AcDbEntity
  8
Smart Centers
 48
0.75
100
AcDbBlockReference
  2
*U17
 10
557.086866
 20
317.102746
 30
0.0
  0
INSERT
  5
38C
330
70
100
AcDbEntity
  8
Smart Centers
 48
0.75
100
AcDbBlockReference
  2
*U18
 10
557.086866
 20
157.202746
 30
0.0
  0
INSERT
  5
396
330
70
100
AcDbEntity
  8
Smart Centers
 48
0.75
100
AcDbBlockReference
  2
*U19
 10
503.786866
 20
157.202746
 30
0.0
  0
INSERT
  5
3A0
330
70
100
AcDbEntity
  8
Smart Centers
 48
0.75
100
AcDbBlockReference
  2
*U20
 10
557.086866
 20
210.502746
 30
0.0
  0
INSERT
  5
3AA
330
70
100
AcDbEntity
  8
Smart Centers
 48
0.75
100
AcDbBlockReference
  2
*U21
 10
1090.086866
 20
1010.002746
 30
0.0
  0
INSERT
  5
3B4
330
70
100
AcDbEntity
  8
Smart Centers
 48
0.75
100
AcDbBlockReference
  2
*U22
 10
450.486866
 20
157.202746
 30
0.0
  0
INSERT
  5
3BE
330
70
100
AcDbEntity
  8
Smart Centers
 48
0.75
100
AcDbBlockReference
  2
*U23
 10
397.186866
 20
157.202746
 30
0.0
  0
INSERT
  5
3C8
330
70
100
AcDbEntity
  8
Smart Centers
 48
0.75
100
AcDbBlockReference
  2
*U24
 10
610.386866
 20
317.102746
 30
0.0
  0
INSERT
  5
3D2
330
70
100
AcDbEntity
  8
Smart Centers
 48
0.75
100
AcDbBlockReference
  2
*U25
 10
343.886866
 20
157.202746
 30
0.0
  0
INSERT
  5
3DC
330
70
100
AcDbEntity
  8
Smart Centers
 48
0.75
100
AcDbBlockReference
  2
*U26
 10
290.586866
 20
157.202746
 30
0.0
  0
INSERT
  5
3E6
330
70
100
AcDbEntity
  8
Smart Centers
 48
0.75
100
AcDbBlockReference
  2
*U27
 10
77.386866
 20
1063.302746
 30
0.0
  0
INSERT
  5
3F0
330
70
100
AcDbEntity
  8
Smart Centers
 48
0.75
100
AcDbBlockReference
  2
*U28
 10
237.286866
 20
157.202746
 30
0.0
  0
INSERT
  5
3FA
330
70
100
AcDbEntity
  8
Smart Centers
 48
0.75
100
AcDbBlockReference
  2
*U29
 10
183.986866
 20
157.202746
 30
0.0
  0
INSERT
  5
404
330
70
100
AcDbEntity
  8
Smart Centers
 48
0.75
100
AcDbBlockReference
  2
*U30
 10
663.686866
 20
317.102746
 30
0.0
  0
INSERT
  5
40E
330
70
100
AcDbEntity
  8
Smart Centers
 48
0.75
100
AcDbBlockReference
  2
*U31
 10
610.386866
 20
210.502746
 30
0.0
  0
INSERT
  5
418
330
70
100
AcDbEntity
  8
Smart Centers
 48
0.75
100
AcDbBlockReference
  2
*U32
 10
130.686866
 20
157.202746
 30
0.0
  0
INSERT
  5
422
330
70
100
AcDbEntity
  8
Smart Centers
 48
0.75
100
AcDbBlockReference
  2
*U33
 10
77.386866
 20
157.202746
 30
0.0
  0
INSERT
  5
42C
330
70
100
AcDbEntity
  8
Smart Centers
 48
0.75
100
AcDbBlockReference
  2
*U34
 10
183.986866
 20
583.602746
 30
0.0
  0
INSERT
  5
436
330
70
100
AcDbEntity
  8
Smart Centers
 48
0.75
100
AcDbBlockReference
  2
*U35
 10
1090.086866
 20
103.902746
 30
0.0
  0
INSERT
  5
440
330
70
100
AcDbEntity
  8
Smart Centers
 48
0.75
100
AcDbBlockReference
  2
*U36
 10
1036.786866
 20
103.902746
 30
0.0
  0
INSERT
  5
44A
330
70
100
AcDbEntity
  8
Smart Centers
 48
0.75
100
AcDbBlockReference
  2
*U37
 10
716.986866
 20
317.102746
 30
0.0
  0
INSERT
  5
454
330
70
100
AcDbEntity
  8
Smart Centers
 48
0.75
100
AcDbBlockReference
  2
*U38
 10
397.186866
 20
210.502746
 30
0.0
  0
INSERT
  5
45E
330
70
100
AcDbEntity
  8
Smart Centers
 48
0.75
100
AcDbBlockReference
  2
*U39
 10
983.486866
 20
103.902746
 30
0.0
  0
INSERT
  5
468
330
70
100
AcDbEntity
  8
Smart Centers
 48
0.75
100
AcDbBlockReference
  2
*U40
 10
930.186866
 20
103.902746
 30
0.0
  0
INSERT
  5
472
330
70
100
AcDbEntity
  8
Smart Centers
 48
0.75
100
AcDbBlockReference
  2
*U41
 10
450.486866
 20
210.502746
 30
0.0
  0
INSERT
  5
47C
330
70
100
AcDbEntity
  8
Smart Centers
 48
0.75
100
AcDbBlockReference
  2
*U42
 10
503.786866
 20
796.802746
 30
0.0
  0
INSERT
  5
486
330
70
100
AcDbEntity
  8
Smart Centers
 48
0.75
100
AcDbBlockReference
  2
*U43
 10
876.886866
 20
103.902746
 30
0.0
  0
INSERT
  5
490
330
70
100
AcDbEntity
  8
Smart Centers
 48
0.75
100
AcDbBlockReference
  2
*U44
 10
823.586866
 20
103.902746
 30
0.0
  0
INSERT
  5
49A
330
70
100
AcDbEntity
  8
Smart Centers
 48
0.75
100
AcDbBlockReference
  2
*U45
 10
770.286866
 20
317.102746
 30
0.0
  0
INSERT
  5
4A4
330
70
100
AcDbEntity
  8
Smart Centers
 48
0.75
100
AcDbBlockReference
  2
*U46
 10
770.286866
 20
103.902746
 30
0.0
  0
INSERT
  5
4AE
330
70
100
AcDbEntity
  8
Smart Centers
 48
0.75
100
AcDbBlockReference
  2
*U47
 10
716.986866
 20
103.902746
 30
0.0
  0
INSERT
  5
4B8
330
70
100
AcDbEntity
  8
Smart Centers
 48
0.75
100
AcDbBlockReference
  2
*U48
 10
663.686866
 20
210.502746
 30
0.0
  0
INSERT
  5
4C2
330
70
100
AcDbEntity
  8
Smart Centers
 48
0.75
100
AcDbBlockReference
  2
*U49
 10
663.686866
 20
583.602746
 30
0.0
  0
INSERT
  5
4CC
330
70
100
AcDbEntity
  8
Smart Centers
 48
0.75
100
AcDbBlockReference
  2
*U50
 10
663.686866
 20
103.902746
 30
0.0
  0
INSERT
  5
4D6
330
70
100
AcDbEntity
  8
Smart Centers
 48
0.75
100
AcDbBlockReference
  2
*U51
 10
610.386866
 20
103.902746
 30
0.0
  0
INSERT
  5
4E0
330
70
100
AcDbEntity
  8
Smart Centers
 48
0.75
100
AcDbBlockReference
  2
*U52
 10
823.586866
 20
317.102746
 30
0.0
  0
INSERT
  5
4EA
330
70
100
AcDbEntity
  8
Smart Centers
 48
0.75
100
AcDbBlockReference
  2
*U53
 10
557.086866
 20
103.902746
 30
0.0
  0
INSERT
  5
4F4
330
70
100
AcDbEntity
  8
Smart Centers
 48
0.75
100
AcDbBlockReference
  2
*U54
 10
503.786866
 20
103.902746
 30
0.0
  0
INSERT
  5
4FE
330
70
100
AcDbEntity
  8
Smart Centers
 48
0.75
100
AcDbBlockReference
  2
*U55
 10
716.986866
 20
210.502746
 30
0.0
  0
INSERT
  5
508
330
70
100
AcDbEntity
  8
Smart Centers
 48
0.75
100
AcDbBlockReference
  2
*U56
 10
343.886866
 20
583.602746
 30
0.0
  0
INSERT
  5
512
330
70
100
AcDbEntity
  8
Smart Centers
 48
0.75
100
AcDbBlockReference
  2
*U57
 10
450.486866
 20
103.902746
 30
0.0
  0
INSERT
  5
51C
330
70
100
AcDbEntity
  8
Smart Centers
 48
0.75
100
AcDbBlockReference
  2
*U58
 10
397.186866
 20
103.902746
 30
0.0
  0
INSERT
  5
526
330
70
100
AcDbEntity
  8
Smart Centers
 48
0.75
100
AcDbBlockReference
  2
*U59
 10
876.886866
 20
317.102746
 30
0.0
  0
INSERT
  5
530
330
70
100
AcDbEntity
  8
Smart Centers
 48
0.75
100
AcDbBlockReference
  2
*U60
 10
343.886866
 20
103.902746
 30
0.0
  0
INSERT
  5
53A
330
70
100
AcDbEntity
  8
Smart Centers
 48
0.75
100
AcDbBlockReference
  2
*U61
 10
290.586866
 20
103.902746
 30
0.0
  0
INSERT
  5
544
330
70
100
AcDbEntity
  8
Smart Centers
 48
0.75
100
AcDbBlockReference
  2
*U62
 10
237.286866
 20
530.302746
 30
0.0
  0
INSERT
  5
54E
330
70
100
AcDbEntity
  8
Smart Centers
 48
0.75
100
AcDbBlockReference
  2
*U63
 10
237.286866
 20
103.902746
 30
0.0
  0
INSERT
  5
558
330
70
100
AcDbEntity
  8
Smart Centers
 48
0.75
100
AcDbBlockReference
  2
*U64
 10
183.986866
 20
103.902746
 30
0.0
  0
INSERT
  5
562
330
70
100
AcDbEntity
  8
Smart Centers
 48
0.75
100
AcDbBlockReference
  2
*U65
 10
930.186866
 20
317.102746
 30
0.0
  0
INSERT
  5
56C
330
70
100
AcDbEntity
  8
Smart Centers
 48
0.75
100
AcDbBlockReference
  2
*U66
 10
290.586866
 20
210.502746
 30
0.0
  0
INSERT
  5
576
330
70
100
AcDbEntity
  8
Smart Centers
 48
0.75
100
AcDbBlockReference
  2
*U67
 10
130.686866
 20
103.902746
 30
0.0
  0
INSERT
  5
580
330
70
100
AcDbEntity
  8
Smart Centers
 48
0.75
100
AcDbBlockReference
  2
*U68
 10
77.386866
 20
103.902746
 30
0.0
  0
INSERT
  5
58A
330
70
100
AcDbEntity
  8
Smart Centers
 48
0.75
100
AcDbBlockReference
  2
*U69
 10
343.886866
 20
210.502746
 30
0.0
  0
INSERT
  5
594
330
70
100
AcDbEntity
  8
Smart Centers
 48
0.75
100
AcDbBlockReference
  2
*U70
 10
503.786866
 20
903.402746
 30
0.0
  0
INSERT
  5
59E
330
70
100
AcDbEntity
  8
Smart Centers
 48
0.75
100
AcDbBlockReference
  2
*U71
 10
663.686866
 20
1116.602746
 30
0.0
  0
INSERT
  5
5A8
330
70
100
AcDbEntity
  8
Smart Centers
 48
0.75
100
AcDbBlockReference
  2
*U72
 10
823.586866
 20
850.102746
 30
0.0
  0
INSERT
  5
5B2
330
70
100
AcDbEntity
  8
Smart Centers
 48
0.75
100
AcDbBlockReference
  2
*U73
 10
983.486866
 20
317.102746
 30
0.0
  0
INSERT
  5
5BC
330
70
100
AcDbEntity
  8
Smart Centers
 48
0.75
100
AcDbBlockReference
  2
*U74
 10
610.386866
 20
263.802746
 30
0.0
  0
INSERT
  5
5C6
330
70
100
AcDbEntity
  8
Smart Centers
 48
0.75
100
AcDbBlockReference
  2
*U75
 10
876.886866
 20
956.702746
 30
0.0
  0
INSERT
  5
5D0
330
70
100
AcDbEntity
  8
Smart Centers
 48
0.75
100
AcDbBlockReference
  2
*U76
 10
983.486866
 20
583.602746
 30
0.0
  0
INSERT
  5
5DA
330
70
100
AcDbEntity
  8
Smart Centers
 48
0.75
100
AcDbBlockReference
  2
*U77
 10
663.686866
 20
263.802746
 30
0.0
  0
INSERT
  5
5E4
330
70
100
AcDbEntity
  8
Smart Centers
 48
0.75
100
AcDbBlockReference
  2
*U78
 10
343.886866
 20
1063.302746
 30
0.0
  0
INSERT
  5
5EE
330
70
100
AcDbEntity
  8
Smart Centers
 48
0.75
100
AcDbBlockReference
  2
*U79
 10
397.186866
 20
956.702746
 30
0.0
  0
INSERT
  5
5F8
330
70
100
AcDbEntity
  8
Smart Centers
 48
0.75
100
AcDbBlockReference
  2
*U80
 10
930.186866
 20
850.102746
 30
0.0
  0
INSERT
  5
602
330
70
100
AcDbEntity
  8
Smart Centers
 48
0.75
100
AcDbBlockReference
  2
*U81
 10
1036.786866
 20
317.102746
 30
0.0
  0
INSERT
  5
60C
330
70
100
AcDbEntity
  8
Smart Centers
 48
0.75
100
AcDbBlockReference
  2
*U82
 10
770.286866
 20
263.802746
 30
0.0
  0
INSERT
  5
616
330
70
100
AcDbEntity
  8
Smart Centers
 48
0.75
100
AcDbBlockReference
  2
*U83
 10
557.086866
 20
583.602746
 30
0.0
  0
INSERT
  5
620
330
70
100
AcDbEntity
  8
Smart Centers
 48
0.75
100
AcDbBlockReference
  2
*U84
 10
397.186866
 20
530.302746
 30
0.0
  0
INSERT
  5
62A
330
70
100
AcDbEntity
  8
Smart Centers
 48
0.75
100
AcDbBlockReference
  2
*U85
 10
1090.086866
 20
317.102746
 30
0.0
  0
INSERT
  5
634
330
70
100
AcDbEntity
  8
Smart Centers
 48
0.75
100
AcDbBlockReference
  2
*U86
 10
823.586866
 20
263.802746
 30
0.0
  0
INSERT
  5
63E
330
70
100
AcDbEntity
  8
Smart Centers
 48
0.75
100
AcDbBlockReference
  2
*U87
 10
557.086866
 20
903.402746
 30
0.0
  0
INSERT
  5
648
330
70
100
AcDbEntity
  8
Smart Centers
 48
0.75
100
AcDbBlockReference
  2
*U88
 10
290.586866
 20
903.402746
 30
0.0
  0
INSERT
  5
652
330
70
100
AcDbEntity
  8
Smart Centers
 48
0.75
100
AcDbBlockReference
  2
*U89
 10
77.386866
 20
370.402746
 30
0.0
  0
INSERT
  5
65C
330
70
100
AcDbEntity
  8
Smart Centers
 48
0.75
100
AcDbBlockReference
  2
*U90
 10
876.886866
 20
263.802746
 30
0.0
  0
INSERT
  5
666
330
70
100
AcDbEntity
  8
Smart Centers
 48
0.75
100
AcDbBlockReference
  2
*U91
 10
343.886866
 20
850.102746
 30
0.0
  0
INSERT
  5
670
330
70
100
AcDbEntity
  8
Smart Centers
 48
0.75
100
AcDbBlockReference
  2
*U92
 10
397.186866
 20
636.902746
 30
0.0
  0
INSERT
  5
67A
330
70
100
AcDbEntity
  8
Smart Centers
 48
0.75
100
AcDbBlockReference
  2
*U93
 10
130.686866
 20
370.402746
 30
0.0
  0
INSERT
  5
684
330
70
100
AcDbEntity
  8
Smart Centers
 48
0.75
100
AcDbBlockReference
  2
*U94
 10
930.186866
 20
263.802746
 30
0.0
  0
INSERT
  5
68E
330
70
100
AcDbEntity
  8
Smart Centers
 48
0.75
100
AcDbBlockReference
  2
*U95
 10
610.386866
 20
903.402746
 30
0.0
  0
INSERT
  5
698
330
70
100
AcDbEntity
  8
Smart Centers
 48
0.75
100
AcDbBlockReference
  2
*U96
 10
450.486866
 20
796.802746
 30
0.0
  0
INSERT
  5
6A2
330
70
100
AcDbEntity
  8
Smart Centers
 48
0.75
100
AcDbBlockReference
  2
*U97
 10
183.986866
 20
370.402746
 30
0.0
  0
INSERT
  5
6AC
330
70
100
AcDbEntity
  8
Smart Centers
 48
0.75
100
AcDbBlockReference
  2
*U98
 10
983.486866
 20
263.802746
 30
0.0
  0
INSERT
  5
6B6
330
70
100
AcDbEntity
  8
Smart Centers
 48
0.75
100
AcDbBlockReference
  2
*U99
 10
343.886866
 20
636.902746
 30
0.0
  0
INSERT
  5
6C0
330
70
100
AcDbEntity
  8
Smart Centers
 48
0.75
100
AcDbBlockReference
  2
*U100
 10
823.586866
 20
690.202746
 30
0.0
  0
INSERT
  5
6CA
330
70
100
AcDbEntity
  8
Smart Centers
 48
0.75
100
AcDbBlockReference
  2
*U101
 10
237.286866
 20
370.402746
 30
0.0
  0
INSERT
  5
6D4
330
70
100
AcDbEntity
  8
Smart Centers
 48
0.75
100
AcDbBlockReference
  2
*U102
 10
1036.786866
 20
263.802746
 30
0.0
  0
INSERT
  5
6DE
330
70
100
AcDbEntity
  8
Smart Centers
 48
0.75
100
AcDbBlockReference
  2
*U103
 10
290.586866
 20
530.302746
 30
0.0
  0
INSERT
  5
6E8
330
70
100
AcDbEntity
  8
Smart Centers
 48
0.75
100
AcDbBlockReference
  2
*U104
 10
290.586866
 20
370.402746
 30
0.0
  0
INSERT
  5
6F2
330
70
100
AcDbEntity
  8
Smart Centers
 48
0.75
100
AcDbBlockReference
  2
*U105
 10
1090.086866
 20
263.802746
 30
0.0
  0
INSERT
  5
6FC
330
70
100
AcDbEntity
  8
Smart Centers
 48
0.75
100
AcDbBlockReference
  2
*U106
 10
237.286866
 20
850.102746
 30
0.0
  0
INSERT
  5
706
330
70
100
AcDbEntity
  8
Smart Centers
 48
0.75
100
AcDbBlockReference
  2
*U107
 10
343.886866
 20
370.402746
 30
0.0
  0
INSERT
  5
710
330
70
100
AcDbEntity
  8
Smart Centers
 48
0.75
100
AcDbBlockReference
  2
*U108
 10
983.486866
 20
1063.302746
 30
0.0
  0
INSERT
  5
71A
330
70
100
AcDbEntity
  8
Smart Centers
 48
0.75
100
AcDbBlockReference
  2
*U109
 10
397.186866
 20
370.402746
 30
0.0
  0
INSERT
  5
724
330
70
100
AcDbEntity
  8
Smart Centers
 48
0.75
100
AcDbBlockReference
  2
*U110
 10
557.086866
 20
263.802746
 30
0.0
  0
INSERT
  5
72E
330
70
100
AcDbEntity
  8
Smart Centers
 48
0.75
100
AcDbBlockReference
  2
*U111
 10
450.486866
 20
370.402746
 30
0.0
  0
INSERT
  5
738
330
70
100
AcDbEntity
  8
Smart Centers
 48
0.75
100
AcDbBlockReference
  2
*U112
 10
503.786866
 20
370.402746
 30
0.0
  0
INSERT
  5
742
330
70
100
AcDbEntity
  8
Smart Centers
 48
0.75
100
AcDbBlockReference
  2
*U113
 10
77.386866
 20
317.102746
 30
0.0
  0
INSERT
  5
74C
330
70
100
AcDbEntity
  8
Smart Centers
 48
0.75
100
AcDbBlockReference
  2
*U114
 10
557.086866
 20
370.402746
 30
0.0
  0
INSERT
  5
756
330
70
100
AcDbEntity
  8
Smart Centers
 48
0.75
100
AcDbBlockReference
  2
*U115
 10
450.486866
 20
263.802746
 30
0.0
  0
INSERT
  5
760
330
70
100
AcDbEntity
  8
Smart Centers
 48
0.75
100
AcDbBlockReference
  2
*U116
 10
397.186866
 20
263.802746
 30
0.0
  0
INSERT
  5
76A
330
70
100
AcDbEntity
  8
Smart Centers
 48
0.75
100
AcDbBlockReference
  2
*U117
 10
610.386866
 20
370.402746
 30
0.0
  0
INSERT
  5
774
330
70
100
AcDbEntity
  8
Smart Centers
 48
0.75
100
AcDbBlockReference
  2
*U118
 10
130.686866
 20
690.202746
 30
0.0
  0
INSERT
  5
77E
330
70
100
AcDbEntity
  8
Smart Centers
 48
0.75
100
AcDbBlockReference
  2
*U119
 10
770.286866
 20
903.402746
 30
0.0
  0
INSERT
  5
788
330
70
100
AcDbEntity
  8
Smart Centers
 48
0.75
100
AcDbBlockReference
  2
*U120
 10
930.186866
 20
690.202746
 30
0.0
  0
INSERT
  5
792
330
70
100
AcDbEntity
  8
Smart Centers
 48
0.75
100
AcDbBlockReference
  2
*U121
 10
983.486866
 20
850.102746
 30
0.0
  0
INSERT
  5
79C
330
70
100
AcDbEntity
  8
Smart Centers
 48
0.75
100
AcDbBlockReference
  2
*U122
 10
397.186866
 20
850.102746
 30
0.0
  0
INSERT
  5
7A6
330
70
100
AcDbEntity
  8
Smart Centers
 48
0.75
100
AcDbBlockReference
  2
*U123
 10
663.686866
 20
370.402746
 30
0.0
  0
INSERT
  5
7B0
330
70
100
AcDbEntity
  8
Smart Centers
 48
0.75
100
AcDbBlockReference
  2
*U124
 10
503.786866
 20
263.802746
 30
0.0
  0
INSERT
  5
7BA
330
70
100
AcDbEntity
  8
Smart Centers
 48
0.75
100
AcDbBlockReference
  2
*U125
 10
716.986866
 20
370.402746
 30
0.0
  0
INSERT
  5
7C4
330
70
100
AcDbEntity
  8
Smart Centers
 48
0.75
100
AcDbBlockReference
  2
*U126
 10
1036.786866
 20
690.202746
 30
0.0
  0
INSERT
  5
7CE
330
70
100
AcDbEntity
  8
Smart Centers
 48
0.75
100
AcDbBlockReference
  2
*U127
 10
183.986866
 20
317.102746
 30
0.0
  0
INSERT
  5
7D8
330
70
100
AcDbEntity
  8
Smart Centers
 48
0.75
100
AcDbBlockReference
  2
*U128
 10
450.486866
 20
1116.602746
 30
0.0
  0
INSERT
  5
7E2
330
70
100
AcDbEntity
  8
Smart Centers
 48
0.75
100
AcDbBlockReference
  2
*U129
 10
770.286866
 20
370.402746
 30
0.0
  0
INSERT
  5
7EC
330
70
100
AcDbEntity
  8
Smart Centers
 48
0.75
100
AcDbBlockReference
  2
*U130
 10
237.286866
 20
317.102746
 30
0.0
  0
INSERT
  5
7F6
330
70
100
AcDbEntity
  8
Smart Centers
 48
0.75
100
AcDbBlockReference
  2
*U131
 10
823.586866
 20
370.402746
 30
0.0
  0
INSERT
  5
800
330
70
100
AcDbEntity
  8
Smart Centers
 48
0.75
100
AcDbBlockReference
  2
*U132
 10
450.486866
 20
317.102746
 30
0.0
  0
INSERT
  5
80A
330
70
100
AcDbEntity
  8
Smart Centers
 48
0.75
100
AcDbBlockReference
  2
*U133
 10
876.886866
 20
370.402746
 30
0.0
  0
INSERT
  5
814
330
70
100
AcDbEntity
  8
Smart Centers
 48
0.75
100
AcDbBlockReference
  2
*U134
 10
183.986866
 20
903.402746
 30
0.0
  0
INSERT
  5
81E
330
70
100
AcDbEntity
  8
Smart Centers
 48
0.75
100
AcDbBlockReference
  2
*U135
 10
237.286866
 20
583.602746
 30
0.0
  0
INSERT
  5
828
330
70
100
AcDbEntity
  8
Smart Centers
 48
0.75
100
AcDbBlockReference
  2
*U136
 10
930.186866
 20
370.402746
 30
0.0
  0
INSERT
  5
832
330
70
100
AcDbEntity
  8
Smart Centers
 48
0.75
100
AcDbBlockReference
  2
*U137
 10
930.186866
 20
903.402746
 30
0.0
  0
INSERT
  5
83C
330
70
100
AcDbEntity
  8
Smart Centers
 48
0.75
100
AcDbBlockReference
  2
*U138
 10
1036.786866
 20
850.102746
 30
0.0
  0
INSERT
  5
846
330
70
100
AcDbEntity
  8
Smart Centers
 48
0.75
100
AcDbBlockReference
  2
*U139
 10
716.986866
 20
583.602746
 30
0.0
  0
INSERT
  5
850
330
70
100
AcDbEntity
  8
Smart Centers
 48
0.75
100
AcDbBlockReference
  2
*U140
 10
983.486866
 20
370.402746
 30
0.0
  0
INSERT
  5
85A
330
70
100
AcDbEntity
  8
Smart Centers
 48
0.75
100
AcDbBlockReference
  2
*U141
 10
876.886866
 20
210.502746
 30
0.0
  0
INSERT
  5
864
330
70
100
AcDbEntity
  8
Smart Centers
 48
0.75
100
AcDbBlockReference
  2
*U142
 10
983.486866
 20
1116.602746
 30
0.0
  0
INSERT
  5
86E
330
70
100
AcDbEntity
  8
Smart Centers
 48
0.75
100
AcDbBlockReference
  2
*U143
 10
450.486866
 20
583.602746
 30
0.0
  0
INSERT
  5
878
330
70
100
AcDbEntity
  8
Smart Centers
 48
0.75
100
AcDbBlockReference
  2
*U144
 10
557.086866
 20
956.702746
 30
0.0
  0
INSERT
  5
882
330
70
100
AcDbEntity
  8
Smart Centers
 48
0.75
100
AcDbBlockReference
  2
*U145
 10
983.486866
 20
903.402746
 30
0.0
  0
INSERT
  5
88C
330
70
100
AcDbEntity
  8
Smart Centers
 48
0.75
100
AcDbBlockReference
  2
*U146
 10
1036.786866
 20
370.402746
 30
0.0
  0
INSERT
  5
896
330
70
100
AcDbEntity
  8
Smart Centers
 48
0.75
100
AcDbBlockReference
  2
*U147
 10
983.486866
 20
210.502746
 30
0.0
  0
INSERT
  5
8A0
330
70
100
AcDbEntity
  8
Smart Centers
 48
0.75
100
AcDbBlockReference
  2
*U148
 10
130.686866
 20
636.902746
 30
0.0
  0
INSERT
  5
8AA
330
70
100
AcDbEntity
  8
Smart Centers
 48
0.75
100
AcDbBlockReference
  2
*U149
 10
716.986866
 20
850.102746
 30
0.0
  0
INSERT
  5
8B4
330
70
100
AcDbEntity
  8
Smart Centers
 48
0.75
100
AcDbBlockReference
  2
*U150
 10
557.086866
 20
636.902746
 30
0.0
  0
INSERT
  5
8BE
330
70
100
AcDbEntity
  8
Smart Centers
 48
0.75
100
AcDbBlockReference
  2
*U151
 10
1090.086866
 20
850.102746
 30
0.0
  0
INSERT
  5
8C8
330
70
100
AcDbEntity
  8
Smart Centers
 48
0.75
100
AcDbBlockReference
  2
*U152
 10
1090.086866
 20
370.402746
 30
0.0
  0
INSERT
  5
8D2
330
70
100
AcDbEntity
  8
Smart Centers
 48
0.75
100
AcDbBlockReference
  2
*U153
 10
1090.086866
 20
210.502746
 30
0.0
  0
INSERT
  5
8DC
330
70
100
AcDbEntity
  8
Smart Centers
 48
0.75
100
AcDbBlockReference
  2
*U154
 10
290.586866
 20
1116.602746
 30
0.0
  0
INSERT
  5
8E6
330
70
100
AcDbEntity
  8
Smart Centers
 48
0.75
100
AcDbBlockReference
  2
*U155
 10
1036.786866
 20
210.502746
 30
0.0
  0
INSERT
  5
8F0
330
70
100
AcDbEntity
  8
Smart Centers
 48
0.75
100
AcDbBlockReference
  2
*U156
 10
183.986866
 20
530.302746
 30
0.0
  0
INSERT
  5
8FA
330
70
100
AcDbEntity
  8
Smart Centers
 48
0.75
100
AcDbBlockReference
  2
*U157
 10
77.386866
 20
423.702746
 30
0.0
  0
INSERT
  5
904
330
70
100
AcDbEntity
  8
Smart Centers
 48
0.75
100
AcDbBlockReference
  2
*U158
 10
770.286866
 20
210.502746
 30
0.0
  0
INSERT
  5
90E
330
70
100
AcDbEntity
  8
Smart Centers
 48
0.75
100
AcDbBlockReference
  2
*U159
 10
450.486866
 20
903.402746
 30
0.0
  0
INSERT
  5
918
330
70
100
AcDbEntity
  8
Smart Centers
 48
0.75
100
AcDbBlockReference
  2
*U160
 10
823.586866
 20
210.502746
 30
0.0
  0
INSERT
  5
922
330
70
100
AcDbEntity
  8
Smart Centers
 48
0.75
100
AcDbBlockReference
  2
*U161
 10
1090.086866
 20
690.202746
 30
0.0
  0
INSERT
  5
92C
330
70
100
AcDbEntity
  8
Smart Centers
 48
0.75
100
AcDbBlockReference
  2
*U162
 10
130.686866
 20
423.702746
 30
0.0
  0
INSERT
  5
936
330
70
100
AcDbEntity
  8
Smart Centers
 48
0.75
100
AcDbBlockReference
  2
*U163
 10
930.186866
 20
210.502746
 30
0.0
  0
INSERT
  5
940
330
70
100
AcDbEntity
  8
Smart Centers
 48
0.75
100
AcDbBlockReference
  2
*U164
 10
397.186866
 20
903.402746
 30
0.0
  0
INSERT
  5
94A
330
70
100
AcDbEntity
  8
Smart Centers
 48
0.75
100
AcDbBlockReference
  2
*U165
 10
770.286866
 20
850.102746
 30
0.0
  0
INSERT
  5
954
330
70
100
AcDbEntity
  8
Smart Centers
 48
0.75
100
AcDbBlockReference
  2
*U166
 10
290.586866
 20
583.602746
 30
0.0
  0
INSERT
  5
95E
330
70
100
AcDbEntity
  8
Smart Centers
 48
0.75
100
AcDbBlockReference
  2
*U167
 10
183.986866
 20
423.702746
 30
0.0
  0
INSERT
  5
968
330
70
100
AcDbEntity
  8
Smart Centers
 48
0.75
100
AcDbBlockReference
  2
*U168
 10
557.086866
 20
850.102746
 30
0.0
  0
INSERT
  5
972
330
70
100
AcDbEntity
  8
Smart Centers
 48
0.75
100
AcDbBlockReference
  2
*U169
 10
343.886866
 20
903.402746
 30
0.0
  0
INSERT
  5
97C
330
70
100
AcDbEntity
  8
Smart Centers
 48
0.75
100
AcDbBlockReference
  2
*U170
 10
290.586866
 20
317.102746
 30
0.0
  0
INSERT
  5
986
330
70
100
AcDbEntity
  8
Smart Centers
 48
0.75
100
AcDbBlockReference
  2
*U171
 10
503.786866
 20
530.302746
 30
0.0
  0
INSERT
  5
990
330
70
100
AcDbEntity
  8
Smart Centers
 48
0.75
100
AcDbBlockReference
  2
*U172
 10
237.286866
 20
423.702746
 30
0.0
  0
INSERT
  5
99A
330
70
100
AcDbEntity
  8
Smart Centers
 48
0.75
100
AcDbBlockReference
  2
*U173
 10
876.886866
 20
690.202746
 30
0.0
  0
INSERT
  5
9A4
330
70
100
AcDbEntity
  8
Smart Centers
 48
0.75
100
AcDbBlockReference
  2
*U174
 10
716.986866
 20
1063.302746
 30
0.0
  0
INSERT
  5
9AE
330
70
100
AcDbEntity
  8
Smart Centers
 48
0.75
100
AcDbBlockReference
  2
*U175
 10
343.886866
 20
317.102746
 30
0.0
  0
INSERT
  5
9B8
330
70
100
AcDbEntity
  8
Smart Centers
 48
0.75
100
AcDbBlockReference
  2
*U176
 10
823.586866
 20
530.302746
 30
0.0
  0
INSERT
  5
9C2
330
70
100
AcDbEntity
  8
Smart Centers
 48
0.75
100
AcDbBlockReference
  2
*U177
 10
290.586866
 20
423.702746
 30
0.0
  0
INSERT
  5
9CC
330
70
100
AcDbEntity
  8
Smart Centers
 48
0.75
100
AcDbBlockReference
  2
*U178
 10
716.986866
 20
796.802746
 30
0.0
  0
INSERT
  5
9D6
330
70
100
AcDbEntity
  8
Smart Centers
 48
0.75
100
AcDbBlockReference
  2
*U179
 10
557.086866
 20
796.802746
 30
0.0
  0
INSERT
  5
9E0
330
70
100
AcDbEntity
  8
Smart Centers
 48
0.75
100
AcDbBlockReference
  2
*U180
 10
397.186866
 20
317.102746
 30
0.0
  0
INSERT
  5
9EA
330
70
100
AcDbEntity
  8
Smart Centers
 48
0.75
100
AcDbBlockReference
  2
*U181
 10
1036.786866
 20
1063.302746
 30
0.0
  0
INSERT
  5
9F4
330
70
100
AcDbEntity
  8
Smart Centers
 48
0.75
100
AcDbBlockReference
  2
*U182
 10
343.886866
 20
423.702746
 30
0.0
  0
INSERT
  5
9FE
330
70
100
AcDbEntity
  8
Smart Centers
 48
0.75
100
AcDbBlockReference
  2
*U183
 10
130.686866
 20
583.602746
 30
0.0
  0
INSERT
  5
A08
330
70
100
AcDbEntity
  8
Smart Centers
 48
0.75
100
AcDbBlockReference
  2
*U184
 10
983.486866
 20
530.302746
 30
0.0
  0
INSERT
  5
A12
330
70
100
AcDbEntity
  8
Smart Centers
 48
0.75
100
AcDbBlockReference
  2
*U185
 10
77.386866
 20
263.802746
 30
0.0
  0
INSERT
  5
A1C
330
70
100
AcDbEntity
  8
Smart Centers
 48
0.75
100
AcDbBlockReference
  2
*U186
 10
77.386866
 20
903.402746
 30
0.0
  0
INSERT
  5
A26
330
70
100
AcDbEntity
  8
Smart Centers
 48
0.75
100
AcDbBlockReference
  2
*U187
 10
876.886866
 20
850.102746
 30
0.0
  0
INSERT
  5
A30
330
70
100
AcDbEntity
  8
Smart Centers
 48
0.75
100
AcDbBlockReference
  2
*U188
 10
397.186866
 20
423.702746
 30
0.0
  0
INSERT
  5
A3A
330
70
100
AcDbEntity
  8
Smart Centers
 48
0.75
100
AcDbBlockReference
  2
*U189
 10
610.386866
 20
583.602746
 30
0.0
  0
INSERT
  5
A44
330
70
100
AcDbEntity
  8
Smart Centers
 48
0.75
100
AcDbBlockReference
  2
*U190
 10
183.986866
 20
263.802746
 30
0.0
  0
INSERT
  5
A4E
330
70
100
AcDbEntity
  8
Smart Centers
 48
0.75
100
AcDbBlockReference
  2
*U191
 10
450.486866
 20
423.702746
 30
0.0
  0
INSERT
  5
A58
330
70
100
AcDbEntity
  8
Smart Centers
 48
0.75
100
AcDbBlockReference
  2
*U192
 10
130.686866
 20
903.402746
 30
0.0
  0
INSERT
  5
A62
330
70
100
AcDbEntity
  8
Smart Centers
 48
0.75
100
AcDbBlockReference
  2
*U193
 10
716.986866
 20
956.702746
 30
0.0
  0
INSERT
  5
A6C
330
70
100
AcDbEntity
  8
Smart Centers
 48
0.75
100
AcDbBlockReference
  2
*U194
 10
930.186866
 20
743.502746
 30
0.0
  0
INSERT
  5
A76
330
70
100
AcDbEntity
  8
Smart Centers
 48
0.75
100
AcDbBlockReference
  2
*U195
 10
503.786866
 20
583.602746
 30
0.0
  0
INSERT
  5
A80
330
70
100
AcDbEntity
  8
Smart Centers
 48
0.75
100
AcDbBlockReference
  2
*U196
 10
610.386866
 20
796.802746
 30
0.0
  0
INSERT
  5
A8A
330
70
100
AcDbEntity
  8
Smart Centers
 48
0.75
100
AcDbBlockReference
  2
*U197
 10
130.686866
 20
210.502746
 30
0.0
  0
INSERT
  5
A94
330
70
100
AcDbEntity
  8
Smart Centers
 48
0.75
100
AcDbBlockReference
  2
*U198
 10
557.086866
 20
423.702746
 30
0.0
  0
INSERT
  5
A9E
330
70
100
AcDbEntity
  8
Smart Centers
 48
0.75
100
AcDbBlockReference
  2
*U199
 10
876.886866
 20
530.302746
 30
0.0
  0
INSERT
  5
AA8
330
70
100
AcDbEntity
  8
Smart Centers
 48
0.75
100
AcDbBlockReference
  2
*U200
 10
130.686866
 20
263.802746
 30
0.0
  0
INSERT
  5
AB2
330
70
100
AcDbEntity
  8
Smart Centers
 48
0.75
100
AcDbBlockReference
  2
*U201
 10
237.286866
 20
636.902746
 30
0.0
  0
INSERT
  5
ABC
330
70
100
AcDbEntity
  8
Smart Centers
 48
0.75
100
AcDbBlockReference
  2
*U202
 10
610.386866
 20
956.702746
 30
0.0
  0
INSERT
  5
AC6
330
70
100
AcDbEntity
  8
Smart Centers
 48
0.75
100
AcDbBlockReference
  2
*U203
 10
663.686866
 20
1063.302746
 30
0.0
  0
INSERT
  5
AD0
330
70
100
AcDbEntity
  8
Smart Centers
 48
0.75
100
AcDbBlockReference
  2
*U204
 10
237.286866
 20
263.802746
 30
0.0
  0
INSERT
  5
ADA
330
70
100
AcDbEntity
  8
Smart Centers
 48
0.75
100
AcDbBlockReference
  2
*U205
 10
77.386866
 20
210.502746
 30
0.0
  0
INSERT
  5
AE4
330
70
100
AcDbEntity
  8
Smart Centers
 48
0.75
100
AcDbBlockReference
  2
*U206
 10
343.886866
 20
263.802746
 30
0.0
  0
INSERT
  5
AEE
330
70
100
AcDbEntity
  8
Smart Centers
 48
0.75
100
AcDbBlockReference
  2
*U207
 10
663.686866
 20
850.102746
 30
0.0
  0
INSERT
  5
AF8
330
70
100
AcDbEntity
  8
Smart Centers
 48
0.75
100
AcDbBlockReference
  2
*U208
 10
1090.086866
 20
157.202746
 30
0.0
  0
INSERT
  5
B02
330
70
100
AcDbEntity
  8
Smart Centers
 48
0.75
100
AcDbBlockReference
  2
*U209
 10
503.786866
 20
423.702746
 30
0.0
  0
INSERT
  5
B0C
330
70
100
AcDbEntity
  8
Smart Centers
 48
0.75
100
AcDbBlockReference
  2
*U210
 10
237.286866
 20
210.502746
 30
0.0
  0
INSERT
  5
B16
330
70
100
AcDbEntity
  8
Smart Centers
 48
0.75
100
AcDbBlockReference
  2
*U211
 10
183.986866
 20
210.502746
 30
0.0
  0
INSERT
  5
B20
330
70
100
AcDbEntity
  8
Smart Centers
 48
0.75
100
AcDbBlockReference
  2
*U212
 10
610.386866
 20
850.102746
 30
0.0
  0
INSERT
  5
B2A
330
70
100
AcDbEntity
  8
Smart Centers
 48
0.75
100
AcDbBlockReference
  2
*U213
 10
503.786866
 20
850.102746
 30
0.0
  0
INSERT
  5
B34
330
70
100
AcDbEntity
  8
Smart Centers
 48
0.75
100
AcDbBlockReference
  2
*U214
 10
770.286866
 20
583.602746
 30
0.0
  0
INSERT
  5
B3E
330
70
100
AcDbEntity
  8
Smart Centers
 48
0.75
100
AcDbBlockReference
  2
*U215
 10
1090.086866
 20
1116.602746
 30
0.0
  0
INSERT
  5
B48
330
70
100
AcDbEntity
  8
Smart Centers
 48
0.75
100
AcDbBlockReference
  2
*U216
 10
290.586866
 20
1010.002746
 30
0.0
  0
INSERT
  5
B52
330
70
100
AcDbEntity
  8
Smart Centers
 48
0.75
100
AcDbBlockReference
  2
*U217
 10
130.686866
 20
796.802746
 30
0.0
  0
INSERT
  5
B5C
330
70
100
AcDbEntity
  8
Smart Centers
 48
0.75
100
AcDbBlockReference
  2
*U218
 10
343.886866
 20
956.702746
 30
0.0
  0
INSERT
  5
B66
330
70
100
AcDbEntity
  8
Smart Centers
 48
0.75
100
AcDbBlockReference
  2
*U219
 10
290.586866
 20
796.802746
 30
0.0
  0
INSERT
  5
B70
330
70
100
AcDbEntity
  8
Smart Centers
 48
0.75
100
AcDbBlockReference
  2
*U220
 10
397.186866
 20
1063.302746
 30
0.0
  0
INSERT
  5
B7A
330
70
100
AcDbEntity
  8
Smart Centers
 48
0.75
100
AcDbBlockReference
  2
*U221
 10
823.586866
 20
796.802746
 30
0.0
  0
INSERT
  5
B84
330
70
100
AcDbEntity
  8
Smart Centers
 48
0.75
100
AcDbBlockReference
  2
*U222
 10
876.886866
 20
903.402746
 30
0.0
  0
INSERT
  5
B8E
330
70
100
AcDbEntity
  8
Smart Centers
 48
0.75
100
AcDbBlockReference
  2
*U223
 10
983.486866
 20
690.202746
 30
0.0
  0
INSERT
  5
B98
330
70
100
AcDbEntity
  8
Smart Centers
 48
0.75
100
AcDbBlockReference
  2
*U224
 10
610.386866
 20
1116.602746
 30
0.0
  0
INSERT
  5
BA2
330
70
100
AcDbEntity
  8
Smart Centers
 48
0.75
100
AcDbBlockReference
  2
*U225
 10
290.586866
 20
850.102746
 30
0.0
  0
INSERT
  5
BAC
330
70
100
AcDbEntity
  8
Smart Centers
 48
0.75
100
AcDbBlockReference
  2
*U226
 10
610.386866
 20
636.902746
 30
0.0
  0
INSERT
  5
BB6
330
70
100
AcDbEntity
  8
Smart Centers
 48
0.75
100
AcDbBlockReference
  2
*U227
 10
1036.786866
 20
636.902746
 30
0.0
  0
INSERT
  5
BC0
330
70
100
AcDbEntity
  8
Smart Centers
 48
0.75
100
AcDbBlockReference
  2
*U228
 10
1090.086866
 20
743.502746
 30
0.0
  0
INSERT
  5
BCA
330
70
100
AcDbEntity
  8
Smart Centers
 48
0.75
100
AcDbBlockReference
  2
*U229
 10
876.886866
 20
636.902746
 30
0.0
  0
INSERT
  5
BD4
330
70
100
AcDbEntity
  8
Smart Centers
 48
0.75
100
AcDbBlockReference
  2
*U230
 10
770.286866
 20
636.902746
 30
0.0
  0
INSERT
  5
BDE
330
70
100
AcDbEntity
  8
Smart Centers
 48
0.75
100
AcDbBlockReference
  2
*U231
 10
823.586866
 20
956.702746
 30
0.0
  0
INSERT
  5
BE8
330
70
100
AcDbEntity
  8
Smart Centers
 48
0.75
100
AcDbBlockReference
  2
*U232
 10
237.286866
 20
1116.602746
 30
0.0
  0
INSERT
  5
BF2
330
70
100
AcDbEntity
  8
Smart Centers
 48
0.75
100
AcDbBlockReference
  2
*U233
 10
343.886866
 20
1010.002746
 30
0.0
  0
INSERT
  5
BFC
330
70
100
AcDbEntity
  8
Smart Centers
 48
0.75
100
AcDbBlockReference
  2
*U234
 10
503.786866
 20
1116.602746
 30
0.0
  0
INSERT
  5
C06
330
70
100
AcDbEntity
  8
Smart Centers
 48
0.75
100
AcDbBlockReference
  2
*U235
 10
930.186866
 20
636.902746
 30
0.0
  0
INSERT
  5
C10
330
70
100
AcDbEntity
  8
Smart Centers
 48
0.75
100
AcDbBlockReference
  2
*U236
 10
876.886866
 20
1063.302746
 30
0.0
  0
INSERT
  5
C1A
330
70
100
AcDbEntity
  8
Smart Centers
 48
0.75
100
AcDbBlockReference
  2
*U237
 10
503.786866
 20
956.702746
 30
0.0
  0
INSERT
  5
C24
330
70
100
AcDbEntity
  8
Smart Centers
 48
0.75
100
AcDbBlockReference
  2
*U238
 10
663.686866
 20
743.502746
 30
0.0
  0
INSERT
  5
C2E
330
70
100
AcDbEntity
  8
Smart Centers
 48
0.75
100
AcDbBlockReference
  2
*U239
 10
663.686866
 20
636.902746
 30
0.0
  0
INSERT
  5
C38
330
70
100
AcDbEntity
  8
Smart Centers
 48
0.75
100
AcDbBlockReference
  2
*U240
 10
237.286866
 20
1063.302746
 30
0.0
  0
INSERT
  5
C42
330
70
100
AcDbEntity
  8
Smart Centers
 48
0.75
100
AcDbBlockReference
  2
*U241
 10
716.986866
 20
903.402746
 30
0.0
  0
INSERT
  5
C4C
330
70
100
AcDbEntity
  8
Smart Centers
 48
0.75
100
AcDbBlockReference
  2
*U242
 10
663.686866
 20
1010.002746
 30
0.0
  0
INSERT
  5
C56
330
70
100
AcDbEntity
  8
Smart Centers
 48
0.75
100
AcDbBlockReference
  2
*U243
 10
876.886866
 20
583.602746
 30
0.0
  0
INSERT
  5
C60
330
70
100
AcDbEntity
  8
Smart Centers
 48
0.75
100
AcDbBlockReference
  2
*U244
 10
876.886866
 20
743.502746
 30
0.0
  0
INSERT
  5
C6A
330
70
100
AcDbEntity
  8
Smart Centers
 48
0.75
100
AcDbBlockReference
  2
*U245
 10
450.486866
 20
743.502746
 30
0.0
  0
INSERT
  5
C74
330
70
100
AcDbEntity
  8
Smart Centers
 48
0.75
100
AcDbBlockReference
  2
*U246
 10
823.586866
 20
583.602746
 30
0.0
  0
INSERT
  5
C7E
330
70
100
AcDbEntity
  8
Smart Centers
 48
0.75
100
AcDbBlockReference
  2
*U247
 10
1090.086866
 20
956.702746
 30
0.0
  0
INSERT
  5
C88
330
70
100
AcDbEntity
  8
Smart Centers
 48
0.75
100
AcDbBlockReference
  2
*U248
 10
290.586866
 20
743.502746
 30
0.0
  0
INSERT
  5
C92
330
70
100
AcDbEntity
  8
Smart Centers
 48
0.75
100
AcDbBlockReference
  2
*U249
 10
237.286866
 20
956.702746
 30
0.0
  0
INSERT
  5
C9C
330
70
100
AcDbEntity
  8
Smart Centers
 48
0.75
100
AcDbBlockReference
  2
*U250
 10
1090.086866
 20
636.902746
 30
0.0
  0
INSERT
  5
CA6
330
70
100
AcDbEntity
  8
Smart Centers
 48
0.75
100
AcDbBlockReference
  2
*U251
 10
77.386866
 20
743.502746
 30
0.0
  0
INSERT
  5
CB0
330
70
100
AcDbEntity
  8
Smart Centers
 48
0.75
100
AcDbBlockReference
  2
*U252
 10
1036.786866
 20
583.602746
 30
0.0
  0
INSERT
  5
CBA
330
70
100
AcDbEntity
  8
Smart Centers
 48
0.75
100
AcDbBlockReference
  2
*U253
 10
237.286866
 20
743.502746
 30
0.0
  0
INSERT
  5
CC4
330
70
100
AcDbEntity
  8
Smart Centers
 48
0.75
100
AcDbBlockReference
  2
*U254
 10
610.386866
 20
1063.302746
 30
0.0
  0
INSERT
  5
CCE
330
70
100
AcDbEntity
  8
Smart Centers
 48
0.75
100
AcDbBlockReference
  2
*U255
 10
343.886866
 20
743.502746
 30
0.0
  0
INSERT
  5
CD8
330
70
100
AcDbEntity
  8
Smart Centers
 48
0.75
100
AcDbBlockReference
  2
*U256
 10
770.286866
 20
796.802746
 30
0.0
  0
INSERT
  5
CE2
330
70
100
AcDbEntity
  8
Smart Centers
 48
0.75
100
AcDbBlockReference
  2
*U257
 10
130.686866
 20
1116.602746
 30
0.0
  0
INSERT
  5
CEC
330
70
100
AcDbEntity
  8
Smart Centers
 48
0.75
100
AcDbBlockReference
  2
*U258
 10
557.086866
 20
1116.602746
 30
0.0
  0
INSERT
  5
CF6
330
70
100
AcDbEntity
  8
Smart Centers
 48
0.75
100
AcDbBlockReference
  2
*U259
 10
983.486866
 20
636.902746
 30
0.0
  0
INSERT
  5
D00
330
70
100
AcDbEntity
  8
Smart Centers
 48
0.75
100
AcDbBlockReference
  2
*U260
 10
770.286866
 20
530.302746
 30
0.0
  0
INSERT
  5
D0A
330
70
100
AcDbEntity
  8
Smart Centers
 48
0.75
100
AcDbBlockReference
  2
*U261
 10
876.886866
 20
1116.602746
 30
0.0
  0
INSERT
  5
D14
330
70
100
AcDbEntity
  8
Smart Centers
 48
0.75
100
AcDbBlockReference
  2
*U262
 10
1036.786866
 20
1010.002746
 30
0.0
  0
INSERT
  5
D1E
330
70
100
AcDbEntity
  8
Smart Centers
 48
0.75
100
AcDbBlockReference
  2
*U263
 10
343.886866
 20
690.202746
 30
0.0
  0
INSERT
  5
D28
330
70
100
AcDbEntity
  8
Smart Centers
 48
0.75
100
AcDbBlockReference
  2
*U264
 10
77.386866
 20
956.702746
 30
0.0
  0
INSERT
  5
D32
330
70
100
AcDbEntity
  8
Smart Centers
 48
0.75
100
AcDbBlockReference
  2
*U265
 10
770.286866
 20
690.202746
 30
0.0
  0
INSERT
  5
D3C
330
70
100
AcDbEntity
  8
Smart Centers
 48
0.75
100
AcDbBlockReference
  2
*U266
 10
130.686866
 20
1063.302746
 30
0.0
  0
INSERT
  5
D46
330
70
100
AcDbEntity
  8
Smart Centers
 48
0.75
100
AcDbBlockReference
  2
*U267
 10
450.486866
 20
1010.002746
 30
0.0
  0
INSERT
  5
D50
330
70
100
AcDbEntity
  8
Smart Centers
 48
0.75
100
AcDbBlockReference
  2
*U268
 10
557.086866
 20
743.502746
 30
0.0
  0
INSERT
  5
D5A
330
70
100
AcDbEntity
  8
Smart Centers
 48
0.75
100
AcDbBlockReference
  2
*U269
 10
823.586866
 20
743.502746
 30
0.0
  0
INSERT
  5
D64
330
70
100
AcDbEntity
  8
Smart Centers
 48
0.75
100
AcDbBlockReference
  2
*U270
 10
557.086866
 20
1010.002746
 30
0.0
  0
INSERT
  5
D6E
330
70
100
AcDbEntity
  8
Smart Centers
 48
0.75
100
AcDbBlockReference
  2
*U271
 10
130.686866
 20
956.702746
 30
0.0
  0
INSERT
  5
D78
330
70
100
AcDbEntity
  8
Smart Centers
 48
0.75
100
AcDbBlockReference
  2
*U272
 10
130.686866
 20
1010.002746
 30
0.0
  0
INSERT
  5
D82
330
70
100
AcDbEntity
  8
Smart Centers
 48
0.75
100
AcDbBlockReference
  2
*U273
 10
876.886866
 20
796.802746
 30
0.0
  0
INSERT
  5
D8C
330
70
100
AcDbEntity
  8
Smart Centers
 48
0.75
100
AcDbBlockReference
  2
*U274
 10
983.486866
 20
956.702746
 30
0.0
  0
INSERT
  5
D96
330
70
100
AcDbEntity
  8
Smart Centers
 48
0.75
100
AcDbBlockReference
  2
*U275
 10
237.286866
 20
903.402746
 30
0.0
  0
INSERT
  5
DA0
330
70
100
AcDbEntity
  8
Smart Centers
 48
0.75
100
AcDbBlockReference
  2
*U276
 10
557.086866
 20
530.302746
 30
0.0
  0
INSERT
  5
DAA
330
70
100
AcDbEntity
  8
Smart Centers
 48
0.75
100
AcDbBlockReference
  2
*U277
 10
930.186866
 20
1063.302746
 30
0.0
  0
INSERT
  5
DB4
330
70
100
AcDbEntity
  8
Smart Centers
 48
0.75
100
AcDbBlockReference
  2
*U278
 10
77.386866
 20
636.902746
 30
0.0
  0
INSERT
  5
DBE
330
70
100
AcDbEntity
  8
Smart Centers
 48
0.75
100
AcDbBlockReference
  2
*U279
 10
716.986866
 20
743.502746
 30
0.0
  0
INSERT
  5
DC8
330
70
100
AcDbEntity
  8
Smart Centers
 48
0.75
100
AcDbBlockReference
  2
*U280
 10
237.286866
 20
690.202746
 30
0.0
  0
INSERT
  5
DD2
330
70
100
AcDbEntity
  8
Smart Centers
 48
0.75
100
AcDbBlockReference
  2
*U281
 10
503.786866
 20
743.502746
 30
0.0
  0
INSERT
  5
DDC
330
70
100
AcDbEntity
  8
Smart Centers
 48
0.75
100
AcDbBlockReference
  2
*U282
 10
1036.786866
 20
796.802746
 30
0.0
  0
INSERT
  5
DE6
330
70
100
AcDbEntity
  8
Smart Centers
 48
0.75
100
AcDbBlockReference
  2
*U283
 10
770.286866
 20
743.502746
 30
0.0
  0
INSERT
  5
DF0
330
70
100
AcDbEntity
  8
Smart Centers
 48
0.75
100
AcDbBlockReference
  2
*U284
 10
290.586866
 20
690.202746
 30
0.0
  0
INSERT
  5
DFA
330
70
100
AcDbEntity
  8
Smart Centers
 48
0.75
100
AcDbBlockReference
  2
*U285
 10
610.386866
 20
690.202746
 30
0.0
  0
INSERT
  5
E04
330
70
100
AcDbEntity
  8
Smart Centers
 48
0.75
100
AcDbBlockReference
  2
*U286
 10
77.386866
 20
850.102746
 30
0.0
  0
INSERT
  5
E0E
330
70
100
AcDbEntity
  8
Smart Centers
 48
0.75
100
AcDbBlockReference
  2
*U287
 10
1090.086866
 20
1063.302746
 30
0.0
  0
INSERT
  5
E18
330
70
100
AcDbEntity
  8
Smart Centers
 48
0.75
100
AcDbBlockReference
  2
*U288
 10
77.386866
 20
796.802746
 30
0.0
  0
INSERT
  5
E22
330
70
100
AcDbEntity
  8
Smart Centers
 48
0.75
100
AcDbBlockReference
  2
*U289
 10
503.786866
 20
1010.002746
 30
0.0
  0
INSERT
  5
E2C
330
70
100
AcDbEntity
  8
Smart Centers
 48
0.75
100
AcDbBlockReference
  2
*U290
 10
823.586866
 20
903.402746
 30
0.0
  0
INSERT
  5
E36
330
70
100
AcDbEntity
  8
Smart Centers
 48
0.75
100
AcDbBlockReference
  2
*U291
 10
823.586866
 20
1010.002746
 30
0.0
  0
INSERT
  5
E40
330
70
100
AcDbEntity
  8
Smart Centers
 48
0.75
100
AcDbBlockReference
  2
*U292
 10
663.686866
 20
903.402746
 30
0.0
  0
INSERT
  5
E4A
330
70
100
AcDbEntity
  8
Smart Centers
 48
0.75
100
AcDbBlockReference
  2
*U293
 10
183.986866
 20
956.702746
 30
0.0
  0
INSERT
  5
E54
330
70
100
AcDbEntity
  8
Smart Centers
 48
0.75
100
AcDbBlockReference
  2
*U294
 10
130.686866
 20
850.102746
 30
0.0
  0
INSERT
  5
E5E
330
70
100
AcDbEntity
  8
Smart Centers
 48
0.75
100
AcDbBlockReference
  2
*U295
 10
450.486866
 20
636.902746
 30
0.0
  0
INSERT
  5
E68
330
70
100
AcDbEntity
  8
Smart Centers
 48
0.75
100
AcDbBlockReference
  2
*U296
 10
610.386866
 20
530.302746
 30
0.0
  0
INSERT
  5
E72
330
70
100
AcDbEntity
  8
Smart Centers
 48
0.75
100
AcDbBlockReference
  2
*U297
 10
450.486866
 20
1063.302746
 30
0.0
  0
INSERT
  5
E7C
330
70
100
AcDbEntity
  8
Smart Centers
 48
0.75
100
AcDbBlockReference
  2
*U298
 10
983.486866
 20
796.802746
 30
0.0
  0
INSERT
  5
E86
330
70
100
AcDbEntity
  8
Smart Centers
 48
0.75
100
AcDbBlockReference
  2
*U299
 10
1090.086866
 20
530.302746
 30
0.0
  0
INSERT
  5
E90
330
70
100
AcDbEntity
  8
Smart Centers
 48
0.75
100
AcDbBlockReference
  2
*U300
 10
77.386866
 20
1116.602746
 30
0.0
  0
INSERT
  5
E9A
330
70
100
AcDbEntity
  8
Smart Centers
 48
0.75
100
AcDbBlockReference
  2
*U301
 10
183.986866
 20
636.902746
 30
0.0
  0
INSERT
  5
EA4
330
70
100
AcDbEntity
  8
Smart Centers
 48
0.75
100
AcDbBlockReference
  2
*U302
 10
290.586866
 20
636.902746
 30
0.0
  0
INSERT
  5
EAE
330
70
100
AcDbEntity
  8
Smart Centers
 48
0.75
100
AcDbBlockReference
  2
*U303
 10
557.086866
 20
1063.302746
 30
0.0
  0
INSERT
  5
EB8
330
70
100
AcDbEntity
  8
Smart Centers
 48
0.75
100
AcDbBlockReference
  2
*U304
 10
1036.786866
 20
903.402746
 30
0.0
  0
INSERT
  5
EC2
330
70
100
AcDbEntity
  8
Smart Centers
 48
0.75
100
AcDbBlockReference
  2
*U305
 10
237.286866
 20
796.802746
 30
0.0
  0
INSERT
  5
ECC
330
70
100
AcDbEntity
  8
Smart Centers
 48
0.75
100
AcDbBlockReference
  2
*U306
 10
183.986866
 20
1063.302746
 30
0.0
  0
INSERT
  5
ED6
330
70
100
AcDbEntity
  8
Smart Centers
 48
0.75
100
AcDbBlockReference
  2
*U307
 10
1036.786866
 20
956.702746
 30
0.0
  0
INSERT
  5
EE0
330
70
100
AcDbEntity
  8
Smart Centers
 48
0.75
100
AcDbBlockReference
  2
*U308
 10
397.186866
 20
1116.602746
 30
0.0
  0
INSERT
  5
EEA
330
70
100
AcDbEntity
  8
Smart Centers
 48
0.75
100
AcDbBlockReference
  2
*U309
 10
77.386866
 20
690.202746
 30
0.0
  0
INSERT
  5
EF4
330
70
100
AcDbEntity
  8
Smart Centers
 48
0.75
100
AcDbBlockReference
  2
*U310
 10
930.186866
 20
530.302746
 30
0.0
  0
INSERT
  5
EFE
330
70
100
AcDbEntity
  8
Smart Centers
 48
0.75
100
AcDbBlockReference
  2
*U311
 10
663.686866
 20
477.002746
 30
0.0
  0
INSERT
  5
F08
330
70
100
AcDbEntity
  8
Smart Centers
 48
0.75
100
AcDbBlockReference
  2
*U312
 10
397.186866
 20
743.502746
 30
0.0
  0
INSERT
  5
F12
330
70
100
AcDbEntity
  8
Smart Centers
 48
0.75
100
AcDbBlockReference
  2
*U313
 10
290.586866
 20
1063.302746
 30
0.0
  0
INSERT
  5
F1C
330
70
100
AcDbEntity
  8
Smart Centers
 48
0.75
100
AcDbBlockReference
  2
*U314
 10
183.986866
 20
850.102746
 30
0.0
  0
INSERT
  5
F26
330
70
100
AcDbEntity
  8
Smart Centers
 48
0.75
100
AcDbBlockReference
  2
*U315
 10
930.186866
 20
796.802746
 30
0.0
  0
INSERT
  5
F30
330
70
100
AcDbEntity
  8
Smart Centers
 48
0.75
100
AcDbBlockReference
  2
*U316
 10
183.986866
 20
743.502746
 30
0.0
  0
INSERT
  5
F3A
330
70
100
AcDbEntity
  8
Smart Centers
 48
0.75
100
AcDbBlockReference
  2
*U317
 10
770.286866
 20
1116.602746
 30
0.0
  0
INSERT
  5
F44
330
70
100
AcDbEntity
  8
Smart Centers
 48
0.75
100
AcDbBlockReference
  2
*U318
 10
983.486866
 20
477.002746
 30
0.0
  0
INSERT
  5
F4E
330
70
100
AcDbEntity
  8
Smart Centers
 48
0.75
100
AcDbBlockReference
  2
*U319
 10
1090.086866
 20
477.002746
 30
0.0
  0
INSERT
  5
F58
330
70
100
AcDbEntity
  8
Smart Centers
 48
0.75
100
AcDbBlockReference
  2
*U320
 10
290.586866
 20
263.802746
 30
0.0
  0
INSERT
  5
F62
330
70
100
AcDbEntity
  8
Smart Centers
 48
0.75
100
AcDbBlockReference
  2
*U321
 10
1090.086866
 20
903.402746
 30
0.0
  0
INSERT
  5
F6C
330
70
100
AcDbEntity
  8
Smart Centers
 48
0.75
100
AcDbBlockReference
  2
*U322
 10
983.486866
 20
1010.002746
 30
0.0
  0
INSERT
  5
F76
330
70
100
AcDbEntity
  8
Smart Centers
 48
0.75
100
AcDbBlockReference
  2
*U323
 10
610.386866
 20
743.502746
 30
0.0
  0
INSERT
  5
F80
330
70
100
AcDbEntity
  8
Smart Centers
 48
0.75
100
AcDbBlockReference
  2
*U324
 10
930.186866
 20
956.702746
 30
0.0
  0
INSERT
  5
F8A
330
70
100
AcDbEntity
  8
Smart Centers
 48
0.75
100
AcDbBlockReference
  2
*U325
 10
1036.786866
 20
157.202746
 30
0.0
  0
INSERT
  5
F94
330
70
100
AcDbEntity
  8
Smart Centers
 48
0.75
100
AcDbBlockReference
  2
*U326
 10
930.186866
 20
1010.002746
 30
0.0
  0
INSERT
  5
F9E
330
70
100
AcDbEntity
  8
Smart Centers
 48
0.75
100
AcDbBlockReference
  2
*U327
 10
1036.786866
 20
477.002746
 30
0.0
  0
INSERT
  5
FA8
330
70
100
AcDbEntity
  8
Smart Centers
 48
0.75
100
AcDbBlockReference
  2
*U328
 10
876.886866
 20
477.002746
 30
0.0
  0
INSERT
  5
FB2
330
70
100
AcDbEntity
  8
Smart Centers
 48
0.75
100
AcDbBlockReference
  2
*U329
 10
343.886866
 20
796.802746
 30
0.0
  0
INSERT
  5
FBC
330
70
100
AcDbEntity
  8
Smart Centers
 48
0.75
100
AcDbBlockReference
  2
*U330
 10
450.486866
 20
530.302746
 30
0.0
  0
INSERT
  5
FC6
330
70
100
AcDbEntity
  8
Smart Centers
 48
0.75
100
AcDbBlockReference
  2
*U331
 10
610.386866
 20
477.002746
 30
0.0
  0
INSERT
  5
FD0
330
70
100
AcDbEntity
  8
Smart Centers
 48
0.75
100
AcDbBlockReference
  2
*U332
 10
770.286866
 20
1063.302746
 30
0.0
  0
INSERT
  5
FDA
330
70
100
AcDbEntity
  8
Smart Centers
 48
0.75
100
AcDbBlockReference
  2
*U333
 10
716.986866
 20
636.902746
 30
0.0
  0
INSERT
  5
FE4
330
70
100
AcDbEntity
  8
Smart Centers
 48
0.75
100
AcDbBlockReference
  2
*U334
 10
770.286866
 20
1010.002746
 30
0.0
  0
INSERT
  5
FEE
330
70
100
AcDbEntity
  8
Smart Centers
 48
0.75
100
AcDbBlockReference
  2
*U335
 10
716.986866
 20
477.002746
 30
0.0
  0
INSERT
  5
FF8
330
70
100
AcDbEntity
  8
Smart Centers
 48
0.75
100
AcDbBlockReference
  2
*U336
 10
503.786866
 20
636.902746
 30
0.0
  0
INSERT
  5
1002
330
70
100
AcDbEntity
  8
Smart Centers
 48
0.75
100
AcDbBlockReference
  2
*U337
 10
770.286866
 20
477.002746
 30
0.0
  0
INSERT
  5
100C
330
70
100
AcDbEntity
  8
Smart Centers
 48
0.75
100
AcDbBlockReference
  2
*U338
 10
237.286866
 20
1010.002746
 30
0.0
  0
INSERT
  5
1016
330
70
100
AcDbEntity
  8
Smart Centers
 48
0.75
100
AcDbBlockReference
  2
*U339
 10
503.786866
 20
1063.302746
 30
0.0
  0
INSERT
  5
1020
330
70
100
AcDbEntity
  8
Smart Centers
 48
0.75
100
AcDbBlockReference
  2
*U340
 10
823.586866
 20
1116.602746
 30
0.0
  0
INSERT
  5
102A
330
70
100
AcDbEntity
  8
Smart Centers
 48
0.75
100
AcDbBlockReference
  2
*U341
 10
130.686866
 20
530.302746
 30
0.0
  0
INSERT
  5
1034
330
70
100
AcDbEntity
  8
Smart Centers
 48
0.75
100
AcDbBlockReference
  2
*U342
 10
823.586866
 20
477.002746
 30
0.0
  0
INSERT
  5
103E
330
70
100
AcDbEntity
  8
Smart Centers
 48
0.75
100
AcDbBlockReference
  2
*U343
 10
610.386866
 20
1010.002746
 30
0.0
  0
INSERT
  5
1048
330
70
100
AcDbEntity
  8
Smart Centers
 48
0.75
100
AcDbBlockReference
  2
*U344
 10
77.386866
 20
530.302746
 30
0.0
  0
INSERT
  5
1052
330
70
100
AcDbEntity
  8
Smart Centers
 48
0.75
100
AcDbBlockReference
  2
*U345
 10
716.986866
 20
1010.002746
 30
0.0
  0
INSERT
  5
105C
330
70
100
AcDbEntity
  8
Smart Centers
 48
0.75
100
AcDbBlockReference
  2
*U346
 10
823.586866
 20
636.902746
 30
0.0
  0
INSERT
  5
1066
330
70
100
AcDbEntity
  8
Smart Centers
 48
0.75
100
AcDbBlockReference
  2
*U347
 10
663.686866
 20
796.802746
 30
0.0
  0
INSERT
  5
1070
330
70
100
AcDbEntity
  8
Smart Centers
 48
0.75
100
AcDbBlockReference
  2
*U348
 10
930.186866
 20
477.002746
 30
0.0
  0
INSERT
  5
107A
330
70
100
AcDbEntity
  8
Smart Centers
 48
0.75
100
AcDbBlockReference
  2
*U349
 10
983.486866
 20
743.502746
 30
0.0
  0
INSERT
  5
1084
330
70
100
AcDbEntity
  8
Smart Centers
 48
0.75
100
AcDbBlockReference
  2
*U350
 10
930.186866
 20
423.702746
 30
0.0
  0
INSERT
  5
108E
330
70
100
AcDbEntity
  8
Smart Centers
 48
0.75
100
AcDbBlockReference
  2
*U351
 10
183.986866
 20
477.002746
 30
0.0
  0
INSERT
  5
1098
330
70
100
AcDbEntity
  8
Smart Centers
 48
0.75
100
AcDbBlockReference
  2
*U352
 10
557.086866
 20
690.202746
 30
0.0
  0
INSERT
  5
10A2
330
70
100
AcDbEntity
  8
Smart Centers
 48
0.75
100
AcDbBlockReference
  2
*U353
 10
716.986866
 20
690.202746
 30
0.0
  0
INSERT
  5
10AC
330
70
100
AcDbEntity
  8
Smart Centers
 48
0.75
100
AcDbBlockReference
  2
*U354
 10
930.186866
 20
583.602746
 30
0.0
  0
INSERT
  5
10B6
330
70
100
AcDbEntity
  8
Smart Centers
 48
0.75
100
AcDbBlockReference
  2
*U355
 10
1036.786866
 20
423.702746
 30
0.0
  0
INSERT
  5
10C0
330
70
100
AcDbEntity
  8
Smart Centers
 48
0.75
100
AcDbBlockReference
  2
*U356
 10
290.586866
 20
956.702746
 30
0.0
  0
INSERT
  5
10CA
330
70
100
AcDbEntity
  8
Smart Centers
 48
0.75
100
AcDbBlockReference
  2
*U357
 10
610.386866
 20
423.702746
 30
0.0
  0
INSERT
  5
10D4
330
70
100
AcDbEntity
  8
Smart Centers
 48
0.75
100
AcDbBlockReference
  2
*U358
 10
1090.086866
 20
796.802746
 30
0.0
  0
INSERT
  5
10DE
330
70
100
AcDbEntity
  8
Smart Centers
 48
0.75
100
AcDbBlockReference
  2
*U359
 10
1090.086866
 20
423.702746
 30
0.0
  0
INSERT
  5
10E8
330
70
100
AcDbEntity
  8
Smart Centers
 48
0.75
100
AcDbBlockReference
  2
*U360
 10
290.586866
 20
477.002746
 30
0.0
  0
INSERT
  5
10F2
330
70
100
AcDbEntity
  8
Smart Centers
 48
0.75
100
AcDbBlockReference
  2
*U361
 10
663.686866
 20
423.702746
 30
0.0
  0
INSERT
  5
10FC
330
70
100
AcDbEntity
  8
Smart Centers
 48
0.75
100
AcDbBlockReference
  2
*U362
 10
183.986866
 20
690.202746
 30
0.0
  0
INSERT
  5
1106
330
70
100
AcDbEntity
  8
Smart Centers
 48
0.75
100
AcDbBlockReference
  2
*U363
 10
716.986866
 20
1116.602746
 30
0.0
  0
INSERT
  5
1110
330
70
100
AcDbEntity
  8
Smart Centers
 48
0.75
100
AcDbBlockReference
  2
*U364
 10
343.886866
 20
1116.602746
 30
0.0
  0
INSERT
  5
111A
330
70
100
AcDbEntity
  8
Smart Centers
 48
0.75
100
AcDbBlockReference
  2
*U365
 10
77.386866
 20
583.602746
 30
0.0
  0
INSERT
  5
1124
330
70
100
AcDbEntity
  8
Smart Centers
 48
0.75
100
AcDbBlockReference
  2
*U366
 10
1036.786866
 20
530.302746
 30
0.0
  0
INSERT
  5
112E
330
70
100
AcDbEntity
  8
Smart Centers
 48
0.75
100
AcDbBlockReference
  2
*U367
 10
983.486866
 20
423.702746
 30
0.0
  0
INSERT
  5
1138
330
70
100
AcDbEntity
  8
Smart Centers
 48
0.75
100
AcDbBlockReference
  2
*U368
 10
663.686866
 20
690.202746
 30
0.0
  0
INSERT
  5
1142
330
70
100
AcDbEntity
  8
Smart Centers
 48
0.75
100
AcDbBlockReference
  2
*U369
 10
930.186866
 20
1116.602746
 30
0.0
  0
INSERT
  5
114C
330
70
100
AcDbEntity
  8
Smart Centers
 48
0.75
100
AcDbBlockReference
  2
*U370
 10
343.886866
 20
477.002746
 30
0.0
  0
INSERT
  5
1156
330
70
100
AcDbEntity
  8
Smart Centers
 48
0.75
100
AcDbBlockReference
  2
*U371
 10
130.686866
 20
477.002746
 30
0.0
  0
INSERT
  5
1160
330
70
100
AcDbEntity
  8
Smart Centers
 48
0.75
100
AcDbBlockReference
  2
*U372
 10
876.886866
 20
423.702746
 30
0.0
  0
INSERT
  5
116A
330
70
100
AcDbEntity
  8
Smart Centers
 48
0.75
100
AcDbBlockReference
  2
*U373
 10
876.886866
 20
1010.002746
 30
0.0
  0
INSERT
  5
1174
330
70
100
AcDbEntity
  8
Smart Centers
 48
0.75
100
AcDbBlockReference
  2
*U374
 10
450.486866
 20
956.702746
 30
0.0
  0
INSERT
  5
117E
330
70
100
AcDbEntity
  8
Smart Centers
 48
0.75
100
AcDbBlockReference
  2
*U375
 10
663.686866
 20
956.702746
 30
0.0
  0
INSERT
  5
1188
330
70
100
AcDbEntity
  8
Smart Centers
 48
0.75
100
AcDbBlockReference
  2
*U376
 10
397.186866
 20
477.002746
 30
0.0
  0
INSERT
  5
1192
330
70
100
AcDbEntity
  8
Smart Centers
 48
0.75
100
AcDbBlockReference
  2
*U377
 10
716.986866
 20
423.702746
 30
0.0
  0
INSERT
  5
119C
330
70
100
AcDbEntity
  8
Smart Centers
 48
0.75
100
AcDbBlockReference
  2
*U378
 10
770.286866
 20
956.702746
 30
0.0
  0
INSERT
  5
11A6
330
70
100
AcDbEntity
  8
Smart Centers
 48
0.75
100
AcDbBlockReference
  2
*U379
 10
450.486866
 20
477.002746
 30
0.0
  0
INSERT
  5
11B0
330
70
100
AcDbEntity
  8
Smart Centers
 48
0.75
100
AcDbBlockReference
  2
*U380
 10
1036.786866
 20
743.502746
 30
0.0
  0
INSERT
  5
11BA
330
70
100
AcDbEntity
  8
Smart Centers
 48
0.75
100
AcDbBlockReference
  2
*U381
 10
183.986866
 20
796.802746
 30
0.0
  0
INSERT
  5
11C4
330
70
100
AcDbEntity
  8
Smart Centers
 48
0.75
100
AcDbBlockReference
  2
*U382
 10
77.386866
 20
1010.002746
 30
0.0
  0
INSERT
  5
11CE
330
70
100
AcDbEntity
  8
Smart Centers
 48
0.75
100
AcDbBlockReference
  2
*U383
 10
503.786866
 20
477.002746
 30
0.0
  0
INSERT
  5
11D8
330
70
100
AcDbEntity
  8
Smart Centers
 48
0.75
100
AcDbBlockReference
  2
*U384
 10
343.886866
 20
530.302746
 30
0.0
  0
INSERT
  5
11E2
330
70
100
AcDbEntity
  8
Smart Centers
 48
0.75
100
AcDbBlockReference
  2
*U385
 10
557.086866
 20
477.002746
 30
0.0
  0
INSERT
  5
11EC
330
70
100
AcDbEntity
  8
Smart Centers
 48
0.75
100
AcDbBlockReference
  2
*U386
 10
183.986866
 20
1116.602746
 30
0.0
  0
INSERT
  5
11F6
330
70
100
AcDbEntity
  8
Smart Centers
 48
0.75
100
AcDbBlockReference
  2
*U387
 10
397.186866
 20
1010.002746
 30
0.0
  0
INSERT
  5
1200
330
70
100
AcDbEntity
  8
Smart Centers
 48
0.75
100
AcDbBlockReference
  2
*U388
 10
130.686866
 20
743.502746
 30
0.0
  0
INSERT
  5
120A
330
70
100
AcDbEntity
  8
Smart Centers
 48
0.75
100
AcDbBlockReference
  2
*U389
 10
183.986866
 20
1010.002746
 30
0.0
  0
INSERT
  5
1214
330
70
100
AcDbEntity
  8
Smart Centers
 48
0.75
100
AcDbBlockReference
  2
*U390
 10
1090.086866
 20
583.602746
 30
0.0
  0
INSERT
  5
121E
330
70
100
AcDbEntity
  8
Smart Centers
 48
0.75
100
AcDbBlockReference
  2
*U391
 10
77.386866
 20
477.002746
 30
0.0
  0
INSERT
  5
1228
330
70
100
AcDbEntity
  8
Smart Centers
 48
0.75
100
AcDbBlockReference
  2
*U392
 10
663.686866
 20
530.302746
 30
0.0
  0
INSERT
  5
1232
330
70
100
AcDbEntity
  8
Smart Centers
 48
0.75
100
AcDbBlockReference
  2
*U393
 10
237.286866
 20
477.002746
 30
0.0
  0
INSERT
  5
123C
330
70
100
AcDbEntity
  8
Smart Centers
 48
0.75
100
AcDbBlockReference
  2
*U394
 10
823.586866
 20
1063.302746
 30
0.0
  0
INSERT
  5
1246
330
70
100
AcDbEntity
  8
Smart Centers
 48
0.75
100
AcDbBlockReference
  2
*U395
 10
770.286866
 20
423.702746
 30
0.0
  0
INSERT
  5
1250
330
70
100
AcDbEntity
  8
Smart Centers
 48
0.75
100
AcDbBlockReference
  2
*U396
 10
397.186866
 20
583.602746
 30
0.0
  0
INSERT
  5
125A
330
70
100
AcDbEntity
  8
Smart Centers
 48
0.75
100
AcDbBlockReference
  2
*U397
 10
397.186866
 20
690.202746
 30
0.0
  0
INSERT
  5
1264
330
70
100
AcDbEntity
  8
Smart Centers
 48
0.75
100
AcDbBlockReference
  2
*U398
 10
503.786866
 20
690.202746
 30
0.0
  0
INSERT
  5
126E
330
70
100
AcDbEntity
  8
Smart Centers
 48
0.75
100
AcDbBlockReference
  2
*U399
 10
823.586866
 20
423.702746
 30
0.0
  0
INSERT
  5
1278
330
70
100
AcDbEntity
  8
Smart Centers
 48
0.75
100
AcDbBlockReference
  2
*U400
 10
397.186866
 20
796.802746
 30
0.0
  0
INSERT
  5
1282
330
70
100
AcDbEntity
  8
Smart Centers
 48
0.75
100
AcDbBlockReference
  2
*U401
 10
450.486866
 20
690.202746
 30
0.0
  0
INSERT
  5
128C
330
70
100
AcDbEntity
  8
Smart Centers
 48
0.75
100
AcDbBlockReference
  2
*U402
 10
716.986866
 20
530.302746
 30
0.0
  0
INSERT
  5
1296
330
70
100
AcDbEntity
  8
BORDER
100
AcDbBlockReference
  2
Custom1200.000000x1200.000000x24x16
 10
0.0
 20
0.0
 30
0.0
  0
DIMENSION
  5
1343
330
70
100
AcDbEntity
  8
FD_Dimensions
100
AcDbDimension
280
     0
  2
*D409
 10
1148.084323
 20
70.502746
 30
0.0
 11
1144.897317
 21
610.252746
 31
0.0
 70
    32
 71
     5
 42
1079.5
 73
     0
 74
     0
 75
     0
  3
Dim-ISO-25
100
AcDbAlignedDimension
 13
1123.386866
 23
1150.002746
 33
0.0
 14
1123.386866
 24
70.502746
 34
0.0
 50
270.0
100
AcDbRotatedDimension
1001
ACAD_DIMASSOC_CALC_DIMLFAC
1040
-1.0
1001
ACAD_DIMASSOC_DIMLFAC
1040
-1.0
1001
ACAD_DIMASSOC_OVERRIDDEN_DIMLFAC
1040
0.0
1001
ACAD_TC
1000
DSTYLE_TC
1002
{
1070
   176
1004
18000000020000008C8C8CC2000000000000000000000000
1070
   177
1004
18000000020000008C8C8CC2000000000000000000000000
1002
}
1001
ACAD_DSTYLE_DIMJAG_POSITION
1070
   387
1070
     0
1070
   389
1010
0.0
1020
0.0
1030
0.0
1001
ACAD
1000
DSTYLE
1002
{
1070
   144
1040
1.0
1070
   176
1070
     0
1070
   177
1070
     0
1002
}
  0
DIMENSION
  5
1351
330
70
100
AcDbEntity
  8
FD_Dimensions
100
AcDbDimension
280
     0
  2
*D410
 10
1123.386866
 20
62.964541
 30
0.0
 11
583.636866
 21
66.151546
 31
0.0
 70
    33
 71
     5
 42
1079.5
 73
     0
 74
     0
 75
     0
  3
Dim-ISO-25
100
AcDbAlignedDimension
 13
43.886866
 23
70.502746
 33
0.0
 14
1123.386866
 24
70.502746
 34
0.0
1001
ACAD_DIMASSOC_CALC_DIMLFAC
1040
-1.0
1001
ACAD_DIMASSOC_DIMLFAC
1040
-1.0
1001
ACAD_DIMASSOC_OVERRIDDEN_DIMLFAC
1040
0.0
1001
ACAD_TC
1000
DSTYLE_TC
1002
{
1070
   176
1004
18000000020000008C8C8CC2000000000000000000000000
1070
   177
1004
18000000020000008C8C8CC2000000000000000000000000
1002
}
1001
ACAD_DSTYLE_DIMJAG_POSITION
1070
   387
1070
     0
1070
   389
1010
0.0
1020
0.0
1030
0.0
1001
ACAD
1000
DSTYLE
1002
{
1070
   144
1040
1.0
1070
   176
1070
     0
1070
   177
1070
     0
1002
}
  0
DIMENSION
  5
135E
330
70
100
AcDbEntity
  8
FD_Dimensions
100
AcDbDimension
280
     0
  2
*D411
 10
1085.820416
 20
527.41832
 30
0.0
 11
1136.922457
 21
561.966955
 31
0.0
 70
   163
 71
     5
 42
10.3
 73
     0
 74
     0
 75
     0
  3
Dim-ISO-25
100
AcDbDiametricDimension
 15
1094.353316
 25
533.187171
 35
0.0
 40
0.0
1001
ACAD_DIMASSOC_CALC_DIMLFAC
1040
-1.0
1001
ACAD_DIMASSOC_DIMLFAC
1040
-1.0
1001
ACAD_DIMASSOC_OVERRIDDEN_DIMLFAC
1040
0.0
1001
ACAD_TC
1000
DSTYLE_TC
1002
{
1070
   176
1004
18000000020000008C8C8CC2000000000000000000000000
1070
   177
1004
18000000020000008C8C8CC2000000000000000000000000
1002
}
1001
ACAD_DSTYLE_DIMJAG_POSITION
1070
   387
1070
     0
1070
   389
1010
0.0
1020
0.0
1030
0.0
1001
ACAD_DSTYLE_DIMRADIAL_EXTENSION
1070
   387
1070
     1
1070
   388
1040
0.0
1070
   390
1040
0.0
1001
ACAD
1000
DSTYLE
1002
{
1070
   144
1040
1.0
1070
   176
1070
     0
1070
   177
1070
     0
1002
}
  0
DIMENSION
  5
136A
330
70
100
AcDbEntity
  8
FD_Dimensions
100
AcDbDimension
280
     0
  2
*D412
 10
1018.886866
 20
608.602746
 30
0.0
 11
1015.698667
 21
597.017889
 31
0.0
 70
    33
 71
     5
 42
3.3
 73
     0
 74
     0
 75
     0
  3
Dim-ISO-25
100
AcDbAlignedDimension
 13
1008.386866
 23
611.902746
 33
0.0
 14
1008.386866
 24
608.602746
 34
0.0
1001
ACAD_DIMASSOC_CALC_DIMLFAC
1040
-1.0
1001
ACAD_DIMASSOC_DIMLFAC
1040
-1.0
1001
ACAD_DIMASSOC_OVERRIDDEN_DIMLFAC
1040
0.0
1001
ACAD_TC
1000
DSTYLE_TC
1002
{
1070
   176
1004
18000000020000008C8C8CC2000000000000000000000000
1070
   177
1004
18000000020000008C8C8CC2000000000000000000000000
1002
}
1001
ACAD_DSTYLE_DIMJAG_POSITION
1070
   387
1070
     0
1070
   389
1010
0.0
1020
0.0
1030
0.0
1001
ACAD
1000
DSTYLE
1002
{
1070
   144
1040
1.0
1070
   176
1070
     0
1070
   177
1070
     0
1002
}
  0
DIMENSION
  5
1379
330
70
100
AcDbEntity
  8
FD_Dimensions
100
AcDbDimension
280
     0
  2
*D413
 10
1008.386866
 20
615.801798
 30
0.0
 11
983.386866
 21
618.988803
 31
0.0
 70
    33
 71
     5
 42
50.0
 73
     0
 74
     0
 75
     0
  3
Dim-ISO-25
100
AcDbAlignedDimension
 13
958.386866
 23
611.902746
 33
0.0
 14
1008.386866
 24
611.902746
 34
0.0
1001
ACAD_DIMASSOC_CALC_DIMLFAC
1040
-1.0
1001
ACAD_DIMASSOC_DIMLFAC
1040
-1.0
1001
ACAD_DIMASSOC_OVERRIDDEN_DIMLFAC
1040
0.0
1001
ACAD_TC
1000
DSTYLE_TC
1002
{
1070
   176
1004
18000000020000008C8C8CC2000000000000000000000000
1070
   177
1004
18000000020000008C8C8CC2000000000000000000000000
1002
}
1001
ACAD_DSTYLE_DIMJAG_POSITION
1070
   387
1070
     0
1070
   389
1010
0.0
1020
0.0
1030
0.0
1001
ACAD
1000
DSTYLE
1002
{
1070
   144
1040
1.0
1070
   176
1070
     0
1070
   177
1070
     0
1002
}
  0
MTEXT
  5
1386
330
70
100
AcDbEntity
  8
Notes
100
AcDbMText
 10
1010.85341
 20
46.26656
 30
0.0
 40
3.5
 41
57.14659
 46
0.0
 71
     1
 72
     5
  1
All dimensions are in mm\PMaterial: 3.2/3.3mm MDF\PQty:1\PScale 1:1
 73
     1
 44
1.0
1001
ACAD
1000
ACAD_MTEXT_COLUMN_INFO_BEGIN
1070
    75
1070
     2
1070
    79
1070
     0
1070
    76
1070
     1
1070
    78
1070
     0
1070
    48
1040
57.14659
1070
    49
1040
17.5
1070
    50
1070
     1
1040
0.0
1000
ACAD_MTEXT_COLUMN_INFO_END
  0
CIRCLE
  5
1451
330
70
100
AcDbEntity
  8
Visible
100
AcDbCircle
 10
-983.486866
 20
157.202746
 30
0.0
 40
5.150000000000005
210
0.0
220
0.0
230
-1.0
  0
CIRCLE
  5
1452
330
70
100
AcDbEntity
  8
Visible
100
AcDbCircle
 10
-930.186866
 20
157.202746
 30
0.0
 40
5.150000000000005
210
0.0
220
0.0
230
-1.0
  0
CIRCLE
  5
1453
330
70
100
AcDbEntity
  8
Visible
100
AcDbCircle
 10
-716.986866
 20
263.802746
 30
0.0
 40
5.150000000000005
210
0.0
220
0.0
230
-1.0
  0
CIRCLE
  5
1454
330
70
100
AcDbEntity
  8
Visible
100
AcDbCircle
 10
-450.486866
 20
850.102746
 30
0.0
 40
5.150000000000005
210
0.0
220
0.0
230
-1.0
  0
CIRCLE
  5
1455
330
70
100
AcDbEntity
  8
Visible
100
AcDbCircle
 10
-876.886866
 20
157.202746
 30
0.0
 40
5.150000000000005
210
0.0
220
0.0
230
-1.0
  0
CIRCLE
  5
1456
330
70
100
AcDbEntity
  8
Visible
100
AcDbCircle
 10
-823.586866
 20
157.202746
 30
0.0
 40
5.150000000000005
210
0.0
220
0.0
230
-1.0
  0
CIRCLE
  5
1457
330
70
100
AcDbEntity
  8
Visible
100
AcDbCircle
 10
-503.786866
 20
317.102746
 30
0.0
 40
5.150000000000005
210
0.0
220
0.0
230
-1.0
  0
CIRCLE
  5
1458
330
70
100
AcDbEntity
  8
Visible
100
AcDbCircle
 10
-130.686866
 20
317.102746
 30
0.0
 40
5.150000000000005
210
0.0
220
0.0
230
-1.0
  0
CIRCLE
  5
1459
330
70
100
AcDbEntity
  8
Visible
100
AcDbCircle
 10
-770.286866
 20
157.202746
 30
0.0
 40
5.150000000000005
210
0.0
220
0.0
230
-1.0
  0
CIRCLE
  5
145A
330
70
100
AcDbEntity
  8
Visible
100
AcDbCircle
 10
-716.986866
 20
157.202746
 30
0.0
 40
5.150000000000005
210
0.0
220
0.0
230
-1.0
  0
CIRCLE
  5
145B
330
70
100
AcDbEntity
  8
Visible
100
AcDbCircle
 10
-503.786866
 20
210.502746
 30
0.0
 40
5.150000000000005
210
0.0
220
0.0
230
-1.0
  0
CIRCLE
  5
145C
330
70
100
AcDbEntity
  8
Visible
100
AcDbCircle
 10
-1036.786866
 20
1116.602746
 30
0.0
 40
5.150000000000005
210
0.0
220
0.0
230
-1.0
  0
CIRCLE
  5
145D
330
70
100
AcDbEntity
  8
Visible
100
AcDbCircle
 10
-663.686866
 20
157.202746
 30
0.0
 40
5.149999999999996
210
0.0
220
0.0
230
-1.0
  0
CIRCLE
  5
145E
330
70
100
AcDbEntity
  8
Visible
100
AcDbCircle
 10
-610.386866
 20
157.202746
 30
0.0
 40
5.150000000000001
210
0.0
220
0.0
230
-1.0
  0
CIRCLE
  5
145F
330
70
100
AcDbEntity
  8
Visible
100
AcDbCircle
 10
-557.086866
 20
317.102746
 30
0.0
 40
5.150000000000001
210
0.0
220
0.0
230
-1.0
  0
CIRCLE
  5
1460
330
70
100
AcDbEntity
  8
Visible
100
AcDbCircle
 10
-557.086866
 20
157.202746
 30
0.0
 40
5.150000000000001
210
0.0
220
0.0
230
-1.0
  0
CIRCLE
  5
1461
330
70
100
AcDbEntity
  8
Visible
100
AcDbCircle
 10
-503.786866
 20
157.202746
 30
0.0
 40
5.150000000000005
210
0.0
220
0.0
230
-1.0
  0
CIRCLE
  5
1462
330
70
100
AcDbEntity
  8
Visible
100
AcDbCircle
 10
-557.086866
 20
210.502746
 30
0.0
 40
5.150000000000001
210
0.0
220
0.0
230
-1.0
  0
CIRCLE
  5
1463
330
70
100
AcDbEntity
  8
Visible
100
AcDbCircle
 10
-1090.086866
 20
1010.002746
 30
0.0
 40
5.150000000000005
210
0.0
220
0.0
230
-1.0
  0
CIRCLE
  5
1464
330
70
100
AcDbEntity
  8
Visible
100
AcDbCircle
 10
-450.486866
 20
157.202746
 30
0.0
 40
5.150000000000005
210
0.0
220
0.0
230
-1.0
  0
CIRCLE
  5
1465
330
70
100
AcDbEntity
  8
Visible
100
AcDbCircle
 10
-397.186866
 20
157.202746
 30
0.0
 40
5.150000000000005
210
0.0
220
0.0
230
-1.0
  0
CIRCLE
  5
1466
330
70
100
AcDbEntity
  8
Visible
100
AcDbCircle
 10
-610.386866
 20
317.102746
 30
0.0
 40
5.150000000000001
210
0.0
220
0.0
230
-1.0
  0
CIRCLE
  5
1467
330
70
100
AcDbEntity
  8
Visible
100
AcDbCircle
 10
-343.886866
 20
157.202746
 30
0.0
 40
5.150000000000005
210
0.0
220
0.0
230
-1.0
  0
CIRCLE
  5
1468
330
70
100
AcDbEntity
  8
Visible
100
AcDbCircle
 10
-290.586866
 20
157.202746
 30
0.0
 40
5.150000000000005
210
0.0
220
0.0
230
-1.0
  0
CIRCLE
  5
1469
330
70
100
AcDbEntity
  8
Visible
100
AcDbCircle
 10
-77.386866
 20
1063.302746
 30
0.0
 40
5.150000000000005
210
0.0
220
0.0
230
-1.0
  0
CIRCLE
  5
146A
330
70
100
AcDbEntity
  8
Visible
100
AcDbCircle
 10
-237.286866
 20
157.202746
 30
0.0
 40
5.150000000000005
210
0.0
220
0.0
230
-1.0
  0
CIRCLE
  5
146B
330
70
100
AcDbEntity
  8
Visible
100
AcDbCircle
 10
-183.986866
 20
157.202746
 30
0.0
 40
5.150000000000005
210
0.0
220
0.0
230
-1.0
  0
CIRCLE
  5
146C
330
70
100
AcDbEntity
  8
Visible
100
AcDbCircle
 10
-663.686866
 20
317.102746
 30
0.0
 40
5.149999999999996
210
0.0
220
0.0
230
-1.0
  0
CIRCLE
  5
146D
330
70
100
AcDbEntity
  8
Visible
100
AcDbCircle
 10
-610.386866
 20
210.502746
 30
0.0
 40
5.150000000000001
210
0.0
220
0.0
230
-1.0
  0
CIRCLE
  5
146E
330
70
100
AcDbEntity
  8
Visible
100
AcDbCircle
 10
-130.686866
 20
157.202746
 30
0.0
 40
5.150000000000005
210
0.0
220
0.0
230
-1.0
  0
CIRCLE
  5
146F
330
70
100
AcDbEntity
  8
Visible
100
AcDbCircle
 10
-77.386866
 20
157.202746
 30
0.0
 40
5.150000000000005
210
0.0
220
0.0
230
-1.0
  0
CIRCLE
  5
1470
330
70
100
AcDbEntity
  8
Visible
100
AcDbCircle
 10
-183.986866
 20
583.602746
 30
0.0
 40
5.150000000000005
210
0.0
220
0.0
230
-1.0
  0
CIRCLE
  5
1471
330
70
100
AcDbEntity
  8
Visible
100
AcDbCircle
 10
-1090.086866
 20
103.902746
 30
0.0
 40
5.150000000000005
210
0.0
220
0.0
230
-1.0
  0
CIRCLE
  5
1472
330
70
100
AcDbEntity
  8
Visible
100
AcDbCircle
 10
-1036.786866
 20
103.902746
 30
0.0
 40
5.150000000000005
210
0.0
220
0.0
230
-1.0
  0
CIRCLE
  5
1473
330
70
100
AcDbEntity
  8
Visible
100
AcDbCircle
 10
-716.986866
 20
317.102746
 30
0.0
 40
5.150000000000005
210
0.0
220
0.0
230
-1.0
  0
CIRCLE
  5
1474
330
70
100
AcDbEntity
  8
Visible
100
AcDbCircle
 10
-397.186866
 20
210.502746
 30
0.0
 40
5.150000000000005
210
0.0
220
0.0
230
-1.0
  0
CIRCLE
  5
1475
330
70
100
AcDbEntity
  8
Visible
100
AcDbCircle
 10
-983.486866
 20
103.902746
 30
0.0
 40
5.150000000000005
210
0.0
220
0.0
230
-1.0
  0
CIRCLE
  5
1476
330
70
100
AcDbEntity
  8
Visible
100
AcDbCircle
 10
-930.186866
 20
103.902746
 30
0.0
 40
5.150000000000005
210
0.0
220
0.0
230
-1.0
  0
CIRCLE
  5
1477
330
70
100
AcDbEntity
  8
Visible
100
AcDbCircle
 10
-450.486866
 20
210.502746
 30
0.0
 40
5.150000000000005
210
0.0
220
0.0
230
-1.0
  0
CIRCLE
  5
1478
330
70
100
AcDbEntity
  8
Visible
100
AcDbCircle
 10
-503.786866
 20
796.802746
 30
0.0
 40
5.150000000000005
210
0.0
220
0.0
230
-1.0
  0
CIRCLE
  5
1479
330
70
100
AcDbEntity
  8
Visible
100
AcDbCircle
 10
-876.886866
 20
103.902746
 30
0.0
 40
5.150000000000005
210
0.0
220
0.0
230
-1.0
  0
CIRCLE
  5
147A
330
70
100
AcDbEntity
  8
Visible
100
AcDbCircle
 10
-823.586866
 20
103.902746
 30
0.0
 40
5.150000000000005
210
0.0
220
0.0
230
-1.0
  0
CIRCLE
  5
147B
330
70
100
AcDbEntity
  8
Visible
100
AcDbCircle
 10
-770.286866
 20
317.102746
 30
0.0
 40
5.150000000000005
210
0.0
220
0.0
230
-1.0
  0
CIRCLE
  5
147C
330
70
100
AcDbEntity
  8
Visible
100
AcDbCircle
 10
-770.286866
 20
103.902746
 30
0.0
 40
5.150000000000005
210
0.0
220
0.0
230
-1.0
  0
CIRCLE
  5
147D
330
70
100
AcDbEntity
  8
Visible
100
AcDbCircle
 10
-716.986866
 20
103.902746
 30
0.0
 40
5.150000000000005
210
0.0
220
0.0
230
-1.0
  0
CIRCLE
  5
147E
330
70
100
AcDbEntity
  8
Visible
100
AcDbCircle
 10
-663.686866
 20
210.502746
 30
0.0
 40
5.149999999999996
210
0.0
220
0.0
230
-1.0
  0
CIRCLE
  5
147F
330
70
100
AcDbEntity
  8
Visible
100
AcDbCircle
 10
-663.686866
 20
583.602746
 30
0.0
 40
5.149999999999996
210
0.0
220
0.0
230
-1.0
  0
CIRCLE
  5
1480
330
70
100
AcDbEntity
  8
Visible
100
AcDbCircle
 10
-663.686866
 20
103.902746
 30
0.0
 40
5.149999999999996
210
0.0
220
0.0
230
-1.0
  0
CIRCLE
  5
1481
330
70
100
AcDbEntity
  8
Visible
100
AcDbCircle
 10
-610.386866
 20
103.902746
 30
0.0
 40
5.150000000000001
210
0.0
220
0.0
230
-1.0
  0
CIRCLE
  5
1482
330
70
100
AcDbEntity
  8
Visible
100
AcDbCircle
 10
-823.586866
 20
317.102746
 30
0.0
 40
5.150000000000005
210
0.0
220
0.0
230
-1.0
  0
CIRCLE
  5
1483
330
70
100
AcDbEntity
  8
Visible
100
AcDbCircle
 10
-557.086866
 20
103.902746
 30
0.0
 40
5.150000000000001
210
0.0
220
0.0
230
-1.0
  0
CIRCLE
  5
1484
330
70
100
AcDbEntity
  8
Visible
100
AcDbCircle
 10
-503.786866
 20
103.902746
 30
0.0
 40
5.150000000000005
210
0.0
220
0.0
230
-1.0
  0
CIRCLE
  5
1485
330
70
100
AcDbEntity
  8
Visible
100
AcDbCircle
 10
-716.986866
 20
210.502746
 30
0.0
 40
5.150000000000005
210
0.0
220
0.0
230
-1.0
  0
CIRCLE
  5
1486
330
70
100
AcDbEntity
  8
Visible
100
AcDbCircle
 10
-343.886866
 20
583.602746
 30
0.0
 40
5.150000000000005
210
0.0
220
0.0
230
-1.0
  0
CIRCLE
  5
1487
330
70
100
AcDbEntity
  8
Visible
100
AcDbCircle
 10
-450.486866
 20
103.902746
 30
0.0
 40
5.150000000000005
210
0.0
220
0.0
230
-1.0
  0
CIRCLE
  5
1488
330
70
100
AcDbEntity
  8
Visible
100
AcDbCircle
 10
-397.186866
 20
103.902746
 30
0.0
 40
5.150000000000005
210
0.0
220
0.0
230
-1.0
  0
CIRCLE
  5
1489
330
70
100
AcDbEntity
  8
Visible
100
AcDbCircle
 10
-876.886866
 20
317.102746
 30
0.0
 40
5.150000000000005
210
0.0
220
0.0
230
-1.0
  0
CIRCLE
  5
148A
330
70
100
AcDbEntity
  8
Visible
100
AcDbCircle
 10
-343.886866
 20
103.902746
 30
0.0
 40
5.150000000000005
210
0.0
220
0.0
230
-1.0
  0
CIRCLE
  5
148B
330
70
100
AcDbEntity
  8
Visible
100
AcDbCircle
 10
-290.586866
 20
103.902746
 30
0.0
 40
5.150000000000005
210
0.0
220
0.0
230
-1.0
  0
CIRCLE
  5
148C
330
70
100
AcDbEntity
  8
Visible
100
AcDbCircle
 10
-237.286866
 20
530.302746
 30
0.0
 40
5.150000000000005
210
0.0
220
0.0
230
-1.0
  0
CIRCLE
  5
148D
330
70
100
AcDbEntity
  8
Visible
100
AcDbCircle
 10
-237.286866
 20
103.902746
 30
0.0
 40
5.150000000000005
210
0.0
220
0.0
230
-1.0
  0
CIRCLE
  5
148E
330
70
100
AcDbEntity
  8
Visible
100
AcDbCircle
 10
-183.986866
 20
103.902746
 30
0.0
 40
5.150000000000005
210
0.0
220
0.0
230
-1.0
  0
CIRCLE
  5
148F
330
70
100
AcDbEntity
  8
Visible
100
AcDbCircle
 10
-930.186866
 20
317.102746
 30
0.0
 40
5.150000000000005
210
0.0
220
0.0
230
-1.0
  0
CIRCLE
  5
1490
330
70
100
AcDbEntity
  8
Visible
100
AcDbCircle
 10
-290.586866
 20
210.502746
 30
0.0
 40
5.150000000000005
210
0.0
220
0.0
230
-1.0
  0
CIRCLE
  5
1491
330
70
100
AcDbEntity
  8
Visible
100
AcDbCircle
 10
-130.686866
 20
103.902746
 30
0.0
 40
5.150000000000005
210
0.0
220
0.0
230
-1.0
  0
CIRCLE
  5
1492
330
70
100
AcDbEntity
  8
Visible
100
AcDbCircle
 10
-77.386866
 20
103.902746
 30
0.0
 40
5.150000000000005
210
0.0
220
0.0
230
-1.0
  0
CIRCLE
  5
1493
330
70
100
AcDbEntity
  8
Visible
100
AcDbCircle
 10
-343.886866
 20
210.502746
 30
0.0
 40
5.150000000000005
210
0.0
220
0.0
230
-1.0
  0
CIRCLE
  5
1494
330
70
100
AcDbEntity
  8
Visible
100
AcDbCircle
 10
-503.786866
 20
903.402746
 30
0.0
 40
5.150000000000005
210
0.0
220
0.0
230
-1.0
  0
CIRCLE
  5
1495
330
70
100
AcDbEntity
  8
Visible
100
AcDbCircle
 10
-663.686866
 20
1116.602746
 30
0.0
 40
5.149999999999996
210
0.0
220
0.0
230
-1.0
  0
CIRCLE
  5
1496
330
70
100
AcDbEntity
  8
Visible
100
AcDbCircle
 10
-823.586866
 20
850.102746
 30
0.0
 40
5.150000000000005
210
0.0
220
0.0
230
-1.0
  0
CIRCLE
  5
1497
330
70
100
AcDbEntity
  8
Visible
100
AcDbCircle
 10
-983.486866
 20
317.102746
 30
0.0
 40
5.150000000000005
210
0.0
220
0.0
230
-1.0
  0
CIRCLE
  5
1498
330
70
100
AcDbEntity
  8
Visible
100
AcDbCircle
 10
-610.386866
 20
263.802746
 30
0.0
 40
5.150000000000001
210
0.0
220
0.0
230
-1.0
  0
CIRCLE
  5
1499
330
70
100
AcDbEntity
  8
Visible
100
AcDbCircle
 10
-876.886866
 20
956.702746
 30
0.0
 40
5.150000000000005
210
0.0
220
0.0
230
-1.0
  0
CIRCLE
  5
149A
330
70
100
AcDbEntity
  8
Visible
100
AcDbCircle
 10
-983.486866
 20
583.602746
 30
0.0
 40
5.150000000000005
210
0.0
220
0.0
230
-1.0
  0
CIRCLE
  5
149B
330
70
100
AcDbEntity
  8
Visible
100
AcDbCircle
 10
-663.686866
 20
263.802746
 30
0.0
 40
5.149999999999996
210
0.0
220
0.0
230
-1.0
  0
CIRCLE
  5
149C
330
70
100
AcDbEntity
  8
Visible
100
AcDbCircle
 10
-343.886866
 20
1063.302746
 30
0.0
 40
5.150000000000005
210
0.0
220
0.0
230
-1.0
  0
CIRCLE
  5
149D
330
70
100
AcDbEntity
  8
Visible
100
AcDbCircle
 10
-397.186866
 20
956.702746
 30
0.0
 40
5.150000000000005
210
0.0
220
0.0
230
-1.0
  0
CIRCLE
  5
149E
330
70
100
AcDbEntity
  8
Visible
100
AcDbCircle
 10
-930.186866
 20
850.102746
 30
0.0
 40
5.150000000000005
210
0.0
220
0.0
230
-1.0
  0
CIRCLE
  5
149F
330
70
100
AcDbEntity
  8
Visible
100
AcDbCircle
 10
-1036.786866
 20
317.102746
 30
0.0
 40
5.150000000000005
210
0.0
220
0.0
230
-1.0
  0
CIRCLE
  5
14A0
330
70
100
AcDbEntity
  8
Visible
100
AcDbCircle
 10
-770.286866
 20
263.802746
 30
0.0
 40
5.150000000000005
210
0.0
220
0.0
230
-1.0
  0
CIRCLE
  5
14A1
330
70
100
AcDbEntity
  8
Visible
100
AcDbCircle
 10
-557.086866
 20
583.602746
 30
0.0
 40
5.150000000000001
210
0.0
220
0.0
230
-1.0
  0
CIRCLE
  5
14A2
330
70
100
AcDbEntity
  8
Visible
100
AcDbCircle
 10
-397.186866
 20
530.302746
 30
0.0
 40
5.150000000000005
210
0.0
220
0.0
230
-1.0
  0
CIRCLE
  5
14A3
330
70
100
AcDbEntity
  8
Visible
100
AcDbCircle
 10
-1090.086866
 20
317.102746
 30
0.0
 40
5.150000000000005
210
0.0
220
0.0
230
-1.0
  0
CIRCLE
  5
14A4
330
70
100
AcDbEntity
  8
Visible
100
AcDbCircle
 10
-823.586866
 20
263.802746
 30
0.0
 40
5.150000000000005
210
0.0
220
0.0
230
-1.0
  0
CIRCLE
  5
14A5
330
70
100
AcDbEntity
  8
Visible
100
AcDbCircle
 10
-557.086866
 20
903.402746
 30
0.0
 40
5.150000000000001
210
0.0
220
0.0
230
-1.0
  0
CIRCLE
  5
14A6
330
70
100
AcDbEntity
  8
Visible
100
AcDbCircle
 10
-290.586866
 20
903.402746
 30
0.0
 40
5.150000000000005
210
0.0
220
0.0
230
-1.0
  0
CIRCLE
  5
14A7
330
70
100
AcDbEntity
  8
Visible
100
AcDbCircle
 10
-77.386866
 20
370.402746
 30
0.0
 40
5.150000000000005
210
0.0
220
0.0
230
-1.0
  0
CIRCLE
  5
14A8
330
70
100
AcDbEntity
  8
Visible
100
AcDbCircle
 10
-876.886866
 20
263.802746
 30
0.0
 40
5.150000000000005
210
0.0
220
0.0
230
-1.0
  0
CIRCLE
  5
14A9
330
70
100
AcDbEntity
  8
Visible
100
AcDbCircle
 10
-343.886866
 20
850.102746
 30
0.0
 40
5.150000000000005
210
0.0
220
0.0
230
-1.0
  0
CIRCLE
  5
14AA
330
70
100
AcDbEntity
  8
Visible
100
AcDbCircle
 10
-397.186866
 20
636.902746
 30
0.0
 40
5.150000000000005
210
0.0
220
0.0
230
-1.0
  0
CIRCLE
  5
14AB
330
70
100
AcDbEntity
  8
Visible
100
AcDbCircle
 10
-130.686866
 20
370.402746
 30
0.0
 40
5.150000000000005
210
0.0
220
0.0
230
-1.0
  0
CIRCLE
  5
14AC
330
70
100
AcDbEntity
  8
Visible
100
AcDbCircle
 10
-930.186866
 20
263.802746
 30
0.0
 40
5.150000000000005
210
0.0
220
0.0
230
-1.0
  0
CIRCLE
  5
14AD
330
70
100
AcDbEntity
  8
Visible
100
AcDbCircle
 10
-610.386866
 20
903.402746
 30
0.0
 40
5.150000000000001
210
0.0
220
0.0
230
-1.0
  0
CIRCLE
  5
14AE
330
70
100
AcDbEntity
  8
Visible
100
AcDbCircle
 10
-450.486866
 20
796.802746
 30
0.0
 40
5.150000000000005
210
0.0
220
0.0
230
-1.0
  0
CIRCLE
  5
14AF
330
70
100
AcDbEntity
  8
Visible
100
AcDbCircle
 10
-183.986866
 20
370.402746
 30
0.0
 40
5.150000000000005
210
0.0
220
0.0
230
-1.0
  0
CIRCLE
  5
14B0
330
70
100
AcDbEntity
  8
Visible
100
AcDbCircle
 10
-983.486866
 20
263.802746
 30
0.0
 40
5.150000000000005
210
0.0
220
0.0
230
-1.0
  0
CIRCLE
  5
14B1
330
70
100
AcDbEntity
  8
Visible
100
AcDbCircle
 10
-343.886866
 20
636.902746
 30
0.0
 40
5.150000000000005
210
0.0
220
0.0
230
-1.0
  0
CIRCLE
  5
14B2
330
70
100
AcDbEntity
  8
Visible
100
AcDbCircle
 10
-823.586866
 20
690.202746
 30
0.0
 40
5.150000000000005
210
0.0
220
0.0
230
-1.0
  0
CIRCLE
  5
14B3
330
70
100
AcDbEntity
  8
Visible
100
AcDbCircle
 10
-237.286866
 20
370.402746
 30
0.0
 40
5.150000000000005
210
0.0
220
0.0
230
-1.0
  0
CIRCLE
  5
14B4
330
70
100
AcDbEntity
  8
Visible
100
AcDbCircle
 10
-1036.786866
 20
263.802746
 30
0.0
 40
5.150000000000005
210
0.0
220
0.0
230
-1.0
  0
CIRCLE
  5
14B5
330
70
100
AcDbEntity
  8
Visible
100
AcDbCircle
 10
-290.586866
 20
530.302746
 30
0.0
 40
5.150000000000005
210
0.0
220
0.0
230
-1.0
  0
CIRCLE
  5
14B6
330
70
100
AcDbEntity
  8
Visible
100
AcDbCircle
 10
-290.586866
 20
370.402746
 30
0.0
 40
5.150000000000005
210
0.0
220
0.0
230
-1.0
  0
CIRCLE
  5
14B7
330
70
100
AcDbEntity
  8
Visible
100
AcDbCircle
 10
-1090.086866
 20
263.802746
 30
0.0
 40
5.150000000000005
210
0.0
220
0.0
230
-1.0
  0
CIRCLE
  5
14B8
330
70
100
AcDbEntity
  8
Visible
100
AcDbCircle
 10
-237.286866
 20
850.102746
 30
0.0
 40
5.150000000000005
210
0.0
220
0.0
230
-1.0
  0
CIRCLE
  5
14B9
330
70
100
AcDbEntity
  8
Visible
100
AcDbCircle
 10
-343.886866
 20
370.402746
 30
0.0
 40
5.150000000000005
210
0.0
220
0.0
230
-1.0
  0
CIRCLE
  5
14BA
330
70
100
AcDbEntity
  8
Visible
100
AcDbCircle
 10
-983.486866
 20
1063.302746
 30
0.0
 40
5.150000000000005
210
0.0
220
0.0
230
-1.0
  0
CIRCLE
  5
14BB
330
70
100
AcDbEntity
  8
Visible
100
AcDbCircle
 10
-397.186866
 20
370.402746
 30
0.0
 40
5.150000000000005
210
0.0
220
0.0
230
-1.0
  0
CIRCLE
  5
14BC
330
70
100
AcDbEntity
  8
Visible
100
AcDbCircle
 10
-557.086866
 20
263.802746
 30
0.0
 40
5.150000000000001
210
0.0
220
0.0
230
-1.0
  0
CIRCLE
  5
14BD
330
70
100
AcDbEntity
  8
Visible
100
AcDbCircle
 10
-450.486866
 20
370.402746
 30
0.0
 40
5.150000000000005
210
0.0
220
0.0
230
-1.0
  0
CIRCLE
  5
14BE
330
70
100
AcDbEntity
  8
Visible
100
AcDbCircle
 10
-503.786866
 20
370.402746
 30
0.0
 40
5.150000000000005
210
0.0
220
0.0
230
-1.0
  0
CIRCLE
  5
14BF
330
70
100
AcDbEntity
  8
Visible
100
AcDbCircle
 10
-77.386866
 20
317.102746
 30
0.0
 40
5.150000000000005
210
0.0
220
0.0
230
-1.0
  0
CIRCLE
  5
14C0
330
70
100
AcDbEntity
  8
Visible
100
AcDbCircle
 10
-557.086866
 20
370.402746
 30
0.0
 40
5.150000000000001
210
0.0
220
0.0
230
-1.0
  0
CIRCLE
  5
14C1
330
70
100
AcDbEntity
  8
Visible
100
AcDbCircle
 10
-450.486866
 20
263.802746
 30
0.0
 40
5.150000000000005
210
0.0
220
0.0
230
-1.0
  0
CIRCLE
  5
14C2
330
70
100
AcDbEntity
  8
Visible
100
AcDbCircle
 10
-397.186866
 20
263.802746
 30
0.0
 40
5.150000000000005
210
0.0
220
0.0
230
-1.0
  0
CIRCLE
  5
14C3
330
70
100
AcDbEntity
  8
Visible
100
AcDbCircle
 10
-610.386866
 20
370.402746
 30
0.0
 40
5.150000000000001
210
0.0
220
0.0
230
-1.0
  0
CIRCLE
  5
14C4
330
70
100
AcDbEntity
  8
Visible
100
AcDbCircle
 10
-130.686866
 20
690.202746
 30
0.0
 40
5.150000000000005
210
0.0
220
0.0
230
-1.0
  0
CIRCLE
  5
14C5
330
70
100
AcDbEntity
  8
Visible
100
AcDbCircle
 10
-770.286866
 20
903.402746
 30
0.0
 40
5.150000000000005
210
0.0
220
0.0
230
-1.0
  0
CIRCLE
  5
14C6
330
70
100
AcDbEntity
  8
Visible
100
AcDbCircle
 10
-930.186866
 20
690.202746
 30
0.0
 40
5.150000000000005
210
0.0
220
0.0
230
-1.0
  0
CIRCLE
  5
14C7
330
70
100
AcDbEntity
  8
Visible
100
AcDbCircle
 10
-983.486866
 20
850.102746
 30
0.0
 40
5.150000000000005
210
0.0
220
0.0
230
-1.0
  0
CIRCLE
  5
14C8
330
70
100
AcDbEntity
  8
Visible
100
AcDbCircle
 10
-397.186866
 20
850.102746
 30
0.0
 40
5.150000000000005
210
0.0
220
0.0
230
-1.0
  0
CIRCLE
  5
14C9
330
70
100
AcDbEntity
  8
Visible
100
AcDbCircle
 10
-663.686866
 20
370.402746
 30
0.0
 40
5.149999999999996
210
0.0
220
0.0
230
-1.0
  0
CIRCLE
  5
14CA
330
70
100
AcDbEntity
  8
Visible
100
AcDbCircle
 10
-503.786866
 20
263.802746
 30
0.0
 40
5.150000000000005
210
0.0
220
0.0
230
-1.0
  0
CIRCLE
  5
14CB
330
70
100
AcDbEntity
  8
Visible
100
AcDbCircle
 10
-716.986866
 20
370.402746
 30
0.0
 40
5.150000000000005
210
0.0
220
0.0
230
-1.0
  0
CIRCLE
  5
14CC
330
70
100
AcDbEntity
  8
Visible
100
AcDbCircle
 10
-1036.786866
 20
690.202746
 30
0.0
 40
5.150000000000005
210
0.0
220
0.0
230
-1.0
  0
CIRCLE
  5
14CD
330
70
100
AcDbEntity
  8
Visible
100
AcDbCircle
 10
-183.986866
 20
317.102746
 30
0.0
 40
5.150000000000005
210
0.0
220
0.0
230
-1.0
  0
CIRCLE
  5
14CE
330
70
100
AcDbEntity
  8
Visible
100
AcDbCircle
 10
-450.486866
 20
1116.602746
 30
0.0
 40
5.150000000000005
210
0.0
220
0.0
230
-1.0
  0
CIRCLE
  5
14CF
330
70
100
AcDbEntity
  8
Visible
100
AcDbCircle
 10
-770.286866
 20
370.402746
 30
0.0
 40
5.150000000000005
210
0.0
220
0.0
230
-1.0
  0
CIRCLE
  5
14D0
330
70
100
AcDbEntity
  8
Visible
100
AcDbCircle
 10
-237.286866
 20
317.102746
 30
0.0
 40
5.150000000000005
210
0.0
220
0.0
230
-1.0
  0
CIRCLE
  5
14D1
330
70
100
AcDbEntity
  8
Visible
100
AcDbCircle
 10
-823.586866
 20
370.402746
 30
0.0
 40
5.150000000000005
210
0.0
220
0.0
230
-1.0
  0
CIRCLE
  5
14D2
330
70
100
AcDbEntity
  8
Visible
100
AcDbCircle
 10
-450.486866
 20
317.102746
 30
0.0
 40
5.150000000000005
210
0.0
220
0.0
230
-1.0
  0
CIRCLE
  5
14D3
330
70
100
AcDbEntity
  8
Visible
100
AcDbCircle
 10
-876.886866
 20
370.402746
 30
0.0
 40
5.150000000000005
210
0.0
220
0.0
230
-1.0
  0
CIRCLE
  5
14D4
330
70
100
AcDbEntity
  8
Visible
100
AcDbCircle
 10
-183.986866
 20
903.402746
 30
0.0
 40
5.150000000000005
210
0.0
220
0.0
230
-1.0
  0
CIRCLE
  5
14D5
330
70
100
AcDbEntity
  8
Visible
100
AcDbCircle
 10
-237.286866
 20
583.602746
 30
0.0
 40
5.150000000000005
210
0.0
220
0.0
230
-1.0
  0
CIRCLE
  5
14D6
330
70
100
AcDbEntity
  8
Visible
100
AcDbCircle
 10
-930.186866
 20
370.402746
 30
0.0
 40
5.150000000000005
210
0.0
220
0.0
230
-1.0
  0
CIRCLE
  5
14D7
330
70
100
AcDbEntity
  8
Visible
100
AcDbCircle
 10
-930.186866
 20
903.402746
 30
0.0
 40
5.150000000000005
210
0.0
220
0.0
230
-1.0
  0
CIRCLE
  5
14D8
330
70
100
AcDbEntity
  8
Visible
100
AcDbCircle
 10
-1036.786866
 20
850.102746
 30
0.0
 40
5.150000000000005
210
0.0
220
0.0
230
-1.0
  0
CIRCLE
  5
14D9
330
70
100
AcDbEntity
  8
Visible
100
AcDbCircle
 10
-716.986866
 20
583.602746
 30
0.0
 40
5.150000000000005
210
0.0
220
0.0
230
-1.0
  0
CIRCLE
  5
14DA
330
70
100
AcDbEntity
  8
Visible
100
AcDbCircle
 10
-983.486866
 20
370.402746
 30
0.0
 40
5.150000000000005
210
0.0
220
0.0
230
-1.0
  0
CIRCLE
  5
14DB
330
70
100
AcDbEntity
  8
Visible
100
AcDbCircle
 10
-876.886866
 20
210.502746
 30
0.0
 40
5.150000000000005
210
0.0
220
0.0
230
-1.0
  0
CIRCLE
  5
14DC
330
70
100
AcDbEntity
  8
Visible
100
AcDbCircle
 10
-983.486866
 20
1116.602746
 30
0.0
 40
5.150000000000005
210
0.0
220
0.0
230
-1.0
  0
CIRCLE
  5
14DD
330
70
100
AcDbEntity
  8
Visible
100
AcDbCircle
 10
-450.486866
 20
583.602746
 30
0.0
 40
5.150000000000005
210
0.0
220
0.0
230
-1.0
  0
CIRCLE
  5
14DE
330
70
100
AcDbEntity
  8
Visible
100
AcDbCircle
 10
-557.086866
 20
956.702746
 30
0.0
 40
5.150000000000001
210
0.0
220
0.0
230
-1.0
  0
CIRCLE
  5
14DF
330
70
100
AcDbEntity
  8
Visible
100
AcDbCircle
 10
-983.486866
 20
903.402746
 30
0.0
 40
5.150000000000005
210
0.0
220
0.0
230
-1.0
  0
CIRCLE
  5
14E0
330
70
100
AcDbEntity
  8
Visible
100
AcDbCircle
 10
-1036.786866
 20
370.402746
 30
0.0
 40
5.150000000000005
210
0.0
220
0.0
230
-1.0
  0
CIRCLE
  5
14E1
330
70
100
AcDbEntity
  8
Visible
100
AcDbCircle
 10
-983.486866
 20
210.502746
 30
0.0
 40
5.150000000000005
210
0.0
220
0.0
230
-1.0
  0
CIRCLE
  5
14E2
330
70
100
AcDbEntity
  8
Visible
100
AcDbCircle
 10
-130.686866
 20
636.902746
 30
0.0
 40
5.150000000000005
210
0.0
220
0.0
230
-1.0
  0
CIRCLE
  5
14E3
330
70
100
AcDbEntity
  8
Visible
100
AcDbCircle
 10
-716.986866
 20
850.102746
 30
0.0
 40
5.150000000000005
210
0.0
220
0.0
230
-1.0
  0
CIRCLE
  5
14E4
330
70
100
AcDbEntity
  8
Visible
100
AcDbCircle
 10
-557.086866
 20
636.902746
 30
0.0
 40
5.150000000000001
210
0.0
220
0.0
230
-1.0
  0
CIRCLE
  5
14E5
330
70
100
AcDbEntity
  8
Visible
100
AcDbCircle
 10
-1090.086866
 20
850.102746
 30
0.0
 40
5.150000000000005
210
0.0
220
0.0
230
-1.0
  0
CIRCLE
  5
14E6
330
70
100
AcDbEntity
  8
Visible
100
AcDbCircle
 10
-1090.086866
 20
370.402746
 30
0.0
 40
5.150000000000005
210
0.0
220
0.0
230
-1.0
  0
CIRCLE
  5
14E7
330
70
100
AcDbEntity
  8
Visible
100
AcDbCircle
 10
-1090.086866
 20
210.502746
 30
0.0
 40
5.150000000000005
210
0.0
220
0.0
230
-1.0
  0
CIRCLE
  5
14E8
330
70
100
AcDbEntity
  8
Visible
100
AcDbCircle
 10
-290.586866
 20
1116.602746
 30
0.0
 40
5.150000000000005
210
0.0
220
0.0
230
-1.0
  0
CIRCLE
  5
14E9
330
70
100
AcDbEntity
  8
Visible
100
AcDbCircle
 10
-1036.786866
 20
210.502746
 30
0.0
 40
5.150000000000005
210
0.0
220
0.0
230
-1.0
  0
CIRCLE
  5
14EA
330
70
100
AcDbEntity
  8
Visible
100
AcDbCircle
 10
-183.986866
 20
530.302746
 30
0.0
 40
5.150000000000005
210
0.0
220
0.0
230
-1.0
  0
CIRCLE
  5
14EB
330
70
100
AcDbEntity
  8
Visible
100
AcDbCircle
 10
-77.386866
 20
423.702746
 30
0.0
 40
5.150000000000005
210
0.0
220
0.0
230
-1.0
  0
CIRCLE
  5
14EC
330
70
100
AcDbEntity
  8
Visible
100
AcDbCircle
 10
-770.286866
 20
210.502746
 30
0.0
 40
5.150000000000005
210
0.0
220
0.0
230
-1.0
  0
CIRCLE
  5
14ED
330
70
100
AcDbEntity
  8
Visible
100
AcDbCircle
 10
-450.486866
 20
903.402746
 30
0.0
 40
5.150000000000005
210
0.0
220
0.0
230
-1.0
  0
CIRCLE
  5
14EE
330
70
100
AcDbEntity
  8
Visible
100
AcDbCircle
 10
-823.586866
 20
210.502746
 30
0.0
 40
5.150000000000005
210
0.0
220
0.0
230
-1.0
  0
CIRCLE
  5
14EF
330
70
100
AcDbEntity
  8
Visible
100
AcDbCircle
 10
-1090.086866
 20
690.202746
 30
0.0
 40
5.150000000000005
210
0.0
220
0.0
230
-1.0
  0
CIRCLE
  5
14F0
330
70
100
AcDbEntity
  8
Visible
100
AcDbCircle
 10
-130.686866
 20
423.702746
 30
0.0
 40
5.150000000000005
210
0.0
220
0.0
230
-1.0
  0
CIRCLE
  5
14F1
330
70
100
AcDbEntity
  8
Visible
100
AcDbCircle
 10
-930.186866
 20
210.502746
 30
0.0
 40
5.150000000000005
210
0.0
220
0.0
230
-1.0
  0
CIRCLE
  5
14F2
330
70
100
AcDbEntity
  8
Visible
100
AcDbCircle
 10
-397.186866
 20
903.402746
 30
0.0
 40
5.150000000000005
210
0.0
220
0.0
230
-1.0
  0
CIRCLE
  5
14F3
330
70
100
AcDbEntity
  8
Visible
100
AcDbCircle
 10
-770.286866
 20
850.102746
 30
0.0
 40
5.150000000000005
210
0.0
220
0.0
230
-1.0
  0
CIRCLE
  5
14F4
330
70
100
AcDbEntity
  8
Visible
100
AcDbCircle
 10
-290.586866
 20
583.602746
 30
0.0
 40
5.150000000000005
210
0.0
220
0.0
230
-1.0
  0
CIRCLE
  5
14F5
330
70
100
AcDbEntity
  8
Visible
100
AcDbCircle
 10
-183.986866
 20
423.702746
 30
0.0
 40
5.150000000000005
210
0.0
220
0.0
230
-1.0
  0
CIRCLE
  5
14F6
330
70
100
AcDbEntity
  8
Visible
100
AcDbCircle
 10
-557.086866
 20
850.102746
 30
0.0
 40
5.150000000000001
210
0.0
220
0.0
230
-1.0
  0
CIRCLE
  5
14F7
330
70
100
AcDbEntity
  8
Visible
100
AcDbCircle
 10
-343.886866
 20
903.402746
 30
0.0
 40
5.150000000000005
210
0.0
220
0.0
230
-1.0
  0
CIRCLE
  5
14F8
330
70
100
AcDbEntity
  8
Visible
100
AcDbCircle
 10
-290.586866
 20
317.102746
 30
0.0
 40
5.150000000000005
210
0.0
220
0.0
230
-1.0
  0
CIRCLE
  5
14F9
330
70
100
AcDbEntity
  8
Visible
100
AcDbCircle
 10
-503.786866
 20
530.302746
 30
0.0
 40
5.150000000000005
210
0.0
220
0.0
230
-1.0
  0
CIRCLE
  5
14FA
330
70
100
AcDbEntity
  8
Visible
100
AcDbCircle
 10
-237.286866
 20
423.702746
 30
0.0
 40
5.150000000000005
210
0.0
220
0.0
230
-1.0
  0
CIRCLE
  5
14FB
330
70
100
AcDbEntity
  8
Visible
100
AcDbCircle
 10
-876.886866
 20
690.202746
 30
0.0
 40
5.150000000000005
210
0.0
220
0.0
230
-1.0
  0
CIRCLE
  5
14FC
330
70
100
AcDbEntity
  8
Visible
100
AcDbCircle
 10
-716.986866
 20
1063.302746
 30
0.0
 40
5.150000000000005
210
0.0
220
0.0
230
-1.0
  0
CIRCLE
  5
14FD
330
70
100
AcDbEntity
  8
Visible
100
AcDbCircle
 10
-343.886866
 20
317.102746
 30
0.0
 40
5.150000000000005
210
0.0
220
0.0
230
-1.0
  0
CIRCLE
  5
14FE
330
70
100
AcDbEntity
  8
Visible
100
AcDbCircle
 10
-823.586866
 20
530.302746
 30
0.0
 40
5.150000000000005
210
0.0
220
0.0
230
-1.0
  0
CIRCLE
  5
14FF
330
70
100
AcDbEntity
  8
Visible
100
AcDbCircle
 10
-290.586866
 20
423.702746
 30
0.0
 40
5.150000000000005
210
0.0
220
0.0
230
-1.0
  0
CIRCLE
  5
1500
330
70
100
AcDbEntity
  8
Visible
100
AcDbCircle
 10
-716.986866
 20
796.802746
 30
0.0
 40
5.150000000000005
210
0.0
220
0.0
230
-1.0
  0
CIRCLE
  5
1501
330
70
100
AcDbEntity
  8
Visible
100
AcDbCircle
 10
-557.086866
 20
796.802746
 30
0.0
 40
5.150000000000001
210
0.0
220
0.0
230
-1.0
  0
CIRCLE
  5
1502
330
70
100
AcDbEntity
  8
Visible
100
AcDbCircle
 10
-397.186866
 20
317.102746
 30
0.0
 40
5.150000000000005
210
0.0
220
0.0
230
-1.0
  0
CIRCLE
  5
1503
330
70
100
AcDbEntity
  8
Visible
100
AcDbCircle
 10
-1036.786866
 20
1063.302746
 30
0.0
 40
5.150000000000005
210
0.0
220
0.0
230
-1.0
  0
CIRCLE
  5
1504
330
70
100
AcDbEntity
  8
Visible
100
AcDbCircle
 10
-343.886866
 20
423.702746
 30
0.0
 40
5.150000000000005
210
0.0
220
0.0
230
-1.0
  0
CIRCLE
  5
1505
330
70
100
AcDbEntity
  8
Visible
100
AcDbCircle
 10
-130.686866
 20
583.602746
 30
0.0
 40
5.150000000000005
210
0.0
220
0.0
230
-1.0
  0
CIRCLE
  5
1506
330
70
100
AcDbEntity
  8
Visible
100
AcDbCircle
 10
-983.486866
 20
530.302746
 30
0.0
 40
5.150000000000005
210
0.0
220
0.0
230
-1.0
  0
CIRCLE
  5
1507
330
70
100
AcDbEntity
  8
Visible
100
AcDbCircle
 10
-77.386866
 20
263.802746
 30
0.0
 40
5.150000000000005
210
0.0
220
0.0
230
-1.0
  0
CIRCLE
  5
1508
330
70
100
AcDbEntity
  8
Visible
100
AcDbCircle
 10
-77.386866
 20
903.402746
 30
0.0
 40
5.150000000000005
210
0.0
220
0.0
230
-1.0
  0
CIRCLE
  5
1509
330
70
100
AcDbEntity
  8
Visible
100
AcDbCircle
 10
-876.886866
 20
850.102746
 30
0.0
 40
5.150000000000005
210
0.0
220
0.0
230
-1.0
  0
CIRCLE
  5
150A
330
70
100
AcDbEntity
  8
Visible
100
AcDbCircle
 10
-397.186866
 20
423.702746
 30
0.0
 40
5.150000000000005
210
0.0
220
0.0
230
-1.0
  0
CIRCLE
  5
150B
330
70
100
AcDbEntity
  8
Visible
100
AcDbCircle
 10
-610.386866
 20
583.602746
 30
0.0
 40
5.150000000000001
210
0.0
220
0.0
230
-1.0
  0
CIRCLE
  5
150C
330
70
100
AcDbEntity
  8
Visible
100
AcDbCircle
 10
-183.986866
 20
263.802746
 30
0.0
 40
5.150000000000005
210
0.0
220
0.0
230
-1.0
  0
CIRCLE
  5
150D
330
70
100
AcDbEntity
  8
Visible
100
AcDbCircle
 10
-450.486866
 20
423.702746
 30
0.0
 40
5.150000000000005
210
0.0
220
0.0
230
-1.0
  0
CIRCLE
  5
150E
330
70
100
AcDbEntity
  8
Visible
100
AcDbCircle
 10
-130.686866
 20
903.402746
 30
0.0
 40
5.150000000000005
210
0.0
220
0.0
230
-1.0
  0
CIRCLE
  5
150F
330
70
100
AcDbEntity
  8
Visible
100
AcDbCircle
 10
-716.986866
 20
956.702746
 30
0.0
 40
5.150000000000005
210
0.0
220
0.0
230
-1.0
  0
CIRCLE
  5
1510
330
70
100
AcDbEntity
  8
Visible
100
AcDbCircle
 10
-930.186866
 20
743.502746
 30
0.0
 40
5.150000000000005
210
0.0
220
0.0
230
-1.0
  0
CIRCLE
  5
1511
330
70
100
AcDbEntity
  8
Visible
100
AcDbCircle
 10
-503.786866
 20
583.602746
 30
0.0
 40
5.150000000000005
210
0.0
220
0.0
230
-1.0
  0
CIRCLE
  5
1512
330
70
100
AcDbEntity
  8
Visible
100
AcDbCircle
 10
-610.386866
 20
796.802746
 30
0.0
 40
5.150000000000001
210
0.0
220
0.0
230
-1.0
  0
CIRCLE
  5
1513
330
70
100
AcDbEntity
  8
Visible
100
AcDbCircle
 10
-130.686866
 20
210.502746
 30
0.0
 40
5.150000000000005
210
0.0
220
0.0
230
-1.0
  0
CIRCLE
  5
1514
330
70
100
AcDbEntity
  8
Visible
100
AcDbCircle
 10
-557.086866
 20
423.702746
 30
0.0
 40
5.150000000000001
210
0.0
220
0.0
230
-1.0
  0
CIRCLE
  5
1515
330
70
100
AcDbEntity
  8
Visible
100
AcDbCircle
 10
-876.886866
 20
530.302746
 30
0.0
 40
5.150000000000005
210
0.0
220
0.0
230
-1.0
  0
CIRCLE
  5
1516
330
70
100
AcDbEntity
  8
Visible
100
AcDbCircle
 10
-130.686866
 20
263.802746
 30
0.0
 40
5.150000000000005
210
0.0
220
0.0
230
-1.0
  0
CIRCLE
  5
1517
330
70
100
AcDbEntity
  8
Visible
100
AcDbCircle
 10
-237.286866
 20
636.902746
 30
0.0
 40
5.150000000000005
210
0.0
220
0.0
230
-1.0
  0
CIRCLE
  5
1518
330
70
100
AcDbEntity
  8
Visible
100
AcDbCircle
 10
-610.386866
 20
956.702746
 30
0.0
 40
5.150000000000001
210
0.0
220
0.0
230
-1.0
  0
CIRCLE
  5
1519
330
70
100
AcDbEntity
  8
Visible
100
AcDbCircle
 10
-663.686866
 20
1063.302746
 30
0.0
 40
5.149999999999996
210
0.0
220
0.0
230
-1.0
  0
CIRCLE
  5
151A
330
70
100
AcDbEntity
  8
Visible
100
AcDbCircle
 10
-237.286866
 20
263.802746
 30
0.0
 40
5.150000000000005
210
0.0
220
0.0
230
-1.0
  0
CIRCLE
  5
151B
330
70
100
AcDbEntity
  8
Visible
100
AcDbCircle
 10
-77.386866
 20
210.502746
 30
0.0
 40
5.150000000000005
210
0.0
220
0.0
230
-1.0
  0
CIRCLE
  5
151C
330
70
100
AcDbEntity
  8
Visible
100
AcDbCircle
 10
-343.886866
 20
263.802746
 30
0.0
 40
5.150000000000005
210
0.0
220
0.0
230
-1.0
  0
CIRCLE
  5
151D
330
70
100
AcDbEntity
  8
Visible
100
AcDbCircle
 10
-663.686866
 20
850.102746
 30
0.0
 40
5.149999999999996
210
0.0
220
0.0
230
-1.0
  0
CIRCLE
  5
151E
330
70
100
AcDbEntity
  8
Visible
100
AcDbCircle
 10
-1090.086866
 20
157.202746
 30
0.0
 40
5.150000000000005
210
0.0
220
0.0
230
-1.0
  0
CIRCLE
  5
151F
330
70
100
AcDbEntity
  8
Visible
100
AcDbCircle
 10
-503.786866
 20
423.702746
 30
0.0
 40
5.150000000000005
210
0.0
220
0.0
230
-1.0
  0
CIRCLE
  5
1520
330
70
100
AcDbEntity
  8
Visible
100
AcDbCircle
 10
-237.286866
 20
210.502746
 30
0.0
 40
5.150000000000005
210
0.0
220
0.0
230
-1.0
  0
CIRCLE
  5
1521
330
70
100
AcDbEntity
  8
Visible
100
AcDbCircle
 10
-183.986866
 20
210.502746
 30
0.0
 40
5.150000000000005
210
0.0
220
0.0
230
-1.0
  0
CIRCLE
  5
1522
330
70
100
AcDbEntity
  8
Visible
100
AcDbCircle
 10
-610.386866
 20
850.102746
 30
0.0
 40
5.150000000000001
210
0.0
220
0.0
230
-1.0
  0
CIRCLE
  5
1523
330
70
100
AcDbEntity
  8
Visible
100
AcDbCircle
 10
-503.786866
 20
850.102746
 30
0.0
 40
5.150000000000005
210
0.0
220
0.0
230
-1.0
  0
CIRCLE
  5
1524
330
70
100
AcDbEntity
  8
Visible
100
AcDbCircle
 10
-770.286866
 20
583.602746
 30
0.0
 40
5.150000000000005
210
0.0
220
0.0
230
-1.0
  0
CIRCLE
  5
1525
330
70
100
AcDbEntity
  8
Visible
100
AcDbCircle
 10
-1090.086866
 20
1116.602746
 30
0.0
 40
5.150000000000005
210
0.0
220
0.0
230
-1.0
  0
LINE
  5
1526
330
70
100
AcDbEntity
  8
Visible
100
AcDbLine
 10
158.986866
 20
75.602746
 30
0.0
 11
158.986866
 21
78.902746
 31
0.0
210
-0.0000000000000001
220
-1.0
230
0.0
  0
LINE
  5
1527
330
70
100
AcDbEntity
  8
Visible
100
AcDbLine
 10
208.986866
 20
75.602746
 30
0.0
 11
158.986866
 21
75.602746
 31
0.0
210
-0.0000000000000001
220
-1.0
230
0.0
  0
LINE
  5
1528
330
70
100
AcDbEntity
  8
Visible
100
AcDbLine
 10
208.986866
 20
78.902746
 30
0.0
 11
208.986866
 21
75.602746
 31
0.0
210
-0.0000000000000001
220
-1.0
230
0.0
  0
LINE
  5
1529
330
70
100
AcDbEntity
  8
Visible
100
AcDbLine
 10
158.986866
 20
78.902746
 30
0.0
 11
208.986866
 21
78.902746
 31
0.0
210
-0.0000000000000001
220
-1.0
230
0.0
  0
CIRCLE
  5
152A
330
70
100
AcDbEntity
  8
Visible
100
AcDbCircle
 10
-290.586866
 20
1010.002746
 30
0.0
 40
5.150000000000005
210
0.0
220
0.0
230
-1.0
  0
CIRCLE
  5
152B
330
70
100
AcDbEntity
  8
Visible
100
AcDbCircle
 10
-130.686866
 20
796.802746
 30
0.0
 40
5.150000000000005
210
0.0
220
0.0
230
-1.0
  0
CIRCLE
  5
152C
330
70
100
AcDbEntity
  8
Visible
100
AcDbCircle
 10
-343.886866
 20
956.702746
 30
0.0
 40
5.150000000000005
210
0.0
220
0.0
230
-1.0
  0
CIRCLE
  5
152D
330
70
100
AcDbEntity
  8
Visible
100
AcDbCircle
 10
-290.586866
 20
796.802746
 30
0.0
 40
5.150000000000005
210
0.0
220
0.0
230
-1.0
  0
CIRCLE
  5
152E
330
70
100
AcDbEntity
  8
Visible
100
AcDbCircle
 10
-397.186866
 20
1063.302746
 30
0.0
 40
5.150000000000005
210
0.0
220
0.0
230
-1.0
  0
CIRCLE
  5
152F
330
70
100
AcDbEntity
  8
Visible
100
AcDbCircle
 10
-823.586866
 20
796.802746
 30
0.0
 40
5.150000000000005
210
0.0
220
0.0
230
-1.0
  0
CIRCLE
  5
1530
330
70
100
AcDbEntity
  8
Visible
100
AcDbCircle
 10
-876.886866
 20
903.402746
 30
0.0
 40
5.150000000000005
210
0.0
220
0.0
230
-1.0
  0
CIRCLE
  5
1531
330
70
100
AcDbEntity
  8
Visible
100
AcDbCircle
 10
-983.486866
 20
690.202746
 30
0.0
 40
5.150000000000005
210
0.0
220
0.0
230
-1.0
  0
CIRCLE
  5
1532
330
70
100
AcDbEntity
  8
Visible
100
AcDbCircle
 10
-610.386866
 20
1116.602746
 30
0.0
 40
5.150000000000001
210
0.0
220
0.0
230
-1.0
  0
CIRCLE
  5
1533
330
70
100
AcDbEntity
  8
Visible
100
AcDbCircle
 10
-290.586866
 20
850.102746
 30
0.0
 40
5.150000000000005
210
0.0
220
0.0
230
-1.0
  0
CIRCLE
  5
1534
330
70
100
AcDbEntity
  8
Visible
100
AcDbCircle
 10
-610.386866
 20
636.902746
 30
0.0
 40
5.150000000000001
210
0.0
220
0.0
230
-1.0
  0
CIRCLE
  5
1535
330
70
100
AcDbEntity
  8
Visible
100
AcDbCircle
 10
-1036.786866
 20
636.902746
 30
0.0
 40
5.150000000000005
210
0.0
220
0.0
230
-1.0
  0
CIRCLE
  5
1536
330
70
100
AcDbEntity
  8
Visible
100
AcDbCircle
 10
-1090.086866
 20
743.502746
 30
0.0
 40
5.150000000000005
210
0.0
220
0.0
230
-1.0
  0
CIRCLE
  5
1537
330
70
100
AcDbEntity
  8
Visible
100
AcDbCircle
 10
-876.886866
 20
636.902746
 30
0.0
 40
5.150000000000005
210
0.0
220
0.0
230
-1.0
  0
CIRCLE
  5
1538
330
70
100
AcDbEntity
  8
Visible
100
AcDbCircle
 10
-770.286866
 20
636.902746
 30
0.0
 40
5.150000000000005
210
0.0
220
0.0
230
-1.0
  0
CIRCLE
  5
1539
330
70
100
AcDbEntity
  8
Visible
100
AcDbCircle
 10
-823.586866
 20
956.702746
 30
0.0
 40
5.150000000000005
210
0.0
220
0.0
230
-1.0
  0
CIRCLE
  5
153A
330
70
100
AcDbEntity
  8
Visible
100
AcDbCircle
 10
-237.286866
 20
1116.602746
 30
0.0
 40
5.150000000000005
210
0.0
220
0.0
230
-1.0
  0
CIRCLE
  5
153B
330
70
100
AcDbEntity
  8
Visible
100
AcDbCircle
 10
-343.886866
 20
1010.002746
 30
0.0
 40
5.150000000000005
210
0.0
220
0.0
230
-1.0
  0
CIRCLE
  5
153C
330
70
100
AcDbEntity
  8
Visible
100
AcDbCircle
 10
-503.786866
 20
1116.602746
 30
0.0
 40
5.150000000000005
210
0.0
220
0.0
230
-1.0
  0
CIRCLE
  5
153D
330
70
100
AcDbEntity
  8
Visible
100
AcDbCircle
 10
-930.186866
 20
636.902746
 30
0.0
 40
5.150000000000005
210
0.0
220
0.0
230
-1.0
  0
CIRCLE
  5
153E
330
70
100
AcDbEntity
  8
Visible
100
AcDbCircle
 10
-876.886866
 20
1063.302746
 30
0.0
 40
5.150000000000005
210
0.0
220
0.0
230
-1.0
  0
LINE
  5
153F
330
70
100
AcDbEntity
  8
Visible
100
AcDbLine
 10
372.186866
 20
1141.602746
 30
0.0
 11
372.186866
 21
1144.902746
 31
0.0
210
-0.0000000000000001
220
-1.0
230
0.0
  0
LINE
  5
1540
330
70
100
AcDbEntity
  8
Visible
100
AcDbLine
 10
422.186866
 20
1141.602746
 30
0.0
 11
372.186866
 21
1141.602746
 31
0.0
210
-0.0000000000000001
220
-1.0
230
0.0
  0
LINE
  5
1541
330
70
100
AcDbEntity
  8
Visible
100
AcDbLine
 10
422.186866
 20
1144.902746
 30
0.0
 11
422.186866
 21
1141.602746
 31
0.0
210
-0.0000000000000001
220
-1.0
230
0.0
  0
LINE
  5
1542
330
70
100
AcDbEntity
  8
Visible
100
AcDbLine
 10
372.186866
 20
1144.902746
 30
0.0
 11
422.186866
 21
1144.902746
 31
0.0
210
-0.0000000000000001
220
-1.0
230
0.0
  0
CIRCLE
  5
1543
330
70
100
AcDbEntity
  8
Visible
100
AcDbCircle
 10
-503.786866
 20
956.702746
 30
0.0
 40
5.150000000000005
210
0.0
220
0.0
230
-1.0
  0
CIRCLE
  5
1544
330
70
100
AcDbEntity
  8
Visible
100
AcDbCircle
 10
-663.686866
 20
743.502746
 30
0.0
 40
5.149999999999996
210
0.0
220
0.0
230
-1.0
  0
CIRCLE
  5
1545
330
70
100
AcDbEntity
  8
Visible
100
AcDbCircle
 10
-663.686866
 20
636.902746
 30
0.0
 40
5.149999999999996
210
0.0
220
0.0
230
-1.0
  0
CIRCLE
  5
1546
330
70
100
AcDbEntity
  8
Visible
100
AcDbCircle
 10
-237.286866
 20
1063.302746
 30
0.0
 40
5.150000000000005
210
0.0
220
0.0
230
-1.0
  0
CIRCLE
  5
1547
330
70
100
AcDbEntity
  8
Visible
100
AcDbCircle
 10
-716.986866
 20
903.402746
 30
0.0
 40
5.150000000000005
210
0.0
220
0.0
230
-1.0
  0
CIRCLE
  5
1548
330
70
100
AcDbEntity
  8
Visible
100
AcDbCircle
 10
-663.686866
 20
1010.002746
 30
0.0
 40
5.149999999999996
210
0.0
220
0.0
230
-1.0
  0
CIRCLE
  5
1549
330
70
100
AcDbEntity
  8
Visible
100
AcDbCircle
 10
-876.886866
 20
583.602746
 30
0.0
 40
5.150000000000005
210
0.0
220
0.0
230
-1.0
  0
CIRCLE
  5
154A
330
70
100
AcDbEntity
  8
Visible
100
AcDbCircle
 10
-876.886866
 20
743.502746
 30
0.0
 40
5.150000000000005
210
0.0
220
0.0
230
-1.0
  0
CIRCLE
  5
154B
330
70
100
AcDbEntity
  8
Visible
100
AcDbCircle
 10
-450.486866
 20
743.502746
 30
0.0
 40
5.150000000000005
210
0.0
220
0.0
230
-1.0
  0
CIRCLE
  5
154C
330
70
100
AcDbEntity
  8
Visible
100
AcDbCircle
 10
-823.586866
 20
583.602746
 30
0.0
 40
5.150000000000005
210
0.0
220
0.0
230
-1.0
  0
CIRCLE
  5
154D
330
70
100
AcDbEntity
  8
Visible
100
AcDbCircle
 10
-1090.086866
 20
956.702746
 30
0.0
 40
5.150000000000005
210
0.0
220
0.0
230
-1.0
  0
CIRCLE
  5
154E
330
70
100
AcDbEntity
  8
Visible
100
AcDbCircle
 10
-290.586866
 20
743.502746
 30
0.0
 40
5.150000000000005
210
0.0
220
0.0
230
-1.0
  0
LINE
  5
154F
330
70
100
AcDbEntity
  8
Visible
100
AcDbLine
 10
52.386866
 20
771.802746
 30
0.0
 11
49.086866
 21
771.802746
 31
0.0
210
-0.0000000000000001
220
-1.0
230
0.0
  0
LINE
  5
1550
330
70
100
AcDbEntity
  8
Visible
100
AcDbLine
 10
52.386866
 20
821.802746
 30
0.0
 11
52.386866
 21
771.802746
 31
0.0
210
-0.0000000000000001
220
-1.0
230
0.0
  0
LINE
  5
1551
330
70
100
AcDbEntity
  8
Visible
100
AcDbLine
 10
49.086866
 20
821.802746
 30
0.0
 11
52.386866
 21
821.802746
 31
0.0
210
-0.0000000000000001
220
-1.0
230
0.0
  0
LINE
  5
1552
330
70
100
AcDbEntity
  8
Visible
100
AcDbLine
 10
49.086866
 20
771.802746
 30
0.0
 11
49.086866
 21
821.802746
 31
0.0
210
-0.0000000000000001
220
-1.0
230
0.0
  0
CIRCLE
  5
1553
330
70
100
AcDbEntity
  8
Visible
100
AcDbCircle
 10
-237.286866
 20
956.702746
 30
0.0
 40
5.150000000000005
210
0.0
220
0.0
230
-1.0
  0
CIRCLE
  5
1554
330
70
100
AcDbEntity
  8
Visible
100
AcDbCircle
 10
-1090.086866
 20
636.902746
 30
0.0
 40
5.150000000000005
210
0.0
220
0.0
230
-1.0
  0
LINE
  5
1555
330
70
100
AcDbEntity
  8
Visible
100
AcDbLine
 10
1118.386866
 20
185.502746
 30
0.0
 11
1115.086866
 21
185.502746
 31
0.0
210
-0.0000000000000001
220
-1.0
230
0.0
  0
LINE
  5
1556
330
70
100
AcDbEntity
  8
Visible
100
AcDbLine
 10
1118.386866
 20
235.502746
 30
0.0
 11
1118.386866
 21
185.502746
 31
0.0
210
-0.0000000000000001
220
-1.0
230
0.0
  0
LINE
  5
1557
330
70
100
AcDbEntity
  8
Visible
100
AcDbLine
 10
1115.086866
 20
235.502746
 30
0.0
 11
1118.386866
 21
235.502746
 31
0.0
210
-0.0000000000000001
220
-1.0
230
0.0
  0
LINE
  5
1558
330
70
100
AcDbEntity
  8
Visible
100
AcDbLine
 10
1115.086866
 20
185.502746
 30
0.0
 11
1115.086866
 21
235.502746
 31
0.0
210
-0.0000000000000001
220
-1.0
230
0.0
  0
CIRCLE
  5
1559
330
70
100
AcDbEntity
  8
Visible
100
AcDbCircle
 10
-77.386866
 20
743.502746
 30
0.0
 40
5.150000000000005
210
0.0
220
0.0
230
-1.0
  0
CIRCLE
  5
155A
330
70
100
AcDbEntity
  8
Visible
100
AcDbCircle
 10
-1036.786866
 20
583.602746
 30
0.0
 40
5.150000000000005
210
0.0
220
0.0
230
-1.0
  0
CIRCLE
  5
155B
330
70
100
AcDbEntity
  8
Visible
100
AcDbCircle
 10
-237.286866
 20
743.502746
 30
0.0
 40
5.150000000000005
210
0.0
220
0.0
230
-1.0
  0
CIRCLE
  5
155C
330
70
100
AcDbEntity
  8
Visible
100
AcDbCircle
 10
-610.386866
 20
1063.302746
 30
0.0
 40
5.150000000000001
210
0.0
220
0.0
230
-1.0
  0
CIRCLE
  5
155D
330
70
100
AcDbEntity
  8
Visible
100
AcDbCircle
 10
-343.886866
 20
743.502746
 30
0.0
 40
5.150000000000005
210
0.0
220
0.0
230
-1.0
  0
LINE
  5
155E
330
70
100
AcDbEntity
  8
Visible
100
AcDbLine
 10
158.986866
 20
1141.602746
 30
0.0
 11
158.986866
 21
1144.902746
 31
0.0
210
-0.0000000000000001
220
-1.0
230
0.0
  0
LINE
  5
155F
330
70
100
AcDbEntity
  8
Visible
100
AcDbLine
 10
208.986866
 20
1141.602746
 30
0.0
 11
158.986866
 21
1141.602746
 31
0.0
210
-0.0000000000000001
220
-1.0
230
0.0
  0
LINE
  5
1560
330
70
100
AcDbEntity
  8
Visible
100
AcDbLine
 10
208.986866
 20
1144.902746
 30
0.0
 11
208.986866
 21
1141.602746
 31
0.0
210
-0.0000000000000001
220
-1.0
230
0.0
  0
LINE
  5
1561
330
70
100
AcDbEntity
  8
Visible
100
AcDbLine
 10
158.986866
 20
1144.902746
 30
0.0
 11
208.986866
 21
1144.902746
 31
0.0
210
-0.0000000000000001
220
-1.0
230
0.0
  0
CIRCLE
  5
1562
330
70
100
AcDbEntity
  8
Visible
100
AcDbCircle
 10
-770.286866
 20
796.802746
 30
0.0
 40
5.150000000000005
210
0.0
220
0.0
230
-1.0
  0
CIRCLE
  5
1563
330
70
100
AcDbEntity
  8
Visible
100
AcDbCircle
 10
-130.686866
 20
1116.602746
 30
0.0
 40
5.150000000000005
210
0.0
220
0.0
230
-1.0
  0
CIRCLE
  5
1564
330
70
100
AcDbEntity
  8
Visible
100
AcDbCircle
 10
-557.086866
 20
1116.602746
 30
0.0
 40
5.150000000000001
210
0.0
220
0.0
230
-1.0
  0
CIRCLE
  5
1565
330
70
100
AcDbEntity
  8
Visible
100
AcDbCircle
 10
-983.486866
 20
636.902746
 30
0.0
 40
5.150000000000005
210
0.0
220
0.0
230
-1.0
  0
LINE
  5
1566
330
70
100
AcDbEntity
  8
Visible
100
AcDbLine
 10
1118.386866
 20
985.002746
 30
0.0
 11
1115.086866
 21
985.002746
 31
0.0
210
-0.0000000000000001
220
-1.0
230
0.0
  0
LINE
  5
1567
330
70
100
AcDbEntity
  8
Visible
100
AcDbLine
 10
1118.386866
 20
1035.002746
 30
0.0
 11
1118.386866
 21
985.002746
 31
0.0
210
-0.0000000000000001
220
-1.0
230
0.0
  0
LINE
  5
1568
330
70
100
AcDbEntity
  8
Visible
100
AcDbLine
 10
1115.086866
 20
1035.002746
 30
0.0
 11
1118.386866
 21
1035.002746
 31
0.0
210
-0.0000000000000001
220
-1.0
230
0.0
  0
LINE
  5
1569
330
70
100
AcDbEntity
  8
Visible
100
AcDbLine
 10
1115.086866
 20
985.002746
 30
0.0
 11
1115.086866
 21
1035.002746
 31
0.0
210
-0.0000000000000001
220
-1.0
230
0.0
  0
CIRCLE
  5
156A
330
70
100
AcDbEntity
  8
Visible
100
AcDbCircle
 10
-770.286866
 20
530.302746
 30
0.0
 40
5.150000000000005
210
0.0
220
0.0
230
-1.0
  0
CIRCLE
  5
156B
330
70
100
AcDbEntity
  8
Visible
100
AcDbCircle
 10
-876.886866
 20
1116.602746
 30
0.0
 40
5.150000000000005
210
0.0
220
0.0
230
-1.0
  0
CIRCLE
  5
156C
330
70
100
AcDbEntity
  8
Visible
100
AcDbCircle
 10
-1036.786866
 20
1010.002746
 30
0.0
 40
5.150000000000005
210
0.0
220
0.0
230
-1.0
  0
CIRCLE
  5
156D
330
70
100
AcDbEntity
  8
Visible
100
AcDbCircle
 10
-343.886866
 20
690.202746
 30
0.0
 40
5.150000000000005
210
0.0
220
0.0
230
-1.0
  0
CIRCLE
  5
156E
330
70
100
AcDbEntity
  8
Visible
100
AcDbCircle
 10
-77.386866
 20
956.702746
 30
0.0
 40
5.150000000000005
210
0.0
220
0.0
230
-1.0
  0
CIRCLE
  5
156F
330
70
100
AcDbEntity
  8
Visible
100
AcDbCircle
 10
-770.286866
 20
690.202746
 30
0.0
 40
5.150000000000005
210
0.0
220
0.0
230
-1.0
  0
CIRCLE
  5
1570
330
70
100
AcDbEntity
  8
Visible
100
AcDbCircle
 10
-130.686866
 20
1063.302746
 30
0.0
 40
5.150000000000005
210
0.0
220
0.0
230
-1.0
  0
CIRCLE
  5
1571
330
70
100
AcDbEntity
  8
Visible
100
AcDbCircle
 10
-450.486866
 20
1010.002746
 30
0.0
 40
5.150000000000005
210
0.0
220
0.0
230
-1.0
  0
CIRCLE
  5
1572
330
70
100
AcDbEntity
  8
Visible
100
AcDbCircle
 10
-557.086866
 20
743.502746
 30
0.0
 40
5.150000000000001
210
0.0
220
0.0
230
-1.0
  0
CIRCLE
  5
1573
330
70
100
AcDbEntity
  8
Visible
100
AcDbCircle
 10
-823.586866
 20
743.502746
 30
0.0
 40
5.150000000000005
210
0.0
220
0.0
230
-1.0
  0
CIRCLE
  5
1574
330
70
100
AcDbEntity
  8
Visible
100
AcDbCircle
 10
-557.086866
 20
1010.002746
 30
0.0
 40
5.150000000000001
210
0.0
220
0.0
230
-1.0
  0
CIRCLE
  5
1575
330
70
100
AcDbEntity
  8
Visible
100
AcDbCircle
 10
-130.686866
 20
956.702746
 30
0.0
 40
5.150000000000005
210
0.0
220
0.0
230
-1.0
  0
CIRCLE
  5
1576
330
70
100
AcDbEntity
  8
Visible
100
AcDbCircle
 10
-130.686866
 20
1010.002746
 30
0.0
 40
5.150000000000005
210
0.0
220
0.0
230
-1.0
  0
CIRCLE
  5
1577
330
70
100
AcDbEntity
  8
Visible
100
AcDbCircle
 10
-876.886866
 20
796.802746
 30
0.0
 40
5.150000000000005
210
0.0
220
0.0
230
-1.0
  0
LINE
  5
1578
330
70
100
AcDbEntity
  8
Visible
100
AcDbLine
 10
1118.386866
 20
398.702746
 30
0.0
 11
1115.086866
 21
398.702746
 31
0.0
210
-0.0000000000000001
220
-1.0
230
0.0
  0
LINE
  5
1579
330
70
100
AcDbEntity
  8
Visible
100
AcDbLine
 10
1118.386866
 20
448.702746
 30
0.0
 11
1118.386866
 21
398.702746
 31
0.0
210
-0.0000000000000001
220
-1.0
230
0.0
  0
LINE
  5
157A
330
70
100
AcDbEntity
  8
Visible
100
AcDbLine
 10
1115.086866
 20
448.702746
 30
0.0
 11
1118.386866
 21
448.702746
 31
0.0
210
-0.0000000000000001
220
-1.0
230
0.0
  0
LINE
  5
157B
330
70
100
AcDbEntity
  8
Visible
100
AcDbLine
 10
1115.086866
 20
398.702746
 30
0.0
 11
1115.086866
 21
448.702746
 31
0.0
210
-0.0000000000000001
220
-1.0
230
0.0
  0
CIRCLE
  5
157C
330
70
100
AcDbEntity
  8
Visible
100
AcDbCircle
 10
-983.486866
 20
956.702746
 30
0.0
 40
5.150000000000005
210
0.0
220
0.0
230
-1.0
  0
CIRCLE
  5
157D
330
70
100
AcDbEntity
  8
Visible
100
AcDbCircle
 10
-237.286866
 20
903.402746
 30
0.0
 40
5.150000000000005
210
0.0
220
0.0
230
-1.0
  0
CIRCLE
  5
157E
330
70
100
AcDbEntity
  8
Visible
100
AcDbCircle
 10
-557.086866
 20
530.302746
 30
0.0
 40
5.150000000000001
210
0.0
220
0.0
230
-1.0
  0
CIRCLE
  5
157F
330
70
100
AcDbEntity
  8
Visible
100
AcDbCircle
 10
-930.186866
 20
1063.302746
 30
0.0
 40
5.150000000000005
210
0.0
220
0.0
230
-1.0
  0
CIRCLE
  5
1580
330
70
100
AcDbEntity
  8
Visible
100
AcDbCircle
 10
-77.386866
 20
636.902746
 30
0.0
 40
5.150000000000005
210
0.0
220
0.0
230
-1.0
  0
CIRCLE
  5
1581
330
70
100
AcDbEntity
  8
Visible
100
AcDbCircle
 10
-716.986866
 20
743.502746
 30
0.0
 40
5.150000000000005
210
0.0
220
0.0
230
-1.0
  0
CIRCLE
  5
1582
330
70
100
AcDbEntity
  8
Visible
100
AcDbCircle
 10
-237.286866
 20
690.202746
 30
0.0
 40
5.150000000000005
210
0.0
220
0.0
230
-1.0
  0
LINE
  5
1583
330
70
100
AcDbEntity
  8
Visible
100
AcDbLine
 10
52.386866
 20
398.702746
 30
0.0
 11
49.086866
 21
398.702746
 31
0.0
210
-0.0000000000000001
220
-1.0
230
0.0
  0
LINE
  5
1584
330
70
100
AcDbEntity
  8
Visible
100
AcDbLine
 10
52.386866
 20
448.702746
 30
0.0
 11
52.386866
 21
398.702746
 31
0.0
210
-0.0000000000000001
220
-1.0
230
0.0
  0
LINE
  5
1585
330
70
100
AcDbEntity
  8
Visible
100
AcDbLine
 10
49.086866
 20
448.702746
 30
0.0
 11
52.386866
 21
448.702746
 31
0.0
210
-0.0000000000000001
220
-1.0
230
0.0
  0
LINE
  5
1586
330
70
100
AcDbEntity
  8
Visible
100
AcDbLine
 10
49.086866
 20
398.702746
 30
0.0
 11
49.086866
 21
448.702746
 31
0.0
210
-0.0000000000000001
220
-1.0
230
0.0
  0
CIRCLE
  5
1587
330
70
100
AcDbEntity
  8
Visible
100
AcDbCircle
 10
-503.786866
 20
743.502746
 30
0.0
 40
5.150000000000005
210
0.0
220
0.0
230
-1.0
  0
CIRCLE
  5
1588
330
70
100
AcDbEntity
  8
Visible
100
AcDbCircle
 10
-1036.786866
 20
796.802746
 30
0.0
 40
5.150000000000005
210
0.0
220
0.0
230
-1.0
  0
CIRCLE
  5
1589
330
70
100
AcDbEntity
  8
Visible
100
AcDbCircle
 10
-770.286866
 20
743.502746
 30
0.0
 40
5.150000000000005
210
0.0
220
0.0
230
-1.0
  0
CIRCLE
  5
158A
330
70
100
AcDbEntity
  8
Visible
100
AcDbCircle
 10
-290.586866
 20
690.202746
 30
0.0
 40
5.150000000000005
210
0.0
220
0.0
230
-1.0
  0
CIRCLE
  5
158B
330
70
100
AcDbEntity
  8
Visible
100
AcDbCircle
 10
-610.386866
 20
690.202746
 30
0.0
 40
5.150000000000001
210
0.0
220
0.0
230
-1.0
  0
CIRCLE
  5
158C
330
70
100
AcDbEntity
  8
Visible
100
AcDbCircle
 10
-77.386866
 20
850.102746
 30
0.0
 40
5.150000000000005
210
0.0
220
0.0
230
-1.0
  0
CIRCLE
  5
158D
330
70
100
AcDbEntity
  8
Visible
100
AcDbCircle
 10
-1090.086866
 20
1063.302746
 30
0.0
 40
5.150000000000005
210
0.0
220
0.0
230
-1.0
  0
CIRCLE
  5
158E
330
70
100
AcDbEntity
  8
Visible
100
AcDbCircle
 10
-77.386866
 20
796.802746
 30
0.0
 40
5.150000000000005
210
0.0
220
0.0
230
-1.0
  0
CIRCLE
  5
158F
330
70
100
AcDbEntity
  8
Visible
100
AcDbCircle
 10
-503.786866
 20
1010.002746
 30
0.0
 40
5.150000000000005
210
0.0
220
0.0
230
-1.0
  0
LINE
  5
1590
330
70
100
AcDbEntity
  8
Visible
100
AcDbLine
 10
52.386866
 20
985.002746
 30
0.0
 11
49.086866
 21
985.002746
 31
0.0
210
-0.0000000000000001
220
-1.0
230
0.0
  0
LINE
  5
1591
330
70
100
AcDbEntity
  8
Visible
100
AcDbLine
 10
52.386866
 20
1035.002746
 30
0.0
 11
52.386866
 21
985.002746
 31
0.0
210
-0.0000000000000001
220
-1.0
230
0.0
  0
LINE
  5
1592
330
70
100
AcDbEntity
  8
Visible
100
AcDbLine
 10
49.086866
 20
1035.002746
 30
0.0
 11
52.386866
 21
1035.002746
 31
0.0
210
-0.0000000000000001
220
-1.0
230
0.0
  0
LINE
  5
1593
330
70
100
AcDbEntity
  8
Visible
100
AcDbLine
 10
49.086866
 20
985.002746
 30
0.0
 11
49.086866
 21
1035.002746
 31
0.0
210
-0.0000000000000001
220
-1.0
230
0.0
  0
CIRCLE
  5
1594
330
70
100
AcDbEntity
  8
Visible
100
AcDbCircle
 10
-823.586866
 20
903.402746
 30
0.0
 40
5.150000000000005
210
0.0
220
0.0
230
-1.0
  0
CIRCLE
  5
1595
330
70
100
AcDbEntity
  8
Visible
100
AcDbCircle
 10
-823.586866
 20
1010.002746
 30
0.0
 40
5.150000000000005
210
0.0
220
0.0
230
-1.0
  0
CIRCLE
  5
1596
330
70
100
AcDbEntity
  8
Visible
100
AcDbCircle
 10
-663.686866
 20
903.402746
 30
0.0
 40
5.149999999999996
210
0.0
220
0.0
230
-1.0
  0
CIRCLE
  5
1597
330
70
100
AcDbEntity
  8
Visible
100
AcDbCircle
 10
-183.986866
 20
956.702746
 30
0.0
 40
5.150000000000005
210
0.0
220
0.0
230
-1.0
  0
CIRCLE
  5
1598
330
70
100
AcDbEntity
  8
Visible
100
AcDbCircle
 10
-130.686866
 20
850.102746
 30
0.0
 40
5.150000000000005
210
0.0
220
0.0
230
-1.0
  0
CIRCLE
  5
1599
330
70
100
AcDbEntity
  8
Visible
100
AcDbCircle
 10
-450.486866
 20
636.902746
 30
0.0
 40
5.150000000000005
210
0.0
220
0.0
230
-1.0
  0
CIRCLE
  5
159A
330
70
100
AcDbEntity
  8
Visible
100
AcDbCircle
 10
-610.386866
 20
530.302746
 30
0.0
 40
5.150000000000001
210
0.0
220
0.0
230
-1.0
  0
CIRCLE
  5
159B
330
70
100
AcDbEntity
  8
Visible
100
AcDbCircle
 10
-450.486866
 20
1063.302746
 30
0.0
 40
5.150000000000005
210
0.0
220
0.0
230
-1.0
  0
CIRCLE
  5
159C
330
70
100
AcDbEntity
  8
Visible
100
AcDbCircle
 10
-983.486866
 20
796.802746
 30
0.0
 40
5.150000000000005
210
0.0
220
0.0
230
-1.0
  0
CIRCLE
  5
159D
330
70
100
AcDbEntity
  8
Visible
100
AcDbCircle
 10
-1090.086866
 20
530.302746
 30
0.0
 40
5.150000000000005
210
0.0
220
0.0
230
-1.0
  0
CIRCLE
  5
159E
330
70
100
AcDbEntity
  8
Visible
100
AcDbCircle
 10
-77.386866
 20
1116.602746
 30
0.0
 40
5.150000000000005
210
0.0
220
0.0
230
-1.0
  0
CIRCLE
  5
159F
330
70
100
AcDbEntity
  8
Visible
100
AcDbCircle
 10
-183.986866
 20
636.902746
 30
0.0
 40
5.150000000000005
210
0.0
220
0.0
230
-1.0
  0
CIRCLE
  5
15A0
330
70
100
AcDbEntity
  8
Visible
100
AcDbCircle
 10
-290.586866
 20
636.902746
 30
0.0
 40
5.150000000000005
210
0.0
220
0.0
230
-1.0
  0
LINE
  5
15A1
330
70
100
AcDbEntity
  8
Visible
100
AcDbLine
 10
1118.386866
 20
771.802746
 30
0.0
 11
1115.086866
 21
771.802746
 31
0.0
210
-0.0000000000000001
220
-1.0
230
0.0
  0
LINE
  5
15A2
330
70
100
AcDbEntity
  8
Visible
100
AcDbLine
 10
1118.386866
 20
821.802746
 30
0.0
 11
1118.386866
 21
771.802746
 31
0.0
210
-0.0000000000000001
220
-1.0
230
0.0
  0
LINE
  5
15A3
330
70
100
AcDbEntity
  8
Visible
100
AcDbLine
 10
1115.086866
 20
821.802746
 30
0.0
 11
1118.386866
 21
821.802746
 31
0.0
210
-0.0000000000000001
220
-1.0
230
0.0
  0
LINE
  5
15A4
330
70
100
AcDbEntity
  8
Visible
100
AcDbLine
 10
1115.086866
 20
771.802746
 30
0.0
 11
1115.086866
 21
821.802746
 31
0.0
210
-0.0000000000000001
220
-1.0
230
0.0
  0
CIRCLE
  5
15A5
330
70
100
AcDbEntity
  8
Visible
100
AcDbCircle
 10
-557.086866
 20
1063.302746
 30
0.0
 40
5.150000000000001
210
0.0
220
0.0
230
-1.0
  0
CIRCLE
  5
15A6
330
70
100
AcDbEntity
  8
Visible
100
AcDbCircle
 10
-1036.786866
 20
903.402746
 30
0.0
 40
5.150000000000005
210
0.0
220
0.0
230
-1.0
  0
CIRCLE
  5
15A7
330
70
100
AcDbEntity
  8
Visible
100
AcDbCircle
 10
-237.286866
 20
796.802746
 30
0.0
 40
5.150000000000005
210
0.0
220
0.0
230
-1.0
  0
CIRCLE
  5
15A8
330
70
100
AcDbEntity
  8
Visible
100
AcDbCircle
 10
-183.986866
 20
1063.302746
 30
0.0
 40
5.150000000000005
210
0.0
220
0.0
230
-1.0
  0
CIRCLE
  5
15A9
330
70
100
AcDbEntity
  8
Visible
100
AcDbCircle
 10
-1036.786866
 20
956.702746
 30
0.0
 40
5.150000000000005
210
0.0
220
0.0
230
-1.0
  0
CIRCLE
  5
15AA
330
70
100
AcDbEntity
  8
Visible
100
AcDbCircle
 10
-397.186866
 20
1116.602746
 30
0.0
 40
5.150000000000005
210
0.0
220
0.0
230
-1.0
  0
CIRCLE
  5
15AB
330
70
100
AcDbEntity
  8
Visible
100
AcDbCircle
 10
-77.386866
 20
690.202746
 30
0.0
 40
5.150000000000005
210
0.0
220
0.0
230
-1.0
  0
CIRCLE
  5
15AC
330
70
100
AcDbEntity
  8
Visible
100
AcDbCircle
 10
-930.186866
 20
530.302746
 30
0.0
 40
5.150000000000005
210
0.0
220
0.0
230
-1.0
  0
CIRCLE
  5
15AD
330
70
100
AcDbEntity
  8
Visible
100
AcDbCircle
 10
-663.686866
 20
477.002746
 30
0.0
 40
5.149999999999996
210
0.0
220
0.0
230
-1.0
  0
CIRCLE
  5
15AE
330
70
100
AcDbEntity
  8
Visible
100
AcDbCircle
 10
-397.186866
 20
743.502746
 30
0.0
 40
5.150000000000005
210
0.0
220
0.0
230
-1.0
  0
CIRCLE
  5
15AF
330
70
100
AcDbEntity
  8
Visible
100
AcDbCircle
 10
-290.586866
 20
1063.302746
 30
0.0
 40
5.150000000000005
210
0.0
220
0.0
230
-1.0
  0
CIRCLE
  5
15B0
330
70
100
AcDbEntity
  8
Visible
100
AcDbCircle
 10
-183.986866
 20
850.102746
 30
0.0
 40
5.150000000000005
210
0.0
220
0.0
230
-1.0
  0
CIRCLE
  5
15B1
330
70
100
AcDbEntity
  8
Visible
100
AcDbCircle
 10
-930.186866
 20
796.802746
 30
0.0
 40
5.150000000000005
210
0.0
220
0.0
230
-1.0
  0
CIRCLE
  5
15B2
330
70
100
AcDbEntity
  8
Visible
100
AcDbCircle
 10
-183.986866
 20
743.502746
 30
0.0
 40
5.150000000000005
210
0.0
220
0.0
230
-1.0
  0
CIRCLE
  5
15B3
330
70
100
AcDbEntity
  8
Visible
100
AcDbCircle
 10
-770.286866
 20
1116.602746
 30
0.0
 40
5.150000000000005
210
0.0
220
0.0
230
-1.0
  0
CIRCLE
  5
15B4
330
70
100
AcDbEntity
  8
Visible
100
AcDbCircle
 10
-983.486866
 20
477.002746
 30
0.0
 40
5.150000000000005
210
0.0
220
0.0
230
-1.0
  0
CIRCLE
  5
15B5
330
70
100
AcDbEntity
  8
Visible
100
AcDbCircle
 10
-1090.086866
 20
477.002746
 30
0.0
 40
5.150000000000005
210
0.0
220
0.0
230
-1.0
  0
CIRCLE
  5
15B6
330
70
100
AcDbEntity
  8
Visible
100
AcDbCircle
 10
-290.586866
 20
263.802746
 30
0.0
 40
5.150000000000005
210
0.0
220
0.0
230
-1.0
  0
CIRCLE
  5
15B7
330
70
100
AcDbEntity
  8
Visible
100
AcDbCircle
 10
-1090.086866
 20
903.402746
 30
0.0
 40
5.150000000000005
210
0.0
220
0.0
230
-1.0
  0
LINE
  5
15B8
330
70
100
AcDbEntity
  8
Visible
100
AcDbLine
 10
745.286866
 20
75.602746
 30
0.0
 11
745.286866
 21
78.902746
 31
0.0
210
-0.0000000000000001
220
-1.0
230
0.0
  0
LINE
  5
15B9
330
70
100
AcDbEntity
  8
Visible
100
AcDbLine
 10
795.286866
 20
75.602746
 30
0.0
 11
745.286866
 21
75.602746
 31
0.0
210
-0.0000000000000001
220
-1.0
230
0.0
  0
LINE
  5
15BA
330
70
100
AcDbEntity
  8
Visible
100
AcDbLine
 10
795.286866
 20
78.902746
 30
0.0
 11
795.286866
 21
75.602746
 31
0.0
210
-0.0000000000000001
220
-1.0
230
0.0
  0
LINE
  5
15BB
330
70
100
AcDbEntity
  8
Visible
100
AcDbLine
 10
745.286866
 20
78.902746
 30
0.0
 11
795.286866
 21
78.902746
 31
0.0
210
-0.0000000000000001
220
-1.0
230
0.0
  0
CIRCLE
  5
15BC
330
70
100
AcDbEntity
  8
Visible
100
AcDbCircle
 10
-983.486866
 20
1010.002746
 30
0.0
 40
5.150000000000005
210
0.0
220
0.0
230
-1.0
  0
LINE
  5
15BD
330
70
100
AcDbEntity
  8
Visible
100
AcDbLine
 10
745.286866
 20
1141.602746
 30
0.0
 11
745.286866
 21
1144.902746
 31
0.0
210
-0.0000000000000001
220
-1.0
230
0.0
  0
LINE
  5
15BE
330
70
100
AcDbEntity
  8
Visible
100
AcDbLine
 10
795.286866
 20
1141.602746
 30
0.0
 11
745.286866
 21
1141.602746
 31
0.0
210
-0.0000000000000001
220
-1.0
230
0.0
  0
LINE
  5
15BF
330
70
100
AcDbEntity
  8
Visible
100
AcDbLine
 10
795.286866
 20
1144.902746
 30
0.0
 11
795.286866
 21
1141.602746
 31
0.0
210
-0.0000000000000001
220
-1.0
230
0.0
  0
LINE
  5
15C0
330
70
100
AcDbEntity
  8
Visible
100
AcDbLine
 10
745.286866
 20
1144.902746
 30
0.0
 11
795.286866
 21
1144.902746
 31
0.0
210
-0.0000000000000001
220
-1.0
230
0.0
  0
LINE
  5
15C1
330
70
100
AcDbEntity
  8
Visible
100
AcDbLine
 10
958.486866
 20
1141.602746
 30
0.0
 11
958.486866
 21
1144.902746
 31
0.0
210
-0.0000000000000001
220
-1.0
230
0.0
  0
LINE
  5
15C2
330
70
100
AcDbEntity
  8
Visible
100
AcDbLine
 10
1008.486866
 20
1141.602746
 30
0.0
 11
958.486866
 21
1141.602746
 31
0.0
210
-0.0000000000000001
220
-1.0
230
0.0
  0
LINE
  5
15C3
330
70
100
AcDbEntity
  8
Visible
100
AcDbLine
 10
1008.486866
 20
1144.902746
 30
0.0
 11
1008.486866
 21
1141.602746
 31
0.0
210
-0.0000000000000001
220
-1.0
230
0.0
  0
LINE
  5
15C4
330
70
100
AcDbEntity
  8
Visible
100
AcDbLine
 10
958.486866
 20
1144.902746
 30
0.0
 11
1008.486866
 21
1144.902746
 31
0.0
210
-0.0000000000000001
220
-1.0
230
0.0
  0
CIRCLE
  5
15C5
330
70
100
AcDbEntity
  8
Visible
100
AcDbCircle
 10
-610.386866
 20
743.502746
 30
0.0
 40
5.150000000000001
210
0.0
220
0.0
230
-1.0
  0
LINE
  5
15C6
330
70
100
AcDbEntity
  8
Visible
100
AcDbLine
 10
958.486866
 20
75.602746
 30
0.0
 11
958.486866
 21
78.902746
 31
0.0
210
-0.0000000000000001
220
-1.0
230
0.0
  0
LINE
  5
15C7
330
70
100
AcDbEntity
  8
Visible
100
AcDbLine
 10
1008.486866
 20
75.602746
 30
0.0
 11
958.486866
 21
75.602746
 31
0.0
210
-0.0000000000000001
220
-1.0
230
0.0
  0
LINE
  5
15C8
330
70
100
AcDbEntity
  8
Visible
100
AcDbLine
 10
1008.486866
 20
78.902746
 30
0.0
 11
1008.486866
 21
75.602746
 31
0.0
210
-0.0000000000000001
220
-1.0
230
0.0
  0
LINE
  5
15C9
330
70
100
AcDbEntity
  8
Visible
100
AcDbLine
 10
958.486866
 20
78.902746
 30
0.0
 11
1008.486866
 21
78.902746
 31
0.0
210
-0.0000000000000001
220
-1.0
230
0.0
  0
CIRCLE
  5
15CA
330
70
100
AcDbEntity
  8
Visible
100
AcDbCircle
 10
-930.186866
 20
956.702746
 30
0.0
 40
5.150000000000005
210
0.0
220
0.0
230
-1.0
  0
CIRCLE
  5
15CB
330
70
100
AcDbEntity
  8
Visible
100
AcDbCircle
 10
-1036.786866
 20
157.202746
 30
0.0
 40
5.150000000000005
210
0.0
220
0.0
230
-1.0
  0
CIRCLE
  5
15CC
330
70
100
AcDbEntity
  8
Visible
100
AcDbCircle
 10
-930.186866
 20
1010.002746
 30
0.0
 40
5.150000000000005
210
0.0
220
0.0
230
-1.0
  0
CIRCLE
  5
15CD
330
70
100
AcDbEntity
  8
Visible
100
AcDbCircle
 10
-1036.786866
 20
477.002746
 30
0.0
 40
5.150000000000005
210
0.0
220
0.0
230
-1.0
  0
CIRCLE
  5
15CE
330
70
100
AcDbEntity
  8
Visible
100
AcDbCircle
 10
-876.886866
 20
477.002746
 30
0.0
 40
5.150000000000005
210
0.0
220
0.0
230
-1.0
  0
CIRCLE
  5
15CF
330
70
100
AcDbEntity
  8
Visible
100
AcDbCircle
 10
-343.886866
 20
796.802746
 30
0.0
 40
5.150000000000005
210
0.0
220
0.0
230
-1.0
  0
LINE
  5
15D0
330
70
100
AcDbEntity
  8
Visible
100
AcDbLine
 10
52.386866
 20
185.502746
 30
0.0
 11
49.086866
 21
185.502746
 31
0.0
210
-0.0000000000000001
220
-1.0
230
0.0
  0
LINE
  5
15D1
330
70
100
AcDbEntity
  8
Visible
100
AcDbLine
 10
52.386866
 20
235.502746
 30
0.0
 11
52.386866
 21
185.502746
 31
0.0
210
-0.0000000000000001
220
-1.0
230
0.0
  0
LINE
  5
15D2
330
70
100
AcDbEntity
  8
Visible
100
AcDbLine
 10
49.086866
 20
235.502746
 30
0.0
 11
52.386866
 21
235.502746
 31
0.0
210
-0.0000000000000001
220
-1.0
230
0.0
  0
LINE
  5
15D3
330
70
100
AcDbEntity
  8
Visible
100
AcDbLine
 10
49.086866
 20
185.502746
 30
0.0
 11
49.086866
 21
235.502746
 31
0.0
210
-0.0000000000000001
220
-1.0
230
0.0
  0
CIRCLE
  5
15D4
330
70
100
AcDbEntity
  8
Visible
100
AcDbCircle
 10
-450.486866
 20
530.302746
 30
0.0
 40
5.150000000000005
210
0.0
220
0.0
230
-1.0
  0
CIRCLE
  5
15D5
330
70
100
AcDbEntity
  8
Visible
100
AcDbCircle
 10
-610.386866
 20
477.002746
 30
0.0
 40
5.150000000000001
210
0.0
220
0.0
230
-1.0
  0
CIRCLE
  5
15D6
330
70
100
AcDbEntity
  8
Visible
100
AcDbCircle
 10
-770.286866
 20
1063.302746
 30
0.0
 40
5.150000000000005
210
0.0
220
0.0
230
-1.0
  0
CIRCLE
  5
15D7
330
70
100
AcDbEntity
  8
Visible
100
AcDbCircle
 10
-716.986866
 20
636.902746
 30
0.0
 40
5.150000000000005
210
0.0
220
0.0
230
-1.0
  0
CIRCLE
  5
15D8
330
70
100
AcDbEntity
  8
Visible
100
AcDbCircle
 10
-770.286866
 20
1010.002746
 30
0.0
 40
5.150000000000005
210
0.0
220
0.0
230
-1.0
  0
CIRCLE
  5
15D9
330
70
100
AcDbEntity
  8
Visible
100
AcDbCircle
 10
-716.986866
 20
477.002746
 30
0.0
 40
5.150000000000005
210
0.0
220
0.0
230
-1.0
  0
CIRCLE
  5
15DA
330
70
100
AcDbEntity
  8
Visible
100
AcDbCircle
 10
-503.786866
 20
636.902746
 30
0.0
 40
5.150000000000005
210
0.0
220
0.0
230
-1.0
  0
CIRCLE
  5
15DB
330
70
100
AcDbEntity
  8
Visible
100
AcDbCircle
 10
-770.286866
 20
477.002746
 30
0.0
 40
5.150000000000005
210
0.0
220
0.0
230
-1.0
  0
CIRCLE
  5
15DC
330
70
100
AcDbEntity
  8
Visible
100
AcDbCircle
 10
-237.286866
 20
1010.002746
 30
0.0
 40
5.150000000000005
210
0.0
220
0.0
230
-1.0
  0
CIRCLE
  5
15DD
330
70
100
AcDbEntity
  8
Visible
100
AcDbCircle
 10
-503.786866
 20
1063.302746
 30
0.0
 40
5.150000000000005
210
0.0
220
0.0
230
-1.0
  0
LINE
  5
15DE
330
70
100
AcDbEntity
  8
Visible
100
AcDbLine
 10
372.186866
 20
75.602746
 30
0.0
 11
372.186866
 21
78.902746
 31
0.0
210
-0.0000000000000001
220
-1.0
230
0.0
  0
LINE
  5
15DF
330
70
100
AcDbEntity
  8
Visible
100
AcDbLine
 10
422.186866
 20
75.602746
 30
0.0
 11
372.186866
 21
75.602746
 31
0.0
210
-0.0000000000000001
220
-1.0
230
0.0
  0
LINE
  5
15E0
330
70
100
AcDbEntity
  8
Visible
100
AcDbLine
 10
422.186866
 20
78.902746
 30
0.0
 11
422.186866
 21
75.602746
 31
0.0
210
-0.0000000000000001
220
-1.0
230
0.0
  0
LINE
  5
15E1
330
70
100
AcDbEntity
  8
Visible
100
AcDbLine
 10
372.186866
 20
78.902746
 30
0.0
 11
422.186866
 21
78.902746
 31
0.0
210
-0.0000000000000001
220
-1.0
230
0.0
  0
CIRCLE
  5
15E2
330
70
100
AcDbEntity
  8
Visible
100
AcDbCircle
 10
-823.586866
 20
1116.602746
 30
0.0
 40
5.150000000000005
210
0.0
220
0.0
230
-1.0
  0
CIRCLE
  5
15E3
330
70
100
AcDbEntity
  8
Visible
100
AcDbCircle
 10
-130.686866
 20
530.302746
 30
0.0
 40
5.150000000000005
210
0.0
220
0.0
230
-1.0
  0
CIRCLE
  5
15E4
330
70
100
AcDbEntity
  8
Visible
100
AcDbCircle
 10
-823.586866
 20
477.002746
 30
0.0
 40
5.150000000000005
210
0.0
220
0.0
230
-1.0
  0
CIRCLE
  5
15E5
330
70
100
AcDbEntity
  8
Visible
100
AcDbCircle
 10
-610.386866
 20
1010.002746
 30
0.0
 40
5.150000000000001
210
0.0
220
0.0
230
-1.0
  0
CIRCLE
  5
15E6
330
70
100
AcDbEntity
  8
Visible
100
AcDbCircle
 10
-77.386866
 20
530.302746
 30
0.0
 40
5.150000000000005
210
0.0
220
0.0
230
-1.0
  0
CIRCLE
  5
15E7
330
70
100
AcDbEntity
  8
Visible
100
AcDbCircle
 10
-716.986866
 20
1010.002746
 30
0.0
 40
5.150000000000005
210
0.0
220
0.0
230
-1.0
  0
CIRCLE
  5
15E8
330
70
100
AcDbEntity
  8
Visible
100
AcDbCircle
 10
-823.586866
 20
636.902746
 30
0.0
 40
5.150000000000005
210
0.0
220
0.0
230
-1.0
  0
CIRCLE
  5
15E9
330
70
100
AcDbEntity
  8
Visible
100
AcDbCircle
 10
-663.686866
 20
796.802746
 30
0.0
 40
5.149999999999996
210
0.0
220
0.0
230
-1.0
  0
CIRCLE
  5
15EA
330
70
100
AcDbEntity
  8
Visible
100
AcDbCircle
 10
-930.186866
 20
477.002746
 30
0.0
 40
5.150000000000005
210
0.0
220
0.0
230
-1.0
  0
CIRCLE
  5
15EB
330
70
100
AcDbEntity
  8
Visible
100
AcDbCircle
 10
-983.486866
 20
743.502746
 30
0.0
 40
5.150000000000005
210
0.0
220
0.0
230
-1.0
  0
CIRCLE
  5
15EC
330
70
100
AcDbEntity
  8
Visible
100
AcDbCircle
 10
-930.186866
 20
423.702746
 30
0.0
 40
5.150000000000005
210
0.0
220
0.0
230
-1.0
  0
CIRCLE
  5
15ED
330
70
100
AcDbEntity
  8
Visible
100
AcDbCircle
 10
-183.986866
 20
477.002746
 30
0.0
 40
5.150000000000005
210
0.0
220
0.0
230
-1.0
  0
LINE
  5
15EE
330
70
100
AcDbEntity
  8
Visible
100
AcDbLine
 10
745.186866
 20
608.602746
 30
0.0
 11
745.186866
 21
611.902746
 31
0.0
210
-0.0000000000000001
220
-1.0
230
0.0
  0
LINE
  5
15EF
330
70
100
AcDbEntity
  8
Visible
100
AcDbLine
 10
795.186866
 20
608.602746
 30
0.0
 11
745.186866
 21
608.602746
 31
0.0
210
-0.0000000000000001
220
-1.0
230
0.0
  0
LINE
  5
15F0
330
70
100
AcDbEntity
  8
Visible
100
AcDbLine
 10
795.186866
 20
611.902746
 30
0.0
 11
795.186866
 21
608.602746
 31
0.0
210
-0.0000000000000001
220
-1.0
230
0.0
  0
LINE
  5
15F1
330
70
100
AcDbEntity
  8
Visible
100
AcDbLine
 10
745.186866
 20
611.902746
 30
0.0
 11
795.186866
 21
611.902746
 31
0.0
210
-0.0000000000000001
220
-1.0
230
0.0
  0
CIRCLE
  5
15F2
330
70
100
AcDbEntity
  8
Visible
100
AcDbCircle
 10
-557.086866
 20
690.202746
 30
0.0
 40
5.150000000000001
210
0.0
220
0.0
230
-1.0
  0
LINE
  5
15F3
330
70
100
AcDbEntity
  8
Visible
100
AcDbLine
 10
585.286866
 20
810.252746
 30
0.0
 11
585.286866
 21
710.252746
 31
0.0
210
-0.0000000000000001
220
-1.0
230
0.0
  0
LINE
  5
15F4
330
70
100
AcDbEntity
  8
Visible
100
AcDbLine
 10
581.986866
 20
810.252746
 30
0.0
 11
585.286866
 21
810.252746
 31
0.0
210
-0.0000000000000001
220
-1.0
230
0.0
  0
LINE
  5
15F5
330
70
100
AcDbEntity
  8
Visible
100
AcDbLine
 10
581.986866
 20
710.252746
 30
0.0
 11
581.986866
 21
810.252746
 31
0.0
210
-0.0000000000000001
220
-1.0
230
0.0
  0
LINE
  5
15F6
330
70
100
AcDbEntity
  8
Visible
100
AcDbLine
 10
585.286866
 20
710.252746
 30
0.0
 11
581.986866
 21
710.252746
 31
0.0
210
-0.0000000000000001
220
-1.0
230
0.0
  0
CIRCLE
  5
15F7
330
70
100
AcDbEntity
  8
Visible
100
AcDbCircle
 10
-716.986866
 20
690.202746
 30
0.0
 40
5.150000000000005
210
0.0
220
0.0
230
-1.0
  0
CIRCLE
  5
15F8
330
70
100
AcDbEntity
  8
Visible
100
AcDbCircle
 10
-930.186866
 20
583.602746
 30
0.0
 40
5.150000000000005
210
0.0
220
0.0
230
-1.0
  0
CIRCLE
  5
15F9
330
70
100
AcDbEntity
  8
Visible
100
AcDbCircle
 10
-1036.786866
 20
423.702746
 30
0.0
 40
5.150000000000005
210
0.0
220
0.0
230
-1.0
  0
CIRCLE
  5
15FA
330
70
100
AcDbEntity
  8
Visible
100
AcDbCircle
 10
-290.586866
 20
956.702746
 30
0.0
 40
5.150000000000005
210
0.0
220
0.0
230
-1.0
  0
CIRCLE
  5
15FB
330
70
100
AcDbEntity
  8
Visible
100
AcDbCircle
 10
-610.386866
 20
423.702746
 30
0.0
 40
5.150000000000001
210
0.0
220
0.0
230
-1.0
  0
CIRCLE
  5
15FC
330
70
100
AcDbEntity
  8
Visible
100
AcDbCircle
 10
-1090.086866
 20
796.802746
 30
0.0
 40
5.150000000000005
210
0.0
220
0.0
230
-1.0
  0
CIRCLE
  5
15FD
330
70
100
AcDbEntity
  8
Visible
100
AcDbCircle
 10
-1090.086866
 20
423.702746
 30
0.0
 40
5.150000000000005
210
0.0
220
0.0
230
-1.0
  0
CIRCLE
  5
15FE
330
70
100
AcDbEntity
  8
Visible
100
AcDbCircle
 10
-290.586866
 20
477.002746
 30
0.0
 40
5.150000000000005
210
0.0
220
0.0
230
-1.0
  0
CIRCLE
  5
15FF
330
70
100
AcDbEntity
  8
Visible
100
AcDbCircle
 10
-663.686866
 20
423.702746
 30
0.0
 40
5.149999999999996
210
0.0
220
0.0
230
-1.0
  0
CIRCLE
  5
1600
330
70
100
AcDbEntity
  8
Visible
100
AcDbCircle
 10
-183.986866
 20
690.202746
 30
0.0
 40
5.150000000000005
210
0.0
220
0.0
230
-1.0
  0
CIRCLE
  5
1601
330
70
100
AcDbEntity
  8
Visible
100
AcDbCircle
 10
-716.986866
 20
1116.602746
 30
0.0
 40
5.150000000000005
210
0.0
220
0.0
230
-1.0
  0
CIRCLE
  5
1602
330
70
100
AcDbEntity
  8
Visible
100
AcDbCircle
 10
-343.886866
 20
1116.602746
 30
0.0
 40
5.150000000000005
210
0.0
220
0.0
230
-1.0
  0
CIRCLE
  5
1603
330
70
100
AcDbEntity
  8
Visible
100
AcDbCircle
 10
-77.386866
 20
583.602746
 30
0.0
 40
5.150000000000005
210
0.0
220
0.0
230
-1.0
  0
LINE
  5
1604
330
70
100
AcDbEntity
  8
Visible
100
AcDbLine
 10
958.386866
 20
608.602746
 30
0.0
 11
958.386866
 21
611.902746
 31
0.0
210
-0.0000000000000001
220
-1.0
230
0.0
  0
LINE
  5
1605
330
70
100
AcDbEntity
  8
Visible
100
AcDbLine
 10
1008.386866
 20
608.602746
 30
0.0
 11
958.386866
 21
608.602746
 31
0.0
210
-0.0000000000000001
220
-1.0
230
0.0
  0
LINE
  5
1606
330
70
100
AcDbEntity
  8
Visible
100
AcDbLine
 10
1008.386866
 20
611.902746
 30
0.0
 11
1008.386866
 21
608.602746
 31
0.0
210
-0.0000000000000001
220
-1.0
230
0.0
  0
LINE
  5
1607
330
70
100
AcDbEntity
  8
Visible
100
AcDbLine
 10
958.386866
 20
611.902746
 30
0.0
 11
1008.386866
 21
611.902746
 31
0.0
210
-0.0000000000000001
220
-1.0
230
0.0
  0
CIRCLE
  5
1608
330
70
100
AcDbEntity
  8
Visible
100
AcDbCircle
 10
-1036.786866
 20
530.302746
 30
0.0
 40
5.150000000000005
210
0.0
220
0.0
230
-1.0
  0
CIRCLE
  5
1609
330
70
100
AcDbEntity
  8
Visible
100
AcDbCircle
 10
-983.486866
 20
423.702746
 30
0.0
 40
5.150000000000005
210
0.0
220
0.0
230
-1.0
  0
LINE
  5
160A
330
70
100
AcDbEntity
  8
Visible
100
AcDbLine
 10
372.086866
 20
608.602746
 30
0.0
 11
372.086866
 21
611.902746
 31
0.0
210
-0.0000000000000001
220
-1.0
230
0.0
  0
LINE
  5
160B
330
70
100
AcDbEntity
  8
Visible
100
AcDbLine
 10
422.086866
 20
608.602746
 30
0.0
 11
372.086866
 21
608.602746
 31
0.0
210
-0.0000000000000001
220
-1.0
230
0.0
  0
LINE
  5
160C
330
70
100
AcDbEntity
  8
Visible
100
AcDbLine
 10
422.086866
 20
611.902746
 30
0.0
 11
422.086866
 21
608.602746
 31
0.0
210
-0.0000000000000001
220
-1.0
230
0.0
  0
LINE
  5
160D
330
70
100
AcDbEntity
  8
Visible
100
AcDbLine
 10
372.086866
 20
611.902746
 30
0.0
 11
422.086866
 21
611.902746
 31
0.0
210
-0.0000000000000001
220
-1.0
230
0.0
  0
CIRCLE
  5
160E
330
70
100
AcDbEntity
  8
Visible
100
AcDbCircle
 10
-663.686866
 20
690.202746
 30
0.0
 40
5.149999999999996
210
0.0
220
0.0
230
-1.0
  0
CIRCLE
  5
160F
330
70
100
AcDbEntity
  8
Visible
100
AcDbCircle
 10
-930.186866
 20
1116.602746
 30
0.0
 40
5.150000000000005
210
0.0
220
0.0
230
-1.0
  0
CIRCLE
  5
1610
330
70
100
AcDbEntity
  8
Visible
100
AcDbCircle
 10
-343.886866
 20
477.002746
 30
0.0
 40
5.150000000000005
210
0.0
220
0.0
230
-1.0
  0
CIRCLE
  5
1611
330
70
100
AcDbEntity
  8
Visible
100
AcDbCircle
 10
-130.686866
 20
477.002746
 30
0.0
 40
5.150000000000005
210
0.0
220
0.0
230
-1.0
  0
CIRCLE
  5
1612
330
70
100
AcDbEntity
  8
Visible
100
AcDbCircle
 10
-876.886866
 20
423.702746
 30
0.0
 40
5.150000000000005
210
0.0
220
0.0
230
-1.0
  0
CIRCLE
  5
1613
330
70
100
AcDbEntity
  8
Visible
100
AcDbCircle
 10
-876.886866
 20
1010.002746
 30
0.0
 40
5.150000000000005
210
0.0
220
0.0
230
-1.0
  0
CIRCLE
  5
1614
330
70
100
AcDbEntity
  8
Visible
100
AcDbCircle
 10
-450.486866
 20
956.702746
 30
0.0
 40
5.150000000000005
210
0.0
220
0.0
230
-1.0
  0
CIRCLE
  5
1615
330
70
100
AcDbEntity
  8
Visible
100
AcDbCircle
 10
-663.686866
 20
956.702746
 30
0.0
 40
5.149999999999996
210
0.0
220
0.0
230
-1.0
  0
LINE
  5
1616
330
70
100
AcDbEntity
  8
Visible
100
AcDbLine
 10
585.286866
 20
285.252746
 30
0.0
 11
585.286866
 21
185.252746
 31
0.0
210
-0.0000000000000001
220
-1.0
230
0.0
  0
LINE
  5
1617
330
70
100
AcDbEntity
  8
Visible
100
AcDbLine
 10
581.986866
 20
285.252746
 30
0.0
 11
585.286866
 21
285.252746
 31
0.0
210
-0.0000000000000001
220
-1.0
230
0.0
  0
LINE
  5
1618
330
70
100
AcDbEntity
  8
Visible
100
AcDbLine
 10
581.986866
 20
185.252746
 30
0.0
 11
581.986866
 21
285.252746
 31
0.0
210
-0.0000000000000001
220
-1.0
230
0.0
  0
LINE
  5
1619
330
70
100
AcDbEntity
  8
Visible
100
AcDbLine
 10
585.286866
 20
185.252746
 30
0.0
 11
581.986866
 21
185.252746
 31
0.0
210
-0.0000000000000001
220
-1.0
230
0.0
  0
CIRCLE
  5
161A
330
70
100
AcDbEntity
  8
Visible
100
AcDbCircle
 10
-397.186866
 20
477.002746
 30
0.0
 40
5.150000000000005
210
0.0
220
0.0
230
-1.0
  0
CIRCLE
  5
161B
330
70
100
AcDbEntity
  8
Visible
100
AcDbCircle
 10
-716.986866
 20
423.702746
 30
0.0
 40
5.150000000000005
210
0.0
220
0.0
230
-1.0
  0
CIRCLE
  5
161C
330
70
100
AcDbEntity
  8
Visible
100
AcDbCircle
 10
-770.286866
 20
956.702746
 30
0.0
 40
5.150000000000005
210
0.0
220
0.0
230
-1.0
  0
CIRCLE
  5
161D
330
70
100
AcDbEntity
  8
Visible
100
AcDbCircle
 10
-450.486866
 20
477.002746
 30
0.0
 40
5.150000000000005
210
0.0
220
0.0
230
-1.0
  0
CIRCLE
  5
161E
330
70
100
AcDbEntity
  8
Visible
100
AcDbCircle
 10
-1036.786866
 20
743.502746
 30
0.0
 40
5.150000000000005
210
0.0
220
0.0
230
-1.0
  0
CIRCLE
  5
161F
330
70
100
AcDbEntity
  8
Visible
100
AcDbCircle
 10
-183.986866
 20
796.802746
 30
0.0
 40
5.150000000000005
210
0.0
220
0.0
230
-1.0
  0
CIRCLE
  5
1620
330
70
100
AcDbEntity
  8
Visible
100
AcDbCircle
 10
-77.386866
 20
1010.002746
 30
0.0
 40
5.150000000000005
210
0.0
220
0.0
230
-1.0
  0
CIRCLE
  5
1621
330
70
100
AcDbEntity
  8
Visible
100
AcDbCircle
 10
-503.786866
 20
477.002746
 30
0.0
 40
5.150000000000005
210
0.0
220
0.0
230
-1.0
  0
CIRCLE
  5
1622
330
70
100
AcDbEntity
  8
Visible
100
AcDbCircle
 10
-343.886866
 20
530.302746
 30
0.0
 40
5.150000000000005
210
0.0
220
0.0
230
-1.0
  0
CIRCLE
  5
1623
330
70
100
AcDbEntity
  8
Visible
100
AcDbCircle
 10
-557.086866
 20
477.002746
 30
0.0
 40
5.150000000000001
210
0.0
220
0.0
230
-1.0
  0
CIRCLE
  5
1624
330
70
100
AcDbEntity
  8
Visible
100
AcDbCircle
 10
-183.986866
 20
1116.602746
 30
0.0
 40
5.150000000000005
210
0.0
220
0.0
230
-1.0
  0
CIRCLE
  5
1625
330
70
100
AcDbEntity
  8
Visible
100
AcDbCircle
 10
-397.186866
 20
1010.002746
 30
0.0
 40
5.150000000000005
210
0.0
220
0.0
230
-1.0
  0
CIRCLE
  5
1626
330
70
100
AcDbEntity
  8
Visible
100
AcDbCircle
 10
-130.686866
 20
743.502746
 30
0.0
 40
5.150000000000005
210
0.0
220
0.0
230
-1.0
  0
CIRCLE
  5
1627
330
70
100
AcDbEntity
  8
Visible
100
AcDbCircle
 10
-183.986866
 20
1010.002746
 30
0.0
 40
5.150000000000005
210
0.0
220
0.0
230
-1.0
  0
CIRCLE
  5
1628
330
70
100
AcDbEntity
  8
Visible
100
AcDbCircle
 10
-1090.086866
 20
583.602746
 30
0.0
 40
5.150000000000005
210
0.0
220
0.0
230
-1.0
  0
CIRCLE
  5
1629
330
70
100
AcDbEntity
  8
Visible
100
AcDbCircle
 10
-77.386866
 20
477.002746
 30
0.0
 40
5.150000000000005
210
0.0
220
0.0
230
-1.0
  0
CIRCLE
  5
162A
330
70
100
AcDbEntity
  8
Visible
100
AcDbCircle
 10
-663.686866
 20
530.302746
 30
0.0
 40
5.149999999999996
210
0.0
220
0.0
230
-1.0
  0
CIRCLE
  5
162B
330
70
100
AcDbEntity
  8
Visible
100
AcDbCircle
 10
-237.286866
 20
477.002746
 30
0.0
 40
5.150000000000005
210
0.0
220
0.0
230
-1.0
  0
CIRCLE
  5
162C
330
70
100
AcDbEntity
  8
Visible
100
AcDbCircle
 10
-823.586866
 20
1063.302746
 30
0.0
 40
5.150000000000005
210
0.0
220
0.0
230
-1.0
  0
LINE
  5
162D
330
70
100
AcDbEntity
  8
Visible
100
AcDbLine
 10
585.286866
 20
1035.252746
 30
0.0
 11
585.286866
 21
935.252746
 31
0.0
210
-0.0000000000000001
220
-1.0
230
0.0
  0
LINE
  5
162E
330
70
100
AcDbEntity
  8
Visible
100
AcDbLine
 10
581.986866
 20
1035.252746
 30
0.0
 11
585.286866
 21
1035.252746
 31
0.0
210
-0.0000000000000001
220
-1.0
230
0.0
  0
LINE
  5
162F
330
70
100
AcDbEntity
  8
Visible
100
AcDbLine
 10
581.986866
 20
935.252746
 30
0.0
 11
581.986866
 21
1035.252746
 31
0.0
210
-0.0000000000000001
220
-1.0
230
0.0
  0
LINE
  5
1630
330
70
100
AcDbEntity
  8
Visible
100
AcDbLine
 10
585.286866
 20
935.252746
 30
0.0
 11
581.986866
 21
935.252746
 31
0.0
210
-0.0000000000000001
220
-1.0
230
0.0
  0
CIRCLE
  5
1631
330
70
100
AcDbEntity
  8
Visible
100
AcDbCircle
 10
-770.286866
 20
423.702746
 30
0.0
 40
5.150000000000005
210
0.0
220
0.0
230
-1.0
  0
CIRCLE
  5
1632
330
70
100
AcDbEntity
  8
Visible
100
AcDbCircle
 10
-397.186866
 20
583.602746
 30
0.0
 40
5.150000000000005
210
0.0
220
0.0
230
-1.0
  0
CIRCLE
  5
1633
330
70
100
AcDbEntity
  8
Visible
100
AcDbCircle
 10
-397.186866
 20
690.202746
 30
0.0
 40
5.150000000000005
210
0.0
220
0.0
230
-1.0
  0
LINE
  5
1634
330
70
100
AcDbEntity
  8
Visible
100
AcDbLine
 10
158.886866
 20
608.602746
 30
0.0
 11
158.886866
 21
611.902746
 31
0.0
210
-0.0000000000000001
220
-1.0
230
0.0
  0
LINE
  5
1635
330
70
100
AcDbEntity
  8
Visible
100
AcDbLine
 10
208.886866
 20
608.602746
 30
0.0
 11
158.886866
 21
608.602746
 31
0.0
210
-0.0000000000000001
220
-1.0
230
0.0
  0
LINE
  5
1636
330
70
100
AcDbEntity
  8
Visible
100
AcDbLine
 10
208.886866
 20
611.902746
 30
0.0
 11
208.886866
 21
608.602746
 31
0.0
210
-0.0000000000000001
220
-1.0
230
0.0
  0
LINE
  5
1637
330
70
100
AcDbEntity
  8
Visible
100
AcDbLine
 10
158.886866
 20
611.902746
 30
0.0
 11
208.886866
 21
611.902746
 31
0.0
210
-0.0000000000000001
220
-1.0
230
0.0
  0
CIRCLE
  5
1638
330
70
100
AcDbEntity
  8
Visible
100
AcDbCircle
 10
-503.786866
 20
690.202746
 30
0.0
 40
5.150000000000005
210
0.0
220
0.0
230
-1.0
  0
CIRCLE
  5
1639
330
70
100
AcDbEntity
  8
Visible
100
AcDbCircle
 10
-823.586866
 20
423.702746
 30
0.0
 40
5.150000000000005
210
0.0
220
0.0
230
-1.0
  0
CIRCLE
  5
163A
330
70
100
AcDbEntity
  8
Visible
100
AcDbCircle
 10
-397.186866
 20
796.802746
 30
0.0
 40
5.150000000000005
210
0.0
220
0.0
230
-1.0
  0
LINE
  5
163B
330
70
100
AcDbEntity
  8
Visible
100
AcDbLine
 10
585.286866
 20
510.252746
 30
0.0
 11
585.286866
 21
410.252746
 31
0.0
210
-0.0000000000000001
220
-1.0
230
0.0
  0
LINE
  5
163C
330
70
100
AcDbEntity
  8
Visible
100
AcDbLine
 10
581.986866
 20
510.252746
 30
0.0
 11
585.286866
 21
510.252746
 31
0.0
210
-0.0000000000000001
220
-1.0
230
0.0
  0
LINE
  5
163D
330
70
100
AcDbEntity
  8
Visible
100
AcDbLine
 10
581.986866
 20
410.252746
 30
0.0
 11
581.986866
 21
510.252746
 31
0.0
210
-0.0000000000000001
220
-1.0
230
0.0
  0
LINE
  5
163E
330
70
100
AcDbEntity
  8
Visible
100
AcDbLine
 10
585.286866
 20
410.252746
 30
0.0
 11
581.986866
 21
410.252746
 31
0.0
210
-0.0000000000000001
220
-1.0
230
0.0
  0
CIRCLE
  5
163F
330
70
100
AcDbEntity
  8
Visible
100
AcDbCircle
 10
-450.486866
 20
690.202746
 30
0.0
 40
5.150000000000005
210
0.0
220
0.0
230
-1.0
  0
CIRCLE
  5
1640
330
70
100
AcDbEntity
  8
Visible
100
AcDbCircle
 10
-716.986866
 20
530.302746
 30
0.0
 40
5.150000000000005
210
0.0
220
0.0
230
-1.0
  0
LINE
  5
1641
330
70
100
AcDbEntity
  8
Visible
100
AcDbLine
 10
1123.386866
 20
70.502746
 30
0.0
 11
1123.386866
 21
1150.002746
 31
0.0
210
-0.0000000000000001
220
-1.0
230
0.0
  0
LINE
  5
1642
330
70
100
AcDbEntity
  8
Visible
100
AcDbLine
 10
43.886866
 20
70.502746
 30
0.0
 11
1123.386866
 21
70.502746
 31
0.0
210
-0.0000000000000001
220
-1.0
230
0.0
  0
LINE
  5
1643
330
70
100
AcDbEntity
  8
Visible
100
AcDbLine
 10
43.886866
 20
1150.002746
 30
0.0
 11
43.886866
 21
70.502746
 31
0.0
210
-0.0000000000000001
220
-1.0
230
0.0
  0
LINE
  5
1644
330
70
100
AcDbEntity
  8
Visible
100
AcDbLine
 10
1123.386866
 20
1150.002746
 30
0.0
 11
43.886866
 21
1150.002746
 31
0.0
210
-0.0000000000000001
220
-1.0
230
0.0
  0
ENDSEC
  0
SECTION
  2
OBJECTS
  0
DICTIONARY
  5
C
330
0
100
AcDbDictionary
281
     1
  3
ACAD_COLOR
350
63
  3
ACAD_DETAILVIEWSTYLE
350
6A
  3
ACAD_GROUP
350
D
  3
ACAD_LAYOUT
350
62
  3
ACAD_MATERIAL
350
10
  3
ACAD_MLEADERSTYLE
350
66
  3
ACAD_MLINESTYLE
350
5F
  3
ACAD_PLOTSETTINGS
350
61
  3
ACAD_PLOTSTYLENAME
350
E
  3
ACAD_SCALELIST
350
42
  3
ACAD_SECTIONVIEWSTYLE
350
68
  3
ACAD_TABLESTYLE
350
64
  3
ACAD_VISUALSTYLE
350
29
  3
ACDB_RECOMPOSE_DATA
350
16AA
  3
AcDbVariableDictionary
350
16A1
  0
DICTIONARY
  5
AD
330
70
100
AcDbDictionary
280
     1
281
     1
  3
ACAD_SORTENTS
360
AE
  0
DICTIONARY
  5
2AC
330
2AB
100
AcDbDictionary
280
     1
281
     1
  3
ACAD_SORTENTS
360
1450
  0
DICTIONARY
  5
2C7
330
2C6
100
AcDbDictionary
280
     1
281
     1
  0
DICTIONARY
  5
2C9
330
2C8
100
AcDbDictionary
280
     1
281
     1
  0
DICTIONARY
  5
2CB
330
2CA
100
AcDbDictionary
280
     1
281
     1
  0
DICTIONARY
  5
2CD
330
2CC
100
AcDbDictionary
280
     1
281
     1
  0
DICTIONARY
  5
2CF
330
2CE
100
AcDbDictionary
280
     1
281
     1
  0
DICTIONARY
  5
2D1
330
2D0
100
AcDbDictionary
280
     1
281
     1
  0
DICTIONARY
  5
2D3
330
2D2
100
AcDbDictionary
280
     1
281
     1
  0
DICTIONARY
  5
2D5
330
2D4
100
AcDbDictionary
280
     1
281
     1
  0
DICTIONARY
  5
2D7
330
2D6
100
AcDbDictionary
280
     1
281
     1
  0
DICTIONARY
  5
2D9
330
2D8
100
AcDbDictionary
280
     1
281
     1
  0
DICTIONARY
  5
2DB
330
2DA
100
AcDbDictionary
280
     1
281
     1
  0
DICTIONARY
  5
2DD
330
2DC
100
AcDbDictionary
280
     1
281
     1
  0
DICTIONARY
  5
2DF
330
2DE
100
AcDbDictionary
280
     1
281
     1
  0
DICTIONARY
  5
2E1
330
2E0
100
AcDbDictionary
280
     1
281
     1
  0
DICTIONARY
  5
2E3
330
2E2
100
AcDbDictionary
280
     1
281
     1
  0
DICTIONARY
  5
63
102
{ACAD_REACTORS
330
C
102
}
330
C
100
AcDbDictionary
281
     1
  0
DICTIONARY
  5
6A
102
{ACAD_REACTORS
330
C
102
}
330
C
100
AcDbDictionary
281
     1
  3
Imperial24
350
6B
  0
DICTIONARY
  5
D
102
{ACAD_REACTORS
330
C
102
}
330
C
100
AcDbDictionary
281
     1
  0
DICTIONARY
  5
62
102
{ACAD_REACTORS
330
C
102
}
330
C
100
AcDbDictionary
281
     1
  3
Model
350
73
  3
Sheet1
350
6F
  3
Sheet2
350
77
  0
DICTIONARY
  5
10
102
{ACAD_REACTORS
330
C
102
}
330
C
100
AcDbDictionary
281
     1
  3
ByBlock
350
19
  3
ByLayer
350
11
  3
Global
350
21
  0
DICTIONARY
  5
66
102
{ACAD_REACTORS
330
C
102
}
330
C
100
AcDbDictionary
281
     1
  3
Standard
350
67
  0
DICTIONARY
  5
5F
102
{ACAD_REACTORS
330
C
102
}
330
C
100
AcDbDictionary
281
     1
  3
Standard
350
60
  0
DICTIONARY
  5
61
102
{ACAD_REACTORS
330
C
102
}
330
C
100
AcDbDictionary
281
     1
  0
ACDBDICTIONARYWDFLT
  5
E
102
{ACAD_REACTORS
330
C
102
}
330
C
100
AcDbDictionary
281
     1
  3
Normal
350
F
100
AcDbDictionaryWithDefault
340
F
  0
DICTIONARY
  5
42
102
{ACAD_REACTORS
330
C
102
}
330
C
100
AcDbDictionary
281
     1
  3
A0
350
43
  3
A1
350
44
  3
A2
350
45
  3
A3
350
46
  3
A4
350
47
  3
A5
350
48
  3
A6
350
49
  3
A7
350
4A
  3
A8
350
4B
  3
A9
350
4C
  3
B0
350
4D
  3
B1
350
4E
  3
B2
350
4F
  3
B3
350
50
  3
B4
350
51
  3
B5
350
52
  3
B6
350
53
  0
DICTIONARY
  5
68
102
{ACAD_REACTORS
330
C
102
}
330
C
100
AcDbDictionary
281
     1
  3
Imperial24
350
69
  0
DICTIONARY
  5
64
102
{ACAD_REACTORS
330
C
102
}
330
C
100
AcDbDictionary
281
     1
  3
Standard
350
65
  0
DICTIONARY
  5
29
102
{ACAD_REACTORS
330
C
102
}
330
C
100
AcDbDictionary
281
     1
  3
2dWireframe
350
2F
  3
Basic
350
2E
  3
Brighten
350
35
  3
ColorChange
350
39
  3
Conceptual
350
32
  3
Dim
350
34
  3
EdgeColorOff
350
41
  3
Facepattern
350
38
  3
Flat
350
2A
  3
FlatWithEdges
350
2B
  3
Gouraud
350
2C
  3
GouraudWithEdges
350
2D
  3
Hidden
350
31
  3
JitterOff
350
3F
  3
Linepattern
350
37
  3
OverhangOff
350
40
  3
Realistic
350
33
  3
Shaded
350
3E
  3
Shaded with edges
350
3D
  3
Shades of Gray
350
3A
  3
Sketchy
350
3B
  3
Thicken
350
36
  3
Wireframe
350
30
  3
X-Ray
350
3C
  0
XRECORD
  5
16AA
102
{ACAD_REACTORS
330
C
102
}
330
C
100
AcDbXrecord
280
     1
 90
        1
330
65
330
1386
  0
DICTIONARY
  5
16A1
102
{ACAD_REACTORS
330
C
102
}
330
C
100
AcDbDictionary
281
     1
  3
ANNOALLVISIBLE
350
16A6
  3
CANNOSCALE
350
16A7
  3
CMLEADERSTYLE
350
16A3
  3
CTABLESTYLE
350
16A2
  3
CVIEWDETAILSTYLE
350
16A4
  3
CVIEWSECTIONSTYLE
350
16A5
  0
SORTENTSTABLE
  5
AE
102
{ACAD_REACTORS
330
AD
102
}
330
AD
100
AcDbSortentsTable
330
70
  0
SORTENTSTABLE
  5
1450
102
{ACAD_REACTORS
330
2AC
102
}
330
2AC
100
AcDbSortentsTable
330
2AB
  0
ACDBDETAILVIEWSTYLE
  5
6B
102
{ACAD_XDICTIONARY
360
16AD
102
}
102
{ACAD_REACTORS
330
6A
102
}
330
6A
100
AcDbModelDocViewStyle
 70
     0
  3
Imperial24
290
     0
100
AcDbDetailViewStyle
 70
     0
 71
     0
 90
        3
 71
     1
340
55
 62
   256
 40
0.24
340
0
 62
   256
 40
0.24
300

 40
0.36
280
     3
 71
     2
340
5D
 90
       25
 62
   256
 71
     3
340
55
 62
   256
 40
0.24
 90
        1
 40
0.75
 90
        1
300
%<\AcVar ViewType \f "%tc1">% %<\AcVar ViewDetailId>%\PSCALE %<\AcVar ViewScale \f "%sn">%
 71
     4
340
5D
 90
       25
 62
   256
340
5D
 90
       25
 62
   256
280
     0
  0
LAYOUT
  5
73
102
{ACAD_REACTORS
330
62
102
}
330
62
100
AcDbPlotSettings
  1

  2
AutoCAD PDF (High Quality Print).pc3
  4
CustomDimension
  6

 40
0.0
 41
0.0
 42
0.0
 43
0.0
 44
1200.0
 45
1200.0
 46
0.0
 47
0.0
 48
0.0
 49
0.0
140
0.0
141
0.0
142
1.0
143
1.586919
 70
 11952
 72
     1
 73
     0
 74
     0
  7

 75
     0
147
0.630152
 76
     0
 77
     2
 78
   300
148
334.336001
149
126.719778
100
AcDbLayout
  1
Model
 70
     1
 71
     0
 10
0.0
 20
0.0
 11
12.0
 21
9.0
 12
0.0
 22
0.0
 32
0.0
 14
0.0
 24
0.0
 34
0.0
 15
0.0
 25
0.0
 35
0.0
146
0.0
 13
0.0
 23
0.0
 33
0.0
 16
1.0
 26
0.0
 36
0.0
 17
0.0
 27
1.0
 37
0.0
 76
     0
330
70
1001
ACAD_PSEXT
1000
AutoCAD PDF (High Quality Print).pc3
1000
DWG To PDF
1000
File
1000

1070
     0
  0
LAYOUT
  5
6F
102
{ACAD_REACTORS
330
62
102
}
330
62
100
AcDbPlotSettings
  1

  2
None
  4

  6

 40
0.0
 41
0.0
 42
0.0
 43
0.0
 44
0.0
 45
0.0
 46
0.0
 47
0.0
 48
0.0
 49
0.0
140
0.0
141
0.0
142
1.0
143
1.0
 70
   688
 72
     0
 73
     0
 74
     5
  7

 75
    16
147
1.0
 76
     0
 77
     2
 78
   300
148
0.0
149
0.0
100
AcDbLayout
  1
Sheet1
 70
     1
 71
     1
 10
0.0
 20
0.0
 11
12.0
 21
9.0
 12
0.0
 22
0.0
 32
0.0
 14
0.0
 24
0.0
 34
0.0
 15
0.0
 25
0.0
 35
0.0
146
0.0
 13
0.0
 23
0.0
 33
0.0
 16
1.0
 26
0.0
 36
0.0
 17
0.0
 27
1.0
 37
0.0
 76
     0
330
6C
  0
LAYOUT
  5
77
102
{ACAD_REACTORS
330
62
102
}
330
62
100
AcDbPlotSettings
  1

  2
None
  4

  6

 40
0.0
 41
0.0
 42
0.0
 43
0.0
 44
0.0
 45
0.0
 46
0.0
 47
0.0
 48
0.0
 49
0.0
140
0.0
141
0.0
142
1.0
143
1.0
 70
   688
 72
     0
 73
     0
 74
     5
  7

 75
    16
147
1.0
 76
     0
 77
     2
 78
   300
148
0.0
149
0.0
100
AcDbLayout
  1
Sheet2
 70
     1
 71
     2
 10
0.0
 20
0.0
 11
12.0
 21
9.0
 12
0.0
 22
0.0
 32
0.0
 14
0.0
 24
0.0
 34
0.0
 15
0.0
 25
0.0
 35
0.0
146
0.0
 13
0.0
 23
0.0
 33
0.0
 16
1.0
 26
0.0
 36
0.0
 17
0.0
 27
1.0
 37
0.0
 76
     0
330
74
  0
MATERIAL
  5
19
102
{ACAD_XDICTIONARY
360
1A
102
}
102
{ACAD_REACTORS
330
10
102
}
330
10
100
AcDbMaterial
  1
ByBlock
 72
     0
 43
0.020833
 43
0.0
 43
0.0
 43
0.0
 43
0.0
 43
0.020833
 43
0.0
 43
0.0
 43
0.0
 43
0.0
 43
1.0
 43
0.0
 43
0.0
 43
0.0
 43
0.0
 43
1.0
 77
     0
 47
0.020833
 47
0.0
 47
0.0
 47
0.0
 47
0.0
 47
0.020833
 47
0.0
 47
0.0
 47
0.0
 47
0.0
 47
1.0
 47
0.0
 47
0.0
 47
0.0
 47
0.0
 47
1.0
171
     0
 49
0.020833
 49
0.0
 49
0.0
 49
0.0
 49
0.0
 49
0.020833
 49
0.0
 49
0.0
 49
0.0
 49
0.0
 49
1.0
 49
0.0
 49
0.0
 49
0.0
 49
0.0
 49
1.0
175
     0
142
0.020833
142
0.0
142
0.0
142
0.0
142
0.0
142
0.020833
142
0.0
142
0.0
142
0.0
142
0.0
142
1.0
142
0.0
142
0.0
142
0.0
142
0.0
142
1.0
179
     0
144
0.020833
144
0.0
144
0.0
144
0.0
144
0.0
144
0.020833
144
0.0
144
0.0
144
0.0
144
0.0
144
1.0
144
0.0
144
0.0
144
0.0
144
0.0
144
1.0
147
0.020833
147
0.0
147
0.0
147
0.0
147
0.0
147
0.020833
147
0.0
147
0.0
147
0.0
147
0.0
147
1.0
147
0.0
147
0.0
147
0.0
147
0.0
147
1.0
  0
MATERIAL
  5
11
102
{ACAD_XDICTIONARY
360
12
102
}
102
{ACAD_REACTORS
330
10
102
}
330
10
100
AcDbMaterial
  1
ByLayer
 72
     0
 43
0.020833
 43
0.0
 43
0.0
 43
0.0
 43
0.0
 43
0.020833
 43
0.0
 43
0.0
 43
0.0
 43
0.0
 43
1.0
 43
0.0
 43
0.0
 43
0.0
 43
0.0
 43
1.0
 77
     0
 47
0.020833
 47
0.0
 47
0.0
 47
0.0
 47
0.0
 47
0.020833
 47
0.0
 47
0.0
 47
0.0
 47
0.0
 47
1.0
 47
0.0
 47
0.0
 47
0.0
 47
0.0
 47
1.0
171
     0
 49
0.020833
 49
0.0
 49
0.0
 49
0.0
 49
0.0
 49
0.020833
 49
0.0
 49
0.0
 49
0.0
 49
0.0
 49
1.0
 49
0.0
 49
0.0
 49
0.0
 49
0.0
 49
1.0
175
     0
142
0.020833
142
0.0
142
0.0
142
0.0
142
0.0
142
0.020833
142
0.0
142
0.0
142
0.0
142
0.0
142
1.0
142
0.0
142
0.0
142
0.0
142
0.0
142
1.0
179
     0
144
0.020833
144
0.0
144
0.0
144
0.0
144
0.0
144
0.020833
144
0.0
144
0.0
144
0.0
144
0.0
144
1.0
144
0.0
144
0.0
144
0.0
144
0.0
144
1.0
147
0.020833
147
0.0
147
0.0
147
0.0
147
0.0
147
0.020833
147
0.0
147
0.0
147
0.0
147
0.0
147
1.0
147
0.0
147
0.0
147
0.0
147
0.0
147
1.0
  0
MATERIAL
  5
21
102
{ACAD_XDICTIONARY
360
22
102
}
102
{ACAD_REACTORS
330
10
102
}
330
10
100
AcDbMaterial
  1
Global
 72
     0
 43
0.020833
 43
0.0
 43
0.0
 43
0.0
 43
0.0
 43
0.020833
 43
0.0
 43
0.0
 43
0.0
 43
0.0
 43
1.0
 43
0.0
 43
0.0
 43
0.0
 43
0.0
 43
1.0
 77
     0
 47
0.020833
 47
0.0
 47
0.0
 47
0.0
 47
0.0
 47
0.020833
 47
0.0
 47
0.0
 47
0.0
 47
0.0
 47
1.0
 47
0.0
 47
0.0
 47
0.0
 47
0.0
 47
1.0
171
     0
 49
0.020833
 49
0.0
 49
0.0
 49
0.0
 49
0.0
 49
0.020833
 49
0.0
 49
0.0
 49
0.0
 49
0.0
 49
1.0
 49
0.0
 49
0.0
 49
0.0
 49
0.0
 49
1.0
175
     0
142
0.020833
142
0.0
142
0.0
142
0.0
142
0.0
142
0.020833
142
0.0
142
0.0
142
0.0
142
0.0
142
1.0
142
0.0
142
0.0
142
0.0
142
0.0
142
1.0
179
     0
144
0.020833
144
0.0
144
0.0
144
0.0
144
0.0
144
0.020833
144
0.0
144
0.0
144
0.0
144
0.0
144
1.0
144
0.0
144
0.0
144
0.0
144
0.0
144
1.0
147
0.020833
147
0.0
147
0.0
147
0.0
147
0.0
147
0.020833
147
0.0
147
0.0
147
0.0
147
0.0
147
1.0
147
0.0
147
0.0
147
0.0
147
0.0
147
1.0
  0
MLEADERSTYLE
  5
67
102
{ACAD_REACTORS
330
66
102
}
330
66
100
AcDbMLeaderStyle
179
     2
170
     2
171
     1
172
     0
 90
        2
 40
0.0
 41
0.0
173
     1
 91
-1056964608
340
5B
 92
       -2
290
     1
 42
0.09
291
     1
 43
0.36
  3
Standard
 44
0.18
300

342
55
174
     1
178
     6
175
     1
176
     0
 93
-1056964608
 45
0.18
292
     0
297
     0
 46
0.18
 94
-1056964608
 47
1.0
 49
1.0
140
1.0
293
     1
141
0.0
294
     1
177
     0
142
1.0
295
     0
296
     0
143
0.125
271
     0
272
     9
273
     9
298
     1
  0
MLINESTYLE
  5
60
102
{ACAD_REACTORS
330
5F
102
}
330
5F
100
AcDbMlineStyle
  2
STANDARD
 70
     0
  3

 62
   256
 51
90.0
 52
90.0
 71
     0
  0
ACDBPLACEHOLDER
  5
F
102
{ACAD_REACTORS
330
E
102
}
330
E
  0
SCALE
  5
43
102
{ACAD_REACTORS
330
42
102
}
330
42
100
AcDbScale
 70
     0
300
1:1
140
1.0
141
1.0
290
     1
  0
SCALE
  5
44
102
{ACAD_REACTORS
330
42
102
}
330
42
100
AcDbScale
 70
     0
300
1:2
140
1.0
141
2.0
290
     0
  0
SCALE
  5
45
102
{ACAD_REACTORS
330
42
102
}
330
42
100
AcDbScale
 70
     0
300
1:4
140
1.0
141
4.0
290
     0
  0
SCALE
  5
46
102
{ACAD_REACTORS
330
42
102
}
330
42
100
AcDbScale
 70
     0
300
1:5
140
1.0
141
5.0
290
     0
  0
SCALE
  5
47
102
{ACAD_REACTORS
330
42
102
}
330
42
100
AcDbScale
 70
     0
300
1:8
140
1.0
141
8.0
290
     0
  0
SCALE
  5
48
102
{ACAD_REACTORS
330
42
102
}
330
42
100
AcDbScale
 70
     0
300
1:10
140
1.0
141
10.0
290
     0
  0
SCALE
  5
49
102
{ACAD_REACTORS
330
42
102
}
330
42
100
AcDbScale
 70
     0
300
1:16
140
1.0
141
16.0
290
     0
  0
SCALE
  5
4A
102
{ACAD_REACTORS
330
42
102
}
330
42
100
AcDbScale
 70
     0
300
1:20
140
1.0
141
20.0
290
     0
  0
SCALE
  5
4B
102
{ACAD_REACTORS
330
42
102
}
330
42
100
AcDbScale
 70
     0
300
1:30
140
1.0
141
30.0
290
     0
  0
SCALE
  5
4C
102
{ACAD_REACTORS
330
42
102
}
330
42
100
AcDbScale
 70
     0
300
1:40
140
1.0
141
40.0
290
     0
  0
SCALE
  5
4D
102
{ACAD_REACTORS
330
42
102
}
330
42
100
AcDbScale
 70
     0
300
1:50
140
1.0
141
50.0
290
     0
  0
SCALE
  5
4E
102
{ACAD_REACTORS
330
42
102
}
330
42
100
AcDbScale
 70
     0
300
1:100
140
1.0
141
100.0
290
     0
  0
SCALE
  5
4F
102
{ACAD_REACTORS
330
42
102
}
330
42
100
AcDbScale
 70
     0
300
2:1
140
2.0
141
1.0
290
     0
  0
SCALE
  5
50
102
{ACAD_REACTORS
330
42
102
}
330
42
100
AcDbScale
 70
     0
300
4:1
140
4.0
141
1.0
290
     0
  0
SCALE
  5
51
102
{ACAD_REACTORS
330
42
102
}
330
42
100
AcDbScale
 70
     0
300
8:1
140
8.0
141
1.0
290
     0
  0
SCALE
  5
52
102
{ACAD_REACTORS
330
42
102
}
330
42
100
AcDbScale
 70
     0
300
10:1
140
10.0
141
1.0
290
     0
  0
SCALE
  5
53
102
{ACAD_REACTORS
330
42
102
}
330
42
100
AcDbScale
 70
     0
300
100:1
140
100.0
141
1.0
290
     0
  0
ACDBSECTIONVIEWSTYLE
  5
69
102
{ACAD_XDICTIONARY
360
16AB
102
}
102
{ACAD_REACTORS
330
68
102
}
330
68
100
AcDbModelDocViewStyle
 70
     0
  3
Imperial24
290
     0
100
AcDbSectionViewStyle
 70
     0
 71
     0
 90
       78
 71
     1
340
55
 62
   256
 40
0.24
340
0
340
0
 62
   256
 40
0.24
300
I, O, Q, S, X, Z
 40
0.48
 90
        3
 40
0.18
 90
        1
 71
     2
340
5D
 90
       25
 62
   256
340
5D
 90
       50
 62
   256
 40
0.24
 40
0.0
 40
0.24
 71
     3
340
55
 62
   256
 40
0.24
 90
        1
 40
0.75
 90
        1
300
%<\AcVar ViewType \f "%tc1">% %<\AcVar ViewSectionStartId>%-%<\AcVar ViewSectionEndId>%\PSCALE %<\AcVar ViewScale \f "%sn">%
 71
     4
 62
   256
 62
   257
300
ANSI31
 40
1.0
 90
        0
290
     0
290
     0
 90
        6
 40
0.0
 40
1.570796
 40
0.261799
 40
1.308997
 40
-0.261799
 40
1.832596
  0
TABLESTYLE
  5
65
102
{ACAD_XDICTIONARY
360
16A8
102
}
102
{ACAD_REACTORS
330
64
102
}
330
64
100
AcDbTableStyle
280
     0
  3
Standard
 70
     0
 71
     0
 40
1.5
 41
1.5
280
     0
281
     0
  7
Standard
140
0.18
170
     2
 62
     0
 63
     7
283
     0
 90
      512
 91
        0
  1

274
    -2
284
     1
 64
     0
275
    -2
285
     1
 65
     0
276
    -2
286
     1
 66
     0
277
    -2
287
     1
 67
     0
278
    -2
288
     1
 68
     0
279
    -2
289
     1
 69
     0
  7
Standard
140
0.25
170
     5
 62
     0
 63
     7
283
     0
 90
      512
 91
        0
  1

274
    -2
284
     1
 64
     0
275
    -2
285
     1
 65
     0
276
    -2
286
     1
 66
     0
277
    -2
287
     1
 67
     0
278
    -2
288
     1
 68
     0
279
    -2
289
     1
 69
     0
  7
Standard
140
0.18
170
     5
 62
     0
 63
     7
283
     0
 90
      512
 91
        0
  1

274
    -2
284
     1
 64
     0
275
    -2
285
     1
 65
     0
276
    -2
286
     1
 66
     0
277
    -2
287
     1
 67
     0
278
    -2
288
     1
 68
     0
279
    -2
289
     1
 69
     0
  0
VISUALSTYLE
  5
2F
102
{ACAD_REACTORS
330
29
102
}
330
29
100
AcDbVisualStyle
  2
2dWireframe
 70
     4
177
     3
291
     0
 70
    58
 90
        0
176
     1
 90
        2
176
     1
 90
        0
176
     1
 90
        0
176
     1
 40
0.6
176
     1
 40
30.0
176
     1
 62
     7
420
 16777215
176
     1
 90
        1
176
     1
 90
        4
176
     1
 62
     7
176
     1
 62
   257
176
     1
 90
        1
176
     1
 90
        1
176
     1
 40
1.0
176
     1
 90
        0
176
     1
 62
   257
176
     1
 40
1.0
176
     1
 90
        1
176
     1
 90
        6
176
     1
 90
        2
176
     1
 62
     7
176
     1
 90
        5
176
     1
 90
        0
176
     1
 90
        0
176
     1
290
     0
176
     1
 90
        1
176
     1
 40
0.0
176
     1
 90
        0
176
     1
290
     1
176
     1
290
     1
176
     1
290
     0
176
     1
290
     0
176
     1
290
     0
176
     1
290
     0
176
     1
290
     0
176
     1
290
     0
176
     1
290
     0
176
     1
 90
       50
176
     1
 40
0.0
176
     1
 40
1.0
176
     1
 90
        0
176
     1
 62
    18
420
        0
176
     1
 90
       50
176
     1
 90
        3
176
     1
 62
     5
420
      255
176
     1
290
     0
176
     1
 90
       50
176
     1
 90
       50
176
     1
 90
       50
176
     1
290
     0
176
     1
 90
       50
176
     1
 62
   256
176
     0
 40
1.0
176
     0
 90
        2
176
     1
  1
strokes_ogs.tif
176
     1
290
     0
176
     1
 40
1.0
176
     1
 40
1.0
176
     1
1001
ACAD
1000
AcDbSavedByObjectVersion
1070
     0
  0
VISUALSTYLE
  5
2E
102
{ACAD_REACTORS
330
29
102
}
330
29
100
AcDbVisualStyle
  2
Basic
 70
     7
177
     3
291
     1
 70
    58
 90
        1
176
     1
 90
        0
176
     1
 90
        1
176
     1
 90
        0
176
     1
 40
0.6
176
     1
 40
30.0
176
     1
 62
     7
420
 16777215
176
     1
 90
        0
176
     1
 90
        4
176
     1
 62
     7
176
     1
 62
   257
176
     1
 90
        1
176
     1
 90
        1
176
     1
 40
1.0
176
     1
 90
        8
176
     1
 62
     7
176
     1
 40
1.0
176
     1
 90
        1
176
     1
 90
        6
176
     1
 90
        2
176
     1
 62
     7
176
     1
 90
        5
176
     1
 90
        0
176
     1
 90
        0
176
     1
290
     0
176
     1
 90
        1
176
     1
 40
0.0
176
     1
 90
        0
176
     1
290
     0
176
     1
290
     1
176
     1
290
     1
176
     1
290
     0
176
     1
290
     0
176
     1
290
     0
176
     1
290
     0
176
     1
290
     0
176
     1
290
     0
176
     1
 90
       50
176
     1
 40
0.0
176
     1
 40
1.0
176
     1
 90
        0
176
     1
 62
    18
420
        0
176
     1
 90
       50
176
     1
 90
        3
176
     1
 62
     5
420
      255
176
     1
290
     0
176
     1
 90
       50
176
     1
 90
       50
176
     1
 90
       50
176
     1
290
     0
176
     1
 90
       50
176
     1
 62
   256
176
     0
 40
1.0
176
     0
 90
        2
176
     1
  1
strokes_ogs.tif
176
     1
290
     0
176
     1
 40
1.0
176
     1
 40
1.0
176
     1
1001
ACAD
1000
AcDbSavedByObjectVersion
1070
     0
  0
VISUALSTYLE
  5
35
102
{ACAD_REACTORS
330
29
102
}
330
29
100
AcDbVisualStyle
  2
Brighten
 70
    12
177
     3
291
     1
 70
    58
 90
        2
176
     1
 90
        2
176
     1
 90
        0
176
     1
 90
        0
176
     1
 40
0.6
176
     1
 40
30.0
176
     1
 62
     7
420
 16777215
176
     1
 90
        1
176
     1
 90
        4
176
     1
 62
     7
176
     1
 62
   257
176
     1
 90
        1
176
     1
 90
        1
176
     1
 40
1.0
176
     1
 90
        8
176
     1
 62
     7
176
     1
 40
1.0
176
     1
 90
        1
176
     1
 90
        6
176
     1
 90
        2
176
     1
 62
     7
176
     1
 90
        5
176
     1
 90
        0
176
     1
 90
        0
176
     1
290
     0
176
     1
 90
        1
176
     1
 40
50.0
176
     1
 90
        0
176
     1
290
     0
176
     1
290
     1
176
     1
290
     1
176
     1
290
     0
176
     1
290
     0
176
     1
290
     0
176
     1
290
     0
176
     1
290
     0
176
     1
290
     0
176
     1
 90
       50
176
     1
 40
0.0
176
     1
 40
1.0
176
     1
 90
        0
176
     1
 62
    18
420
        0
176
     1
 90
       50
176
     1
 90
        3
176
     1
 62
     5
420
      255
176
     1
290
     0
176
     1
 90
       50
176
     1
 90
       50
176
     1
 90
       50
176
     1
290
     0
176
     1
 90
       50
176
     1
 62
   256
176
     0
 40
1.0
176
     0
 90
        2
176
     1
  1
strokes_ogs.tif
176
     1
290
     0
176
     1
 40
1.0
176
     1
 40
1.0
176
     1
1001
ACAD
1000
AcDbSavedByObjectVersion
1070
     0
  0
VISUALSTYLE
  5
39
102
{ACAD_REACTORS
330
29
102
}
330
29
100
AcDbVisualStyle
  2
ColorChange
 70
    16
177
     3
291
     1
 70
    58
 90
        2
176
     1
 90
        2
176
     1
 90
        3
176
     1
 90
        0
176
     1
 40
0.6
176
     1
 40
30.0
176
     1
 62
     8
420
  8421504
176
     1
 90
        1
176
     1
 90
        4
176
     1
 62
     7
176
     1
 62
   257
176
     1
 90
        1
176
     1
 90
        1
176
     1
 40
1.0
176
     1
 90
        8
176
     1
 62
     8
420
  8421504
176
     1
 40
1.0
176
     1
 90
        1
176
     1
 90
        6
176
     1
 90
        2
176
     1
 62
     7
176
     1
 90
        5
176
     1
 90
        0
176
     1
 90
        0
176
     1
290
     0
176
     1
 90
        1
176
     1
 40
0.0
176
     1
 90
        0
176
     1
290
     0
176
     1
290
     1
176
     1
290
     1
176
     1
290
     0
176
     1
290
     0
176
     1
290
     0
176
     1
290
     0
176
     1
290
     0
176
     1
290
     0
176
     1
 90
       50
176
     1
 40
0.0
176
     1
 40
1.0
176
     1
 90
        0
176
     1
 62
    18
420
        0
176
     1
 90
       50
176
     1
 90
        3
176
     1
 62
     5
420
      255
176
     1
290
     0
176
     1
 90
       50
176
     1
 90
       50
176
     1
 90
       50
176
     1
290
     0
176
     1
 90
       50
176
     1
 62
   256
176
     0
 40
1.0
176
     0
 90
        2
176
     1
  1
strokes_ogs.tif
176
     1
290
     0
176
     1
 40
1.0
176
     1
 40
1.0
176
     1
1001
ACAD
1000
AcDbSavedByObjectVersion
1070
     0
  0
VISUALSTYLE
  5
32
102
{ACAD_REACTORS
330
29
102
}
330
29
100
AcDbVisualStyle
  2
Conceptual
 70
     9
177
     3
291
     0
 70
    58
 90
        3
176
     1
 90
        2
176
     1
 90
        0
176
     1
 90
        0
176
     1
 40
0.6
176
     1
 40
30.0
176
     1
 62
     7
420
 16777215
176
     1
 90
        2
176
     1
 90
        2
176
     1
 62
     7
176
     1
 62
   257
176
     1
 90
        1
176
     1
 90
        1
176
     1
 40
179.0
176
     1
 90
        8
176
     1
 62
     7
176
     1
 40
1.0
176
     1
 90
        1
176
     1
 90
        6
176
     1
 90
        2
176
     1
 62
     7
176
     1
 90
        3
176
     1
 90
        0
176
     1
 90
        0
176
     1
290
     0
176
     1
 90
        1
176
     1
 40
0.0
176
     1
 90
        0
176
     1
290
     0
176
     1
290
     1
176
     1
290
     1
176
     1
290
     0
176
     1
290
     0
176
     1
290
     0
176
     1
290
     0
176
     1
290
     0
176
     1
290
     0
176
     1
 90
       50
176
     1
 40
0.0
176
     1
 40
1.0
176
     1
 90
        0
176
     1
 62
    18
420
        0
176
     1
 90
       50
176
     1
 90
        3
176
     1
 62
     5
420
      255
176
     1
290
     0
176
     1
 90
       50
176
     1
 90
       50
176
     1
 90
       50
176
     1
290
     0
176
     1
 90
       50
176
     1
 62
   256
176
     0
 40
1.0
176
     0
 90
        2
176
     1
  1
strokes_ogs.tif
176
     1
290
     0
176
     1
 40
1.0
176
     1
 40
1.0
176
     1
1001
ACAD
1000
AcDbSavedByObjectVersion
1070
     0
  0
VISUALSTYLE
  5
34
102
{ACAD_REACTORS
330
29
102
}
330
29
100
AcDbVisualStyle
  2
Dim
 70
    11
177
     3
291
     1
 70
    58
 90
        2
176
     1
 90
        2
176
     1
 90
        0
176
     1
 90
        0
176
     1
 40
0.6
176
     1
 40
30.0
176
     1
 62
     7
420
 16777215
176
     1
 90
        1
176
     1
 90
        4
176
     1
 62
     7
176
     1
 62
   257
176
     1
 90
        1
176
     1
 90
        1
176
     1
 40
1.0
176
     1
 90
        8
176
     1
 62
     7
176
     1
 40
1.0
176
     1
 90
        1
176
     1
 90
        6
176
     1
 90
        2
176
     1
 62
     7
176
     1
 90
        5
176
     1
 90
        0
176
     1
 90
        0
176
     1
290
     0
176
     1
 90
        1
176
     1
 40
-50.0
176
     1
 90
        0
176
     1
290
     0
176
     1
290
     1
176
     1
290
     1
176
     1
290
     0
176
     1
290
     0
176
     1
290
     0
176
     1
290
     0
176
     1
290
     0
176
     1
290
     0
176
     1
 90
       50
176
     1
 40
0.0
176
     1
 40
1.0
176
     1
 90
        0
176
     1
 62
    18
420
        0
176
     1
 90
       50
176
     1
 90
        3
176
     1
 62
     5
420
      255
176
     1
290
     0
176
     1
 90
       50
176
     1
 90
       50
176
     1
 90
       50
176
     1
290
     0
176
     1
 90
       50
176
     1
 62
   256
176
     0
 40
1.0
176
     0
 90
        2
176
     1
  1
strokes_ogs.tif
176
     1
290
     0
176
     1
 40
1.0
176
     1
 40
1.0
176
     1
1001
ACAD
1000
AcDbSavedByObjectVersion
1070
     0
  0
VISUALSTYLE
  5
41
102
{ACAD_REACTORS
330
29
102
}
330
29
100
AcDbVisualStyle
  2
EdgeColorOff
 70
    22
177
     3
291
     1
 70
    58
 90
        2
176
     0
 90
        2
176
     0
 90
        0
176
     0
 90
        0
176
     0
 40
0.6
176
     0
 40
30.0
176
     0
 62
     7
420
 16777215
176
     0
 90
        1
176
     0
 90
        4
176
     0
 62
     7
176
     0
 62
   257
176
     0
 90
        1
176
     0
 90
        1
176
     0
 40
1.0
176
     0
 90
        8
176
     2
 62
     7
176
     0
 40
1.0
176
     0
 90
        1
176
     0
 90
        6
176
     0
 90
        2
176
     0
 62
     7
176
     0
 90
        5
176
     0
 90
        0
176
     0
 90
        0
176
     0
290
     0
176
     0
 90
        1
176
     0
 40
0.0
176
     0
 90
        0
176
     0
290
     0
176
     0
290
     1
176
     0
290
     1
176
     0
290
     0
176
     0
290
     0
176
     0
290
     0
176
     0
290
     0
176
     0
290
     0
176
     0
290
     0
176
     0
 90
       50
176
     0
 40
0.0
176
     0
 40
1.0
176
     0
 90
        0
176
     0
 62
    18
420
        0
176
     0
 90
       50
176
     0
 90
        3
176
     0
 62
     5
420
      255
176
     0
290
     0
176
     0
 90
       50
176
     0
 90
       50
176
     0
 90
       50
176
     0
290
     0
176
     0
 90
       50
176
     0
 62
   256
176
     0
 40
1.0
176
     0
 90
        2
176
     0
  1
strokes_ogs.tif
176
     0
290
     0
176
     0
 40
1.0
176
     0
 40
1.0
176
     0
1001
ACAD
1000
AcDbSavedByObjectVersion
1070
     0
  0
VISUALSTYLE
  5
38
102
{ACAD_REACTORS
330
29
102
}
330
29
100
AcDbVisualStyle
  2
Facepattern
 70
    15
177
     3
291
     1
 70
    58
 90
        2
176
     1
 90
        2
176
     1
 90
        0
176
     1
 90
        0
176
     1
 40
0.6
176
     1
 40
30.0
176
     1
 62
     7
420
 16777215
176
     1
 90
        1
176
     1
 90
        4
176
     1
 62
     7
176
     1
 62
   257
176
     1
 90
        1
176
     1
 90
        1
176
     1
 40
1.0
176
     1
 90
        8
176
     1
 62
     7
176
     1
 40
1.0
176
     1
 90
        1
176
     1
 90
        6
176
     1
 90
        2
176
     1
 62
     7
176
     1
 90
        5
176
     1
 90
        0
176
     1
 90
        0
176
     1
290
     0
176
     1
 90
        1
176
     1
 40
0.0
176
     1
 90
        0
176
     1
290
     0
176
     1
290
     1
176
     1
290
     1
176
     1
290
     0
176
     1
290
     0
176
     1
290
     0
176
     1
290
     0
176
     1
290
     0
176
     1
290
     0
176
     1
 90
       50
176
     1
 40
0.0
176
     1
 40
1.0
176
     1
 90
        0
176
     1
 62
    18
420
        0
176
     1
 90
       50
176
     1
 90
        3
176
     1
 62
     5
420
      255
176
     1
290
     0
176
     1
 90
       50
176
     1
 90
       50
176
     1
 90
       50
176
     1
290
     0
176
     1
 90
       50
176
     1
 62
   256
176
     0
 40
1.0
176
     0
 90
        2
176
     1
  1
strokes_ogs.tif
176
     1
290
     0
176
     1
 40
1.0
176
     1
 40
1.0
176
     1
1001
ACAD
1000
AcDbSavedByObjectVersion
1070
     0
  0
VISUALSTYLE
  5
2A
102
{ACAD_REACTORS
330
29
102
}
330
29
100
AcDbVisualStyle
  2
Flat
 70
     0
177
     3
291
     1
 70
    58
 90
        2
176
     1
 90
        1
176
     1
 90
        1
176
     1
 90
        2
176
     1
 40
0.6
176
     1
 40
30.0
176
     1
 62
     7
420
 16777215
176
     1
 90
        0
176
     1
 90
        0
176
     1
 62
     7
176
     1
 62
   257
176
     1
 90
        1
176
     1
 90
        1
176
     1
 40
1.0
176
     1
 90
        8
176
     1
 62
     7
176
     1
 40
1.0
176
     1
 90
        1
176
     1
 90
        6
176
     1
 90
        2
176
     1
 62
     7
176
     1
 90
        5
176
     1
 90
        0
176
     1
 90
        0
176
     1
290
     0
176
     1
 90
       13
176
     1
 40
0.0
176
     1
 90
        0
176
     1
290
     0
176
     1
290
     1
176
     1
290
     1
176
     1
290
     0
176
     1
290
     0
176
     1
290
     0
176
     1
290
     0
176
     1
290
     0
176
     1
290
     0
176
     1
 90
       50
176
     1
 40
0.0
176
     1
 40
1.0
176
     1
 90
        0
176
     1
 62
    18
420
        0
176
     1
 90
       50
176
     1
 90
        3
176
     1
 62
     5
420
      255
176
     1
290
     0
176
     1
 90
       50
176
     1
 90
       50
176
     1
 90
       50
176
     1
290
     0
176
     1
 90
       50
176
     1
 62
   256
176
     0
 40
1.0
176
     0
 90
        2
176
     1
  1
strokes_ogs.tif
176
     1
290
     0
176
     1
 40
1.0
176
     1
 40
1.0
176
     1
1001
ACAD
1000
AcDbSavedByObjectVersion
1070
     0
  0
VISUALSTYLE
  5
2B
102
{ACAD_REACTORS
330
29
102
}
330
29
100
AcDbVisualStyle
  2
FlatWithEdges
 70
     1
177
     3
291
     1
 70
    58
 90
        2
176
     1
 90
        1
176
     1
 90
        1
176
     1
 90
        2
176
     1
 40
0.6
176
     1
 40
30.0
176
     1
 62
     7
420
 16777215
176
     1
 90
        1
176
     1
 90
        0
176
     1
 62
     7
176
     1
 62
   257
176
     1
 90
        1
176
     1
 90
        1
176
     1
 40
1.0
176
     1
 90
        0
176
     1
 62
   257
176
     1
 40
1.0
176
     1
 90
        1
176
     1
 90
        6
176
     1
 90
        2
176
     1
 62
     7
176
     1
 90
        5
176
     1
 90
        0
176
     1
 90
        0
176
     1
290
     0
176
     1
 90
       13
176
     1
 40
0.0
176
     1
 90
        0
176
     1
290
     0
176
     1
290
     1
176
     1
290
     1
176
     1
290
     0
176
     1
290
     0
176
     1
290
     0
176
     1
290
     0
176
     1
290
     0
176
     1
290
     0
176
     1
 90
       50
176
     1
 40
0.0
176
     1
 40
1.0
176
     1
 90
        0
176
     1
 62
    18
420
        0
176
     1
 90
       50
176
     1
 90
        3
176
     1
 62
     5
420
      255
176
     1
290
     0
176
     1
 90
       50
176
     1
 90
       50
176
     1
 90
       50
176
     1
290
     0
176
     1
 90
       50
176
     1
 62
   256
176
     0
 40
1.0
176
     0
 90
        2
176
     1
  1
strokes_ogs.tif
176
     1
290
     0
176
     1
 40
1.0
176
     1
 40
1.0
176
     1
1001
ACAD
1000
AcDbSavedByObjectVersion
1070
     0
  0
VISUALSTYLE
  5
2C
102
{ACAD_REACTORS
330
29
102
}
330
29
100
AcDbVisualStyle
  2
Gouraud
 70
     2
177
     3
291
     1
 70
    58
 90
        2
176
     1
 90
        2
176
     1
 90
        1
176
     1
 90
        2
176
     1
 40
0.6
176
     1
 40
30.0
176
     1
 62
     7
420
 16777215
176
     1
 90
        0
176
     1
 90
        0
176
     1
 62
     7
176
     1
 62
   257
176
     1
 90
        1
176
     1
 90
        1
176
     1
 40
1.0
176
     1
 90
        0
176
     1
 62
     7
176
     1
 40
1.0
176
     1
 90
        1
176
     1
 90
        6
176
     1
 90
        2
176
     1
 62
     7
176
     1
 90
        5
176
     1
 90
        0
176
     1
 90
        0
176
     1
290
     0
176
     1
 90
       13
176
     1
 40
0.0
176
     1
 90
        0
176
     1
290
     0
176
     1
290
     1
176
     1
290
     1
176
     1
290
     0
176
     1
290
     0
176
     1
290
     0
176
     1
290
     0
176
     1
290
     0
176
     1
290
     0
176
     1
 90
       50
176
     1
 40
0.0
176
     1
 40
1.0
176
     1
 90
        0
176
     1
 62
    18
420
        0
176
     1
 90
       50
176
     1
 90
        3
176
     1
 62
     5
420
      255
176
     1
290
     0
176
     1
 90
       50
176
     1
 90
       50
176
     1
 90
       50
176
     1
290
     0
176
     1
 90
       50
176
     1
 62
   256
176
     0
 40
1.0
176
     0
 90
        2
176
     1
  1
strokes_ogs.tif
176
     1
290
     0
176
     1
 40
1.0
176
     1
 40
1.0
176
     1
1001
ACAD
1000
AcDbSavedByObjectVersion
1070
     0
  0
VISUALSTYLE
  5
2D
102
{ACAD_REACTORS
330
29
102
}
330
29
100
AcDbVisualStyle
  2
GouraudWithEdges
 70
     3
177
     3
291
     1
 70
    58
 90
        2
176
     1
 90
        2
176
     1
 90
        1
176
     1
 90
        2
176
     1
 40
0.6
176
     1
 40
30.0
176
     1
 62
     7
420
 16777215
176
     1
 90
        1
176
     1
 90
        0
176
     1
 62
     7
176
     1
 62
   257
176
     1
 90
        1
176
     1
 90
        1
176
     1
 40
1.0
176
     1
 90
        0
176
     1
 62
   257
176
     1
 40
1.0
176
     1
 90
        1
176
     1
 90
        6
176
     1
 90
        2
176
     1
 62
     7
176
     1
 90
        5
176
     1
 90
        0
176
     1
 90
        0
176
     1
290
     0
176
     1
 90
       13
176
     1
 40
0.0
176
     1
 90
        0
176
     1
290
     0
176
     1
290
     1
176
     1
290
     1
176
     1
290
     0
176
     1
290
     0
176
     1
290
     0
176
     1
290
     0
176
     1
290
     0
176
     1
290
     0
176
     1
 90
       50
176
     1
 40
0.0
176
     1
 40
1.0
176
     1
 90
        0
176
     1
 62
    18
420
        0
176
     1
 90
       50
176
     1
 90
        3
176
     1
 62
     5
420
      255
176
     1
290
     0
176
     1
 90
       50
176
     1
 90
       50
176
     1
 90
       50
176
     1
290
     0
176
     1
 90
       50
176
     1
 62
   256
176
     0
 40
1.0
176
     0
 90
        2
176
     1
  1
strokes_ogs.tif
176
     1
290
     0
176
     1
 40
1.0
176
     1
 40
1.0
176
     1
1001
ACAD
1000
AcDbSavedByObjectVersion
1070
     0
  0
VISUALSTYLE
  5
31
102
{ACAD_REACTORS
330
29
102
}
330
29
100
AcDbVisualStyle
  2
Hidden
 70
     6
177
     3
291
     0
 70
    58
 90
        1
176
     1
 90
        2
176
     1
 90
        2
176
     1
 90
        0
176
     1
 40
0.6
176
     1
 40
30.0
176
     1
 62
     7
420
 16777215
176
     1
 90
        2
176
     1
 90
        2
176
     1
 62
     7
176
     1
 62
   257
176
     1
 90
        2
176
     1
 90
        1
176
     1
 40
40.0
176
     1
 90
        0
176
     1
 62
   257
176
     1
 40
1.0
176
     1
 90
        1
176
     1
 90
        6
176
     1
 90
        2
176
     1
 62
     7
176
     1
 90
        3
176
     1
 90
        0
176
     1
 90
        0
176
     1
290
     0
176
     1
 90
        1
176
     1
 40
0.0
176
     1
 90
        0
176
     1
290
     0
176
     1
290
     1
176
     1
290
     1
176
     1
290
     0
176
     1
290
     0
176
     1
290
     0
176
     1
290
     0
176
     1
290
     0
176
     1
290
     0
176
     1
 90
       50
176
     1
 40
0.0
176
     1
 40
1.0
176
     1
 90
        0
176
     1
 62
    18
420
        0
176
     1
 90
       50
176
     1
 90
        3
176
     1
 62
     5
420
      255
176
     1
290
     0
176
     1
 90
       50
176
     1
 90
       50
176
     1
 90
       50
176
     1
290
     0
176
     1
 90
       50
176
     1
 62
   256
176
     0
 40
1.0
176
     0
 90
        2
176
     1
  1
strokes_ogs.tif
176
     1
290
     0
176
     1
 40
1.0
176
     1
 40
1.0
176
     1
1001
ACAD
1000
AcDbSavedByObjectVersion
1070
     0
  0
VISUALSTYLE
  5
3F
102
{ACAD_REACTORS
330
29
102
}
330
29
100
AcDbVisualStyle
  2
JitterOff
 70
    20
177
     3
291
     1
 70
    58
 90
        2
176
     0
 90
        2
176
     0
 90
        0
176
     0
 90
        0
176
     0
 40
0.6
176
     0
 40
30.0
176
     0
 62
     7
420
 16777215
176
     0
 90
        1
176
     0
 90
        4
176
     0
 62
     7
176
     0
 62
   257
176
     0
 90
        1
176
     0
 90
        1
176
     0
 40
1.0
176
     0
 90
       10
176
     2
 62
     7
176
     0
 40
1.0
176
     0
 90
        1
176
     0
 90
        6
176
     0
 90
        2
176
     0
 62
     7
176
     0
 90
        5
176
     0
 90
        0
176
     0
 90
        0
176
     0
290
     0
176
     0
 90
        1
176
     0
 40
0.0
176
     0
 90
        0
176
     0
290
     0
176
     0
290
     1
176
     0
290
     1
176
     0
290
     0
176
     0
290
     0
176
     0
290
     0
176
     0
290
     0
176
     0
290
     0
176
     0
290
     0
176
     0
 90
       50
176
     0
 40
0.0
176
     0
 40
1.0
176
     0
 90
        0
176
     0
 62
    18
420
        0
176
     0
 90
       50
176
     0
 90
        3
176
     0
 62
     5
420
      255
176
     0
290
     0
176
     0
 90
       50
176
     0
 90
       50
176
     0
 90
       50
176
     0
290
     0
176
     0
 90
       50
176
     0
 62
   256
176
     0
 40
1.0
176
     0
 90
        2
176
     0
  1
strokes_ogs.tif
176
     0
290
     0
176
     0
 40
1.0
176
     0
 40
1.0
176
     0
1001
ACAD
1000
AcDbSavedByObjectVersion
1070
     0
  0
VISUALSTYLE
  5
37
102
{ACAD_REACTORS
330
29
102
}
330
29
100
AcDbVisualStyle
  2
Linepattern
 70
    14
177
     3
291
     1
 70
    58
 90
        2
176
     1
 90
        2
176
     1
 90
        0
176
     1
 90
        0
176
     1
 40
0.6
176
     1
 40
30.0
176
     1
 62
     7
420
 16777215
176
     1
 90
        1
176
     1
 90
        4
176
     1
 62
     7
176
     1
 62
   257
176
     1
 90
        7
176
     1
 90
        7
176
     1
 40
1.0
176
     1
 90
        8
176
     1
 62
     7
176
     1
 40
1.0
176
     1
 90
        1
176
     1
 90
        6
176
     1
 90
        2
176
     1
 62
     7
176
     1
 90
        5
176
     1
 90
        0
176
     1
 90
        0
176
     1
290
     0
176
     1
 90
        1
176
     1
 40
0.0
176
     1
 90
        0
176
     1
290
     0
176
     1
290
     1
176
     1
290
     1
176
     1
290
     0
176
     1
290
     0
176
     1
290
     0
176
     1
290
     0
176
     1
290
     0
176
     1
290
     0
176
     1
 90
       50
176
     1
 40
0.0
176
     1
 40
1.0
176
     1
 90
        0
176
     1
 62
    18
420
        0
176
     1
 90
       50
176
     1
 90
        3
176
     1
 62
     5
420
      255
176
     1
290
     0
176
     1
 90
       50
176
     1
 90
       50
176
     1
 90
       50
176
     1
290
     0
176
     1
 90
       50
176
     1
 62
   256
176
     0
 40
1.0
176
     0
 90
        2
176
     1
  1
strokes_ogs.tif
176
     1
290
     0
176
     1
 40
1.0
176
     1
 40
1.0
176
     1
1001
ACAD
1000
AcDbSavedByObjectVersion
1070
     0
  0
VISUALSTYLE
  5
40
102
{ACAD_REACTORS
330
29
102
}
330
29
100
AcDbVisualStyle
  2
OverhangOff
 70
    21
177
     3
291
     1
 70
    58
 90
        2
176
     0
 90
        2
176
     0
 90
        0
176
     0
 90
        0
176
     0
 40
0.6
176
     0
 40
30.0
176
     0
 62
     7
420
 16777215
176
     0
 90
        1
176
     0
 90
        4
176
     0
 62
     7
176
     0
 62
   257
176
     0
 90
        1
176
     0
 90
        1
176
     0
 40
1.0
176
     0
 90
        9
176
     2
 62
     7
176
     0
 40
1.0
176
     0
 90
        1
176
     0
 90
        6
176
     0
 90
        2
176
     0
 62
     7
176
     0
 90
        5
176
     0
 90
        0
176
     0
 90
        0
176
     0
290
     0
176
     0
 90
        1
176
     0
 40
0.0
176
     0
 90
        0
176
     0
290
     0
176
     0
290
     1
176
     0
290
     1
176
     0
290
     0
176
     0
290
     0
176
     0
290
     0
176
     0
290
     0
176
     0
290
     0
176
     0
290
     0
176
     0
 90
       50
176
     0
 40
0.0
176
     0
 40
1.0
176
     0
 90
        0
176
     0
 62
    18
420
        0
176
     0
 90
       50
176
     0
 90
        3
176
     0
 62
     5
420
      255
176
     0
290
     0
176
     0
 90
       50
176
     0
 90
       50
176
     0
 90
       50
176
     0
290
     0
176
     0
 90
       50
176
     0
 62
   256
176
     0
 40
1.0
176
     0
 90
        2
176
     0
  1
strokes_ogs.tif
176
     0
290
     0
176
     0
 40
1.0
176
     0
 40
1.0
176
     0
1001
ACAD
1000
AcDbSavedByObjectVersion
1070
     0
  0
VISUALSTYLE
  5
33
102
{ACAD_REACTORS
330
29
102
}
330
29
100
AcDbVisualStyle
  2
Realistic
 70
     8
177
     3
291
     0
 70
    58
 90
        2
176
     1
 90
        3
176
     1
 90
        0
176
     1
 90
        2
176
     1
 40
0.6
176
     1
 40
30.0
176
     1
 62
     7
420
 16777215
176
     1
 90
        0
176
     1
 90
        0
176
     1
 62
     7
176
     1
 62
   257
176
     1
 90
        1
176
     1
 90
        1
176
     1
 40
1.0
176
     1
 90
        8
176
     1
 62
   257
176
     1
 40
1.0
176
     1
 90
        1
176
     1
 90
        6
176
     1
 90
        2
176
     1
 62
     7
176
     1
 90
        3
176
     1
 90
        0
176
     1
 90
        0
176
     1
290
     0
176
     1
 90
       13
176
     1
 40
0.0
176
     1
 90
        0
176
     1
290
     0
176
     1
290
     1
176
     1
290
     1
176
     1
290
     0
176
     1
290
     0
176
     1
290
     0
176
     1
290
     0
176
     1
290
     0
176
     1
290
     0
176
     1
 90
       50
176
     1
 40
0.0
176
     1
 40
1.0
176
     1
 90
        0
176
     1
 62
    18
420
        0
176
     1
 90
       50
176
     1
 90
        3
176
     1
 62
     5
420
      255
176
     1
290
     0
176
     1
 90
       50
176
     1
 90
       50
176
     1
 90
       50
176
     1
290
     0
176
     1
 90
       50
176
     1
 62
   256
176
     0
 40
1.0
176
     0
 90
        2
176
     1
  1
strokes_ogs.tif
176
     1
290
     0
176
     1
 40
1.0
176
     1
 40
1.0
176
     1
1001
ACAD
1000
AcDbSavedByObjectVersion
1070
     0
  0
VISUALSTYLE
  5
3E
102
{ACAD_REACTORS
330
29
102
}
330
29
100
AcDbVisualStyle
  2
Shaded
 70
    27
177
     3
291
     0
 70
    58
 90
        2
176
     1
 90
        2
176
     1
 90
        1
176
     1
 90
        2
176
     1
 40
0.6
176
     1
 40
30.0
176
     1
 62
     7
420
 16777215
176
     1
 90
        0
176
     1
 90
        4
176
     1
 62
     7
176
     1
 62
   257
176
     1
 90
        1
176
     1
 90
        1
176
     1
 40
1.0
176
     1
 90
        8
176
     1
 62
   257
176
     1
 40
1.0
176
     1
 90
        1
176
     1
 90
        6
176
     1
 90
        2
176
     1
 62
     8
420
  7895160
176
     1
 90
        3
176
     1
 90
        0
176
     1
 90
        0
176
     1
290
     0
176
     1
 90
        5
176
     1
 40
0.0
176
     1
 90
        0
176
     1
290
     0
176
     1
290
     1
176
     1
290
     1
176
     1
290
     0
176
     1
290
     0
176
     1
290
     0
176
     1
290
     0
176
     1
290
     0
176
     1
290
     0
176
     1
 90
       50
176
     1
 40
0.0
176
     1
 40
1.0
176
     1
 90
        0
176
     1
 62
    18
420
        0
176
     1
 90
       50
176
     1
 90
        3
176
     1
 62
     5
420
      255
176
     1
290
     0
176
     1
 90
       50
176
     1
 90
       50
176
     1
 90
       50
176
     1
290
     0
176
     1
 90
       50
176
     1
 62
   256
176
     0
 40
1.0
176
     0
 90
        2
176
     1
  1
strokes_ogs.tif
176
     1
290
     0
176
     1
 40
1.0
176
     1
 40
1.0
176
     1
1001
ACAD
1000
AcDbSavedByObjectVersion
1070
     0
  0
VISUALSTYLE
  5
3D
102
{ACAD_REACTORS
330
29
102
}
330
29
100
AcDbVisualStyle
  2
Shaded with edges
 70
    26
177
     3
291
     0
 70
    58
 90
        2
176
     1
 90
        2
176
     1
 90
        1
176
     1
 90
        2
176
     1
 40
0.6
176
     1
 40
30.0
176
     1
 62
     7
420
 16777215
176
     1
 90
        1
176
     1
 90
        2
176
     1
 62
     7
176
     1
 62
   257
176
     1
 90
        2
176
     1
 90
        1
176
     1
 40
1.0
176
     1
 90
        8
176
     1
 62
   257
176
     1
 40
1.0
176
     1
 90
        1
176
     1
 90
        6
176
     1
 90
        2
176
     1
 62
     7
176
     1
 90
        3
176
     1
 90
        0
176
     1
 90
        0
176
     1
290
     0
176
     1
 90
        5
176
     1
 40
0.0
176
     1
 90
        0
176
     1
290
     0
176
     1
290
     1
176
     1
290
     1
176
     1
290
     0
176
     1
290
     0
176
     1
290
     0
176
     1
290
     0
176
     1
290
     0
176
     1
290
     0
176
     1
 90
       50
176
     1
 40
0.0
176
     1
 40
1.0
176
     1
 90
        0
176
     1
 62
    18
420
        0
176
     1
 90
       50
176
     1
 90
        3
176
     1
 62
     5
420
      255
176
     1
290
     0
176
     1
 90
       50
176
     1
 90
       50
176
     1
 90
       50
176
     1
290
     0
176
     1
 90
       50
176
     1
 62
   256
176
     0
 40
1.0
176
     0
 90
        2
176
     1
  1
strokes_ogs.tif
176
     1
290
     0
176
     1
 40
1.0
176
     1
 40
1.0
176
     1
1001
ACAD
1000
AcDbSavedByObjectVersion
1070
     0
  0
VISUALSTYLE
  5
3A
102
{ACAD_REACTORS
330
29
102
}
330
29
100
AcDbVisualStyle
  2
Shades of Gray
 70
    23
177
     3
291
     0
 70
    58
 90
        2
176
     1
 90
        2
176
     1
 90
        3
176
     1
 90
        0
176
     1
 40
0.6
176
     1
 40
30.0
176
     1
 62
     7
420
 16777215
176
     1
 90
        2
176
     1
 90
        2
176
     1
 62
     7
176
     1
 62
     7
176
     1
 90
        1
176
     1
 90
        1
176
     1
 40
40.0
176
     1
 90
        8
176
     1
 62
     7
176
     1
 40
1.0
176
     1
 90
        1
176
     1
 90
        6
176
     1
 90
        2
176
     1
 62
     7
176
     1
 90
        3
176
     1
 90
        0
176
     1
 90
        0
176
     1
290
     0
176
     1
 90
        1
176
     1
 40
0.0
176
     1
 90
        0
176
     1
290
     0
176
     1
290
     1
176
     1
290
     1
176
     1
290
     0
176
     1
290
     0
176
     1
290
     0
176
     1
290
     0
176
     1
290
     0
176
     1
290
     0
176
     1
 90
       50
176
     1
 40
0.0
176
     1
 40
1.0
176
     1
 90
        0
176
     1
 62
    18
420
        0
176
     1
 90
       50
176
     1
 90
        3
176
     1
 62
     5
420
      255
176
     1
290
     0
176
     1
 90
       50
176
     1
 90
       50
176
     1
 90
       50
176
     1
290
     0
176
     1
 90
       50
176
     1
 62
   256
176
     0
 40
1.0
176
     0
 90
        2
176
     1
  1
strokes_ogs.tif
176
     1
290
     0
176
     1
 40
1.0
176
     1
 40
1.0
176
     1
1001
ACAD
1000
AcDbSavedByObjectVersion
1070
     0
  0
VISUALSTYLE
  5
3B
102
{ACAD_REACTORS
330
29
102
}
330
29
100
AcDbVisualStyle
  2
Sketchy
 70
    24
177
     3
291
     0
 70
    58
 90
        1
176
     1
 90
        2
176
     1
 90
        2
176
     1
 90
        0
176
     1
 40
0.6
176
     1
 40
30.0
176
     1
 62
     7
420
 16777215
176
     1
 90
        2
176
     1
 90
        2
176
     1
 62
     7
176
     1
 62
     7
176
     1
 90
        1
176
     1
 90
        1
176
     1
 40
40.0
176
     1
 90
       11
176
     1
 62
     7
176
     1
 40
1.0
176
     1
 90
        1
176
     1
 90
        6
176
     1
 90
        2
176
     1
 62
     7
176
     1
 90
        6
176
     1
 90
        0
176
     1
 90
        0
176
     1
290
     0
176
     1
 90
        1
176
     1
 40
0.0
176
     1
 90
        0
176
     1
290
     0
176
     1
290
     1
176
     1
290
     1
176
     1
290
     0
176
     1
290
     0
176
     1
290
     0
176
     1
290
     0
176
     1
290
     0
176
     1
290
     0
176
     1
 90
       50
176
     1
 40
0.0
176
     1
 40
1.0
176
     1
 90
        0
176
     1
 62
    18
420
        0
176
     1
 90
       50
176
     1
 90
        3
176
     1
 62
     5
420
      255
176
     1
290
     0
176
     1
 90
       50
176
     1
 90
       50
176
     1
 90
       50
176
     1
290
     0
176
     1
 90
       50
176
     1
 62
   256
176
     0
 40
1.0
176
     0
 90
        2
176
     1
  1
strokes_ogs.tif
176
     1
290
     0
176
     1
 40
1.0
176
     1
 40
1.0
176
     1
1001
ACAD
1000
AcDbSavedByObjectVersion
1070
     0
  0
VISUALSTYLE
  5
36
102
{ACAD_REACTORS
330
29
102
}
330
29
100
AcDbVisualStyle
  2
Thicken
 70
    13
177
     3
291
     1
 70
    58
 90
        2
176
     1
 90
        2
176
     1
 90
        0
176
     1
 90
        0
176
     1
 40
0.6
176
     1
 40
30.0
176
     1
 62
     7
420
 16777215
176
     1
 90
        1
176
     1
 90
        4
176
     1
 62
     7
176
     1
 62
   257
176
     1
 90
        1
176
     1
 90
        1
176
     1
 40
1.0
176
     1
 90
       12
176
     1
 62
     7
176
     1
 40
1.0
176
     1
 90
        1
176
     1
 90
        6
176
     1
 90
        2
176
     1
 62
     7
176
     1
 90
        5
176
     1
 90
        0
176
     1
 90
        0
176
     1
290
     0
176
     1
 90
        1
176
     1
 40
0.0
176
     1
 90
        0
176
     1
290
     0
176
     1
290
     1
176
     1
290
     1
176
     1
290
     0
176
     1
290
     0
176
     1
290
     0
176
     1
290
     0
176
     1
290
     0
176
     1
290
     0
176
     1
 90
       50
176
     1
 40
0.0
176
     1
 40
1.0
176
     1
 90
        0
176
     1
 62
    18
420
        0
176
     1
 90
       50
176
     1
 90
        3
176
     1
 62
     5
420
      255
176
     1
290
     0
176
     1
 90
       50
176
     1
 90
       50
176
     1
 90
       50
176
     1
290
     0
176
     1
 90
       50
176
     1
 62
   256
176
     0
 40
1.0
176
     0
 90
        2
176
     1
  1
strokes_ogs.tif
176
     1
290
     0
176
     1
 40
1.0
176
     1
 40
1.0
176
     1
1001
ACAD
1000
AcDbSavedByObjectVersion
1070
     0
  0
VISUALSTYLE
  5
30
102
{ACAD_REACTORS
330
29
102
}
330
29
100
AcDbVisualStyle
  2
Wireframe
 70
     5
177
     3
291
     0
 70
    58
 90
        0
176
     1
 90
        2
176
     1
 90
        0
176
     1
 90
        0
176
     1
 40
0.6
176
     1
 40
30.0
176
     1
 62
     7
420
 16777215
176
     1
 90
        1
176
     1
 90
        4
176
     1
 62
     7
176
     1
 62
   257
176
     1
 90
        1
176
     1
 90
        1
176
     1
 40
1.0
176
     1
 90
        0
176
     1
 62
   257
176
     1
 40
1.0
176
     1
 90
        1
176
     1
 90
        6
176
     1
 90
        2
176
     1
 62
     7
176
     1
 90
        3
176
     1
 90
        0
176
     1
 90
        0
176
     1
290
     0
176
     1
 90
        1
176
     1
 40
0.0
176
     1
 90
        0
176
     1
290
     0
176
     1
290
     1
176
     1
290
     1
176
     1
290
     0
176
     1
290
     0
176
     1
290
     0
176
     1
290
     0
176
     1
290
     0
176
     1
290
     0
176
     1
 90
       50
176
     1
 40
0.0
176
     1
 40
1.0
176
     1
 90
        0
176
     1
 62
    18
420
        0
176
     1
 90
       50
176
     1
 90
        3
176
     1
 62
     5
420
      255
176
     1
290
     0
176
     1
 90
       50
176
     1
 90
       50
176
     1
 90
       50
176
     1
290
     0
176
     1
 90
       50
176
     1
 62
   256
176
     0
 40
1.0
176
     0
 90
        2
176
     1
  1
strokes_ogs.tif
176
     1
290
     0
176
     1
 40
1.0
176
     1
 40
1.0
176
     1
1001
ACAD
1000
AcDbSavedByObjectVersion
1070
     0
  0
VISUALSTYLE
  5
3C
102
{ACAD_REACTORS
330
29
102
}
330
29
100
AcDbVisualStyle
  2
X-Ray
 70
    25
177
     3
291
     0
 70
    58
 90
        2
176
     1
 90
        2
176
     1
 90
        1
176
     1
 90
        1
176
     1
 40
0.5
176
     1
 40
30.0
176
     1
 62
     7
420
 16777215
176
     1
 90
        1
176
     1
 90
        0
176
     1
 62
     7
176
     1
 62
   257
176
     1
 90
        1
176
     1
 90
        1
176
     1
 40
1.0
176
     1
 90
        8
176
     1
 62
     7
176
     1
 40
1.0
176
     1
 90
        1
176
     1
 90
        6
176
     1
 90
        2
176
     1
 62
     7
176
     1
 90
        3
176
     1
 90
        0
176
     1
 90
        0
176
     1
290
     0
176
     1
 90
       13
176
     1
 40
0.0
176
     1
 90
        0
176
     1
290
     0
176
     1
290
     1
176
     1
290
     1
176
     1
290
     0
176
     1
290
     0
176
     1
290
     0
176
     1
290
     0
176
     1
290
     0
176
     1
290
     0
176
     1
 90
       50
176
     1
 40
0.0
176
     1
 40
1.0
176
     1
 90
        0
176
     1
 62
    18
420
        0
176
     1
 90
       50
176
     1
 90
        3
176
     1
 62
     5
420
      255
176
     1
290
     0
176
     1
 90
       50
176
     1
 90
       50
176
     1
 90
       50
176
     1
290
     0
176
     1
 90
       50
176
     1
 62
   256
176
     0
 40
1.0
176
     0
 90
        2
176
     1
  1
strokes_ogs.tif
176
     1
290
     0
176
     1
 40
1.0
176
     1
 40
1.0
176
     1
1001
ACAD
1000
AcDbSavedByObjectVersion
1070
     0
  0
DICTIONARYVAR
  5
16A6
102
{ACAD_REACTORS
330
16A1
102
}
330
16A1
100
DictionaryVariables
280
     0
  1
0
  0
DICTIONARYVAR
  5
16A7
102
{ACAD_REACTORS
330
16A1
102
}
330
16A1
100
DictionaryVariables
280
     0
  1
1:1
  0
DICTIONARYVAR
  5
16A3
102
{ACAD_REACTORS
330
16A1
102
}
330
16A1
100
DictionaryVariables
280
     0
  1
STANDARD
  0
DICTIONARYVAR
  5
16A2
102
{ACAD_REACTORS
330
16A1
102
}
330
16A1
100
DictionaryVariables
280
     0
  1
STANDARD
  0
DICTIONARYVAR
  5
16A4
102
{ACAD_REACTORS
330
16A1
102
}
330
16A1
100
DictionaryVariables
280
     0
  1
Imperial24
  0
DICTIONARYVAR
  5
16A5
102
{ACAD_REACTORS
330
16A1
102
}
330
16A1
100
DictionaryVariables
280
     0
  1
Imperial24
  0
DICTIONARY
  5
16AD
330
6B
100
AcDbDictionary
280
     1
281
     1
  3
ACAD_XREC_ROUNDTRIP
360
16AE
  0
DICTIONARY
  5
1A
330
19
100
AcDbDictionary
280
     1
281
     1
  3
BUMPTILE
360
1C
  3
DIFFUSETILE
360
1B
  3
OPACITYTILE
360
1F
  3
REFLECTIONTILE
360
1E
  3
REFRACTIONTILE
360
20
  3
SPECULARTILE
360
1D
  0
DICTIONARY
  5
12
330
11
100
AcDbDictionary
280
     1
281
     1
  3
BUMPTILE
360
14
  3
DIFFUSETILE
360
13
  3
OPACITYTILE
360
17
  3
REFLECTIONTILE
360
16
  3
REFRACTIONTILE
360
18
  3
SPECULARTILE
360
15
  0
DICTIONARY
  5
22
330
21
100
AcDbDictionary
280
     1
281
     1
  3
BUMPTILE
360
24
  3
DIFFUSETILE
360
23
  3
OPACITYTILE
360
27
  3
REFLECTIONTILE
360
26
  3
REFRACTIONTILE
360
28
  3
SPECULARTILE
360
25
  0
DICTIONARY
  5
16AB
330
69
100
AcDbDictionary
280
     1
281
     1
  3
ACAD_XREC_ROUNDTRIP
360
16AC
  0
DICTIONARY
  5
16A8
330
65
100
AcDbDictionary
280
     1
281
     1
  3
ACAD_ROUNDTRIP_2008_TABLESTYLE_CELLSTYLEMAP
360
16A9
  0
XRECORD
  5
16AE
102
{ACAD_REACTORS
330
16AD
102
}
330
16AD
100
AcDbXrecord
280
     1
102
DISPLAYNAME
  1
Imperial24
102
FLAGS
 90
        0
  0
XRECORD
  5
1C
102
{ACAD_REACTORS
330
1A
102
}
330
1A
100
AcDbXrecord
280
     1
270
     1
271
     1
  0
XRECORD
  5
1B
102
{ACAD_REACTORS
330
1A
102
}
330
1A
100
AcDbXrecord
280
     1
270
     1
271
     1
  0
XRECORD
  5
1F
102
{ACAD_REACTORS
330
1A
102
}
330
1A
100
AcDbXrecord
280
     1
270
     1
271
     1
  0
XRECORD
  5
1E
102
{ACAD_REACTORS
330
1A
102
}
330
1A
100
AcDbXrecord
280
     1
270
     1
271
     1
  0
XRECORD
  5
20
102
{ACAD_REACTORS
330
1A
102
}
330
1A
100
AcDbXrecord
280
     1
270
     1
271
     1
  0
XRECORD
  5
1D
102
{ACAD_REACTORS
330
1A
102
}
330
1A
100
AcDbXrecord
280
     1
270
     1
271
     1
  0
XRECORD
  5
14
102
{ACAD_REACTORS
330
12
102
}
330
12
100
AcDbXrecord
280
     1
270
     1
271
     1
  0
XRECORD
  5
13
102
{ACAD_REACTORS
330
12
102
}
330
12
100
AcDbXrecord
280
     1
270
     1
271
     1
  0
XRECORD
  5
17
102
{ACAD_REACTORS
330
12
102
}
330
12
100
AcDbXrecord
280
     1
270
     1
271
     1
  0
XRECORD
  5
16
102
{ACAD_REACTORS
330
12
102
}
330
12
100
AcDbXrecord
280
     1
270
     1
271
     1
  0
XRECORD
  5
18
102
{ACAD_REACTORS
330
12
102
}
330
12
100
AcDbXrecord
280
     1
270
     1
271
     1
  0
XRECORD
  5
15
102
{ACAD_REACTORS
330
12
102
}
330
12
100
AcDbXrecord
280
     1
270
     1
271
     1
  0
XRECORD
  5
24
102
{ACAD_REACTORS
330
22
102
}
330
22
100
AcDbXrecord
280
     1
270
     1
271
     1
  0
XRECORD
  5
23
102
{ACAD_REACTORS
330
22
102
}
330
22
100
AcDbXrecord
280
     1
270
     1
271
     1
  0
XRECORD
  5
27
102
{ACAD_REACTORS
330
22
102
}
330
22
100
AcDbXrecord
280
     1
270
     1
271
     1
  0
XRECORD
  5
26
102
{ACAD_REACTORS
330
22
102
}
330
22
100
AcDbXrecord
280
     1
270
     1
271
     1
  0
XRECORD
  5
28
102
{ACAD_REACTORS
330
22
102
}
330
22
100
AcDbXrecord
280
     1
270
     1
271
     1
  0
XRECORD
  5
25
102
{ACAD_REACTORS
330
22
102
}
330
22
100
AcDbXrecord
280
     1
270
     1
271
     1
  0
XRECORD
  5
16AC
102
{ACAD_REACTORS
330
16AB
102
}
330
16AB
100
AcDbXrecord
280
     1
102
DISPLAYNAME
  1
Imperial24
102
FLAGS
 90
        0
  0
CELLSTYLEMAP
  5
16A9
102
{ACAD_REACTORS
330
16A8
102
}
330
16A8
100
AcDbCellStyleMap
 90
        3
300
CELLSTYLE
  1
TABLEFORMAT_BEGIN
 90
        5
170
     1
 91
        0
 92
    32768
 62
   257
 93
        1
300
CONTENTFORMAT
  1
CONTENTFORMAT_BEGIN
 90
        0
 91
        0
 92
      512
 93
        0
300

 40
0.0
140
1.0
 94
        5
 62
     0
340
55
144
0.25
309
CONTENTFORMAT_END
171
     1
301
MARGIN
  1
CELLMARGIN_BEGIN
 40
1.5
 40
1.5
 40
1.5
 40
1.5
 40
0.18
 40
0.18
309
CELLMARGIN_END
 94
        0
309
TABLEFORMAT_END
  1
CELLSTYLE_BEGIN
 90
        1
 91
        1
300
_TITLE
309
CELLSTYLE_END
300
CELLSTYLE
  1
TABLEFORMAT_BEGIN
 90
        5
170
     1
 91
        0
 92
        0
 62
   257
 93
        1
300
CONTENTFORMAT
  1
CONTENTFORMAT_BEGIN
 90
        0
 91
        0
 92
      512
 93
        0
300

 40
0.0
140
1.0
 94
        5
 62
     0
340
55
144
0.18
309
CONTENTFORMAT_END
171
     1
301
MARGIN
  1
CELLMARGIN_BEGIN
 40
1.5
 40
1.5
 40
1.5
 40
1.5
 40
0.18
 40
0.18
309
CELLMARGIN_END
 94
        0
309
TABLEFORMAT_END
  1
CELLSTYLE_BEGIN
 90
        2
 91
        1
300
_HEADER
309
CELLSTYLE_END
300
CELLSTYLE
  1
TABLEFORMAT_BEGIN
 90
        5
170
     1
 91
        0
 92
        0
 62
   257
 93
        1
300
CONTENTFORMAT
  1
CONTENTFORMAT_BEGIN
 90
        0
 91
        0
 92
      512
 93
        0
300

 40
0.0
140
1.0
 94
        2
 62
     0
340
55
144
0.18
309
CONTENTFORMAT_END
171
     1
301
MARGIN
  1
CELLMARGIN_BEGIN
 40
1.5
 40
1.5
 40
1.5
 40
1.5
 40
0.18
 40
0.18
309
CELLMARGIN_END
 94
        0
309
TABLEFORMAT_END
  1
CELLSTYLE_BEGIN
 90
        3
 91
        2
300
_DATA
309
CELLSTYLE_END
  0
ENDSEC
  0
EOF
